USUBJID,RSTESTCD,RSORRES,RSDY,VISIT,RSCAT
S0002,TRGRESP,SD,84,TA1,RECIST 1.1 defaults (no criteria compiled; A25)
S0002,NTRGRESP,NON-CR/NON-PD,84,TA1,RECIST 1.1 defaults (no criteria compiled; A25)
S0002,NEWLPROG,Y,84,TA1,RECIST 1.1 defaults (no criteria compiled; A25)
S0002,OVRLRESP,PD,84,TA1,RECIST 1.1 defaults (no criteria compiled; A25)
S0008,TRGRESP,SD,84,TA1,RECIST 1.1 defaults (no criteria compiled; A25)
S0008,NTRGRESP,NONE,84,TA1,RECIST 1.1 defaults (no criteria compiled; A25)
S0008,NEWLPROG,N,84,TA1,RECIST 1.1 defaults (no criteria compiled; A25)
S0008,OVRLRESP,SD,84,TA1,RECIST 1.1 defaults (no criteria compiled; A25)
S0008,TRGRESP,SD,168,TA2,RECIST 1.1 defaults (no criteria compiled; A25)
S0008,NTRGRESP,NONE,168,TA2,RECIST 1.1 defaults (no criteria compiled; A25)
S0008,NEWLPROG,N,168,TA2,RECIST 1.1 defaults (no criteria compiled; A25)
S0008,OVRLRESP,SD,168,TA2,RECIST 1.1 defaults (no criteria compiled; A25)
S0008,TRGRESP,SD,252,TA3,RECIST 1.1 defaults (no criteria compiled; A25)
S0008,NTRGRESP,NONE,252,TA3,RECIST 1.1 defaults (no criteria compiled; A25)
S0008,NEWLPROG,N,252,TA3,RECIST 1.1 defaults (no criteria compiled; A25)
S0008,OVRLRESP,SD,252,TA3,RECIST 1.1 defaults (no criteria compiled; A25)
S0008,TRGRESP,PD,336,TA4,RECIST 1.1 defaults (no criteria compiled; A25)
S0008,NTRGRESP,NONE,336,TA4,RECIST 1.1 defaults (no criteria compiled; A25)
S0008,NEWLPROG,N,336,TA4,RECIST 1.1 defaults (no criteria compiled; A25)
S0008,OVRLRESP,PD,336,TA4,RECIST 1.1 defaults (no criteria compiled; A25)
S0009,TRGRESP,SD,84,TA1,RECIST 1.1 defaults (no criteria compiled; A25)
S0009,NTRGRESP,NONE,84,TA1,RECIST 1.1 defaults (no criteria compiled; A25)
S0009,NEWLPROG,N,84,TA1,RECIST 1.1 defaults (no criteria compiled; A25)
S0009,OVRLRESP,SD,84,TA1,RECIST 1.1 defaults (no criteria compiled; A25)
S0009,TRGRESP,SD,168,TA2,RECIST 1.1 defaults (no criteria compiled; A25)
S0009,NTRGRESP,NONE,168,TA2,RECIST 1.1 defaults (no criteria compiled; A25)
S0009,NEWLPROG,N,168,TA2,RECIST 1.1 defaults (no criteria compiled; A25)
S0009,OVRLRESP,SD,168,TA2,RECIST 1.1 defaults (no criteria compiled; A25)
S0009,TRGRESP,SD,252,TA3,RECIST 1.1 defaults (no criteria compiled; A25)
S0009,NTRGRESP,NONE,252,TA3,RECIST 1.1 defaults (no criteria compiled; A25)
S0009,NEWLPROG,N,252,TA3,RECIST 1.1 defaults (no criteria compiled; A25)
S0009,OVRLRESP,SD,252,TA3,RECIST 1.1 defaults (no criteria compiled; A25)
S0009,TRGRESP,SD,336,TA4,RECIST 1.1 defaults (no criteria compiled; A25)
S0009,NTRGRESP,NONE,336,TA4,RECIST 1.1 defaults (no criteria compiled; A25)
S0009,NEWLPROG,N,336,TA4,RECIST 1.1 defaults (no criteria compiled; A25)
S0009,OVRLRESP,SD,336,TA4,RECIST 1.1 defaults (no criteria compiled; A25)
S0009,TRGRESP,PD,420,TA5,RECIST 1.1 defaults (no criteria compiled; A25)
S0009,NTRGRESP,NONE,420,TA5,RECIST 1.1 defaults (no criteria compiled; A25)
S0009,NEWLPROG,N,420,TA5,RECIST 1.1 defaults (no criteria compiled; A25)
S0009,OVRLRESP,PD,420,TA5,RECIST 1.1 defaults (no criteria compiled; A25)
S0010,TRGRESP,SD,84,TA1,RECIST 1.1 defaults (no criteria compiled; A25)
S0010,NTRGRESP,NON-CR/NON-PD,84,TA1,RECIST 1.1 defaults (no criteria compiled; A25)
S0010,NEWLPROG,N,84,TA1,RECIST 1.1 defaults (no criteria compiled; A25)
S0010,OVRLRESP,SD,84,TA1,RECIST 1.1 defaults (no criteria compiled; A25)
S0010,TRGRESP,SD,168,TA2,RECIST 1.1 defaults (no criteria compiled; A25)
S0010,NTRGRESP,NON-CR/NON-PD,168,TA2,RECIST 1.1 defaults (no criteria compiled; A25)
S0010,NEWLPROG,N,168,TA2,RECIST 1.1 defaults (no criteria compiled; A25)
S0010,OVRLRESP,SD,168,TA2,RECIST 1.1 defaults (no criteria compiled; A25)
S0010,TRGRESP,SD,252,TA3,RECIST 1.1 defaults (no criteria compiled; A25)
S0010,NTRGRESP,NON-CR/NON-PD,252,TA3,RECIST 1.1 defaults (no criteria compiled; A25)
S0010,NEWLPROG,N,252,TA3,RECIST 1.1 defaults (no criteria compiled; A25)
S0010,OVRLRESP,SD,252,TA3,RECIST 1.1 defaults (no criteria compiled; A25)
S0010,TRGRESP,SD,336,TA4,RECIST 1.1 defaults (no criteria compiled; A25)
S0010,NTRGRESP,NON-CR/NON-PD,336,TA4,RECIST 1.1 defaults (no criteria compiled; A25)
S0010,NEWLPROG,Y,336,TA4,RECIST 1.1 defaults (no criteria compiled; A25)
S0010,OVRLRESP,PD,336,TA4,RECIST 1.1 defaults (no criteria compiled; A25)
S0012,TRGRESP,PD,84,TA1,RECIST 1.1 defaults (no criteria compiled; A25)
S0012,NTRGRESP,NON-CR/NON-PD,84,TA1,RECIST 1.1 defaults (no criteria compiled; A25)
S0012,NEWLPROG,N,84,TA1,RECIST 1.1 defaults (no criteria compiled; A25)
S0012,OVRLRESP,PD,84,TA1,RECIST 1.1 defaults (no criteria compiled; A25)
S0013,TRGRESP,SD,84,TA1,RECIST 1.1 defaults (no criteria compiled; A25)
S0013,NTRGRESP,NONE,84,TA1,RECIST 1.1 defaults (no criteria compiled; A25)
S0013,NEWLPROG,N,84,TA1,RECIST 1.1 defaults (no criteria compiled; A25)
S0013,OVRLRESP,SD,84,TA1,RECIST 1.1 defaults (no criteria compiled; A25)
S0013,TRGRESP,SD,168,TA2,RECIST 1.1 defaults (no criteria compiled; A25)
S0013,NTRGRESP,NONE,168,TA2,RECIST 1.1 defaults (no criteria compiled; A25)
S0013,NEWLPROG,N,168,TA2,RECIST 1.1 defaults (no criteria compiled; A25)
S0013,OVRLRESP,SD,168,TA2,RECIST 1.1 defaults (no criteria compiled; A25)
S0013,TRGRESP,SD,252,TA3,RECIST 1.1 defaults (no criteria compiled; A25)
S0013,NTRGRESP,NONE,252,TA3,RECIST 1.1 defaults (no criteria compiled; A25)
S0013,NEWLPROG,N,252,TA3,RECIST 1.1 defaults (no criteria compiled; A25)
S0013,OVRLRESP,SD,252,TA3,RECIST 1.1 defaults (no criteria compiled; A25)
S0013,TRGRESP,SD,336,TA4,RECIST 1.1 defaults (no criteria compiled; A25)
S0013,NTRGRESP,NONE,336,TA4,RECIST 1.1 defaults (no criteria compiled; A25)
S0013,NEWLPROG,Y,336,TA4,RECIST 1.1 defaults (no criteria compiled; A25)
S0013,OVRLRESP,PD,336,TA4,RECIST 1.1 defaults (no criteria compiled; A25)
S0014,TRGRESP,PR,84,TA1,RECIST 1.1 defaults (no criteria compiled; A25)
S0014,NTRGRESP,NON-CR/NON-PD,84,TA1,RECIST 1.1 defaults (no criteria compiled; A25)
S0014,NEWLPROG,Y,84,TA1,RECIST 1.1 defaults (no criteria compiled; A25)
S0014,OVRLRESP,PD,84,TA1,RECIST 1.1 defaults (no criteria compiled; A25)
S0017,TRGRESP,PD,84,TA1,RECIST 1.1 defaults (no criteria compiled; A25)
S0017,NTRGRESP,NONE,84,TA1,RECIST 1.1 defaults (no criteria compiled; A25)
S0017,NEWLPROG,N,84,TA1,RECIST 1.1 defaults (no criteria compiled; A25)
S0017,OVRLRESP,PD,84,TA1,RECIST 1.1 defaults (no criteria compiled; A25)
S0018,TRGRESP,SD,84,TA1,RECIST 1.1 defaults (no criteria compiled; A25)
S0018,NTRGRESP,NON-CR/NON-PD,84,TA1,RECIST 1.1 defaults (no criteria compiled; A25)
S0018,NEWLPROG,N,84,TA1,RECIST 1.1 defaults (no criteria compiled; A25)
S0018,OVRLRESP,SD,84,TA1,RECIST 1.1 defaults (no criteria compiled; A25)
S0018,TRGRESP,SD,168,TA2,RECIST 1.1 defaults (no criteria compiled; A25)
S0018,NTRGRESP,NON-CR/NON-PD,168,TA2,RECIST 1.1 defaults (no criteria compiled; A25)
S0018,NEWLPROG,N,168,TA2,RECIST 1.1 defaults (no criteria compiled; A25)
S0018,OVRLRESP,SD,168,TA2,RECIST 1.1 defaults (no criteria compiled; A25)
S0018,TRGRESP,PD,252,TA3,RECIST 1.1 defaults (no criteria compiled; A25)
S0018,NTRGRESP,NON-CR/NON-PD,252,TA3,RECIST 1.1 defaults (no criteria compiled; A25)
S0018,NEWLPROG,N,252,TA3,RECIST 1.1 defaults (no criteria compiled; A25)
S0018,OVRLRESP,PD,252,TA3,RECIST 1.1 defaults (no criteria compiled; A25)
S0021,TRGRESP,SD,84,TA1,RECIST 1.1 defaults (no criteria compiled; A25)
S0021,NTRGRESP,NONE,84,TA1,RECIST 1.1 defaults (no criteria compiled; A25)
S0021,NEWLPROG,N,84,TA1,RECIST 1.1 defaults (no criteria compiled; A25)
S0021,OVRLRESP,SD,84,TA1,RECIST 1.1 defaults (no criteria compiled; A25)
S0026,TRGRESP,SD,84,TA1,RECIST 1.1 defaults (no criteria compiled; A25)
S0026,NTRGRESP,NON-CR/NON-PD,84,TA1,RECIST 1.1 defaults (no criteria compiled; A25)
S0026,NEWLPROG,N,84,TA1,RECIST 1.1 defaults (no criteria compiled; A25)
S0026,OVRLRESP,SD,84,TA1,RECIST 1.1 defaults (no criteria compiled; A25)
S0026,TRGRESP,PD,168,TA2,RECIST 1.1 defaults (no criteria compiled; A25)
S0026,NTRGRESP,NON-CR/NON-PD,168,TA2,RECIST 1.1 defaults (no criteria compiled; A25)
S0026,NEWLPROG,N,168,TA2,RECIST 1.1 defaults (no criteria compiled; A25)
S0026,OVRLRESP,PD,168,TA2,RECIST 1.1 defaults (no criteria compiled; A25)
S0028,TRGRESP,SD,84,TA1,RECIST 1.1 defaults (no criteria compiled; A25)
S0028,NTRGRESP,NONE,84,TA1,RECIST 1.1 defaults (no criteria compiled; A25)
S0028,NEWLPROG,Y,84,TA1,RECIST 1.1 defaults (no criteria compiled; A25)
S0028,OVRLRESP,PD,84,TA1,RECIST 1.1 defaults (no criteria compiled; A25)
S0029,TRGRESP,SD,84,TA1,RECIST 1.1 defaults (no criteria compiled; A25)
S0029,NTRGRESP,NON-CR/NON-PD,84,TA1,RECIST 1.1 defaults (no criteria compiled; A25)
S0029,NEWLPROG,Y,84,TA1,RECIST 1.1 defaults (no criteria compiled; A25)
S0029,OVRLRESP,PD,84,TA1,RECIST 1.1 defaults (no criteria compiled; A25)
S0030,TRGRESP,SD,84,TA1,RECIST 1.1 defaults (no criteria compiled; A25)
S0030,NTRGRESP,NON-CR/NON-PD,84,TA1,RECIST 1.1 defaults (no criteria compiled; A25)
S0030,NEWLPROG,N,84,TA1,RECIST 1.1 defaults (no criteria compiled; A25)
S0030,OVRLRESP,SD,84,TA1,RECIST 1.1 defaults (no criteria compiled; A25)
S0030,TRGRESP,SD,168,TA2,RECIST 1.1 defaults (no criteria compiled; A25)
S0030,NTRGRESP,NON-CR/NON-PD,168,TA2,RECIST 1.1 defaults (no criteria compiled; A25)
S0030,NEWLPROG,Y,168,TA2,RECIST 1.1 defaults (no criteria compiled; A25)
S0030,OVRLRESP,PD,168,TA2,RECIST 1.1 defaults (no criteria compiled; A25)
S0033,TRGRESP,PR,84,TA1,RECIST 1.1 defaults (no criteria compiled; A25)
S0033,NTRGRESP,NON-CR/NON-PD,84,TA1,RECIST 1.1 defaults (no criteria compiled; A25)
S0033,NEWLPROG,N,84,TA1,RECIST 1.1 defaults (no criteria compiled; A25)
S0033,OVRLRESP,PR,84,TA1,RECIST 1.1 defaults (no criteria compiled; A25)
S0033,TRGRESP,PR,168,TA2,RECIST 1.1 defaults (no criteria compiled; A25)
S0033,NTRGRESP,NON-CR/NON-PD,168,TA2,RECIST 1.1 defaults (no criteria compiled; A25)
S0033,NEWLPROG,N,168,TA2,RECIST 1.1 defaults (no criteria compiled; A25)
S0033,OVRLRESP,PR,168,TA2,RECIST 1.1 defaults (no criteria compiled; A25)
S0035,TRGRESP,SD,84,TA1,RECIST 1.1 defaults (no criteria compiled; A25)
S0035,NTRGRESP,NON-CR/NON-PD,84,TA1,RECIST 1.1 defaults (no criteria compiled; A25)
S0035,NEWLPROG,N,84,TA1,RECIST 1.1 defaults (no criteria compiled; A25)
S0035,OVRLRESP,SD,84,TA1,RECIST 1.1 defaults (no criteria compiled; A25)
S0035,TRGRESP,SD,168,TA2,RECIST 1.1 defaults (no criteria compiled; A25)
S0035,NTRGRESP,NON-CR/NON-PD,168,TA2,RECIST 1.1 defaults (no criteria compiled; A25)
S0035,NEWLPROG,N,168,TA2,RECIST 1.1 defaults (no criteria compiled; A25)
S0035,OVRLRESP,SD,168,TA2,RECIST 1.1 defaults (no criteria compiled; A25)
S0035,TRGRESP,SD,252,TA3,RECIST 1.1 defaults (no criteria compiled; A25)
S0035,NTRGRESP,NON-CR/NON-PD,252,TA3,RECIST 1.1 defaults (no criteria compiled; A25)
S0035,NEWLPROG,N,252,TA3,RECIST 1.1 defaults (no criteria compiled; A25)
S0035,OVRLRESP,SD,252,TA3,RECIST 1.1 defaults (no criteria compiled; A25)
S0035,TRGRESP,SD,336,TA4,RECIST 1.1 defaults (no criteria compiled; A25)
S0035,NTRGRESP,NON-CR/NON-PD,336,TA4,RECIST 1.1 defaults (no criteria compiled; A25)
S0035,NEWLPROG,N,336,TA4,RECIST 1.1 defaults (no criteria compiled; A25)
S0035,OVRLRESP,SD,336,TA4,RECIST 1.1 defaults (no criteria compiled; A25)
S0035,TRGRESP,SD,420,TA5,RECIST 1.1 defaults (no criteria compiled; A25)
S0035,NTRGRESP,NON-CR/NON-PD,420,TA5,RECIST 1.1 defaults (no criteria compiled; A25)
S0035,NEWLPROG,N,420,TA5,RECIST 1.1 defaults (no criteria compiled; A25)
S0035,OVRLRESP,SD,420,TA5,RECIST 1.1 defaults (no criteria compiled; A25)
S0035,TRGRESP,SD,504,TA6,RECIST 1.1 defaults (no criteria compiled; A25)
S0035,NTRGRESP,NON-CR/NON-PD,504,TA6,RECIST 1.1 defaults (no criteria compiled; A25)
S0035,NEWLPROG,N,504,TA6,RECIST 1.1 defaults (no criteria compiled; A25)
S0035,OVRLRESP,SD,504,TA6,RECIST 1.1 defaults (no criteria compiled; A25)
S0035,TRGRESP,SD,588,TA7,RECIST 1.1 defaults (no criteria compiled; A25)
S0035,NTRGRESP,NON-CR/NON-PD,588,TA7,RECIST 1.1 defaults (no criteria compiled; A25)
S0035,NEWLPROG,N,588,TA7,RECIST 1.1 defaults (no criteria compiled; A25)
S0035,OVRLRESP,SD,588,TA7,RECIST 1.1 defaults (no criteria compiled; A25)
S0035,TRGRESP,SD,672,TA8,RECIST 1.1 defaults (no criteria compiled; A25)
S0035,NTRGRESP,NON-CR/NON-PD,672,TA8,RECIST 1.1 defaults (no criteria compiled; A25)
S0035,NEWLPROG,N,672,TA8,RECIST 1.1 defaults (no criteria compiled; A25)
S0035,OVRLRESP,SD,672,TA8,RECIST 1.1 defaults (no criteria compiled; A25)
S0035,TRGRESP,SD,756,TA9,RECIST 1.1 defaults (no criteria compiled; A25)
S0035,NTRGRESP,NON-CR/NON-PD,756,TA9,RECIST 1.1 defaults (no criteria compiled; A25)
S0035,NEWLPROG,N,756,TA9,RECIST 1.1 defaults (no criteria compiled; A25)
S0035,OVRLRESP,SD,756,TA9,RECIST 1.1 defaults (no criteria compiled; A25)
S0035,TRGRESP,SD,840,TA10,RECIST 1.1 defaults (no criteria compiled; A25)
S0035,NTRGRESP,NON-CR/NON-PD,840,TA10,RECIST 1.1 defaults (no criteria compiled; A25)
S0035,NEWLPROG,Y,840,TA10,RECIST 1.1 defaults (no criteria compiled; A25)
S0035,OVRLRESP,PD,840,TA10,RECIST 1.1 defaults (no criteria compiled; A25)
S0039,TRGRESP,SD,84,TA1,RECIST 1.1 defaults (no criteria compiled; A25)
S0039,NTRGRESP,NON-CR/NON-PD,84,TA1,RECIST 1.1 defaults (no criteria compiled; A25)
S0039,NEWLPROG,N,84,TA1,RECIST 1.1 defaults (no criteria compiled; A25)
S0039,OVRLRESP,SD,84,TA1,RECIST 1.1 defaults (no criteria compiled; A25)
S0039,TRGRESP,SD,168,TA2,RECIST 1.1 defaults (no criteria compiled; A25)
S0039,NTRGRESP,NON-CR/NON-PD,168,TA2,RECIST 1.1 defaults (no criteria compiled; A25)
S0039,NEWLPROG,N,168,TA2,RECIST 1.1 defaults (no criteria compiled; A25)
S0039,OVRLRESP,SD,168,TA2,RECIST 1.1 defaults (no criteria compiled; A25)
S0039,TRGRESP,SD,252,TA3,RECIST 1.1 defaults (no criteria compiled; A25)
S0039,NTRGRESP,NON-CR/NON-PD,252,TA3,RECIST 1.1 defaults (no criteria compiled; A25)
S0039,NEWLPROG,N,252,TA3,RECIST 1.1 defaults (no criteria compiled; A25)
S0039,OVRLRESP,SD,252,TA3,RECIST 1.1 defaults (no criteria compiled; A25)
S0039,TRGRESP,SD,336,TA4,RECIST 1.1 defaults (no criteria compiled; A25)
S0039,NTRGRESP,NON-CR/NON-PD,336,TA4,RECIST 1.1 defaults (no criteria compiled; A25)
S0039,NEWLPROG,N,336,TA4,RECIST 1.1 defaults (no criteria compiled; A25)
S0039,OVRLRESP,SD,336,TA4,RECIST 1.1 defaults (no criteria compiled; A25)
S0039,TRGRESP,PD,420,TA5,RECIST 1.1 defaults (no criteria compiled; A25)
S0039,NTRGRESP,NON-CR/NON-PD,420,TA5,RECIST 1.1 defaults (no criteria compiled; A25)
S0039,NEWLPROG,N,420,TA5,RECIST 1.1 defaults (no criteria compiled; A25)
S0039,OVRLRESP,PD,420,TA5,RECIST 1.1 defaults (no criteria compiled; A25)
S0040,TRGRESP,SD,84,TA1,RECIST 1.1 defaults (no criteria compiled; A25)
S0040,NTRGRESP,NON-CR/NON-PD,84,TA1,RECIST 1.1 defaults (no criteria compiled; A25)
S0040,NEWLPROG,N,84,TA1,RECIST 1.1 defaults (no criteria compiled; A25)
S0040,OVRLRESP,SD,84,TA1,RECIST 1.1 defaults (no criteria compiled; A25)
S0040,TRGRESP,SD,168,TA2,RECIST 1.1 defaults (no criteria compiled; A25)
S0040,NTRGRESP,NON-CR/NON-PD,168,TA2,RECIST 1.1 defaults (no criteria compiled; A25)
S0040,NEWLPROG,N,168,TA2,RECIST 1.1 defaults (no criteria compiled; A25)
S0040,OVRLRESP,SD,168,TA2,RECIST 1.1 defaults (no criteria compiled; A25)
S0040,TRGRESP,SD,252,TA3,RECIST 1.1 defaults (no criteria compiled; A25)
S0040,NTRGRESP,NON-CR/NON-PD,252,TA3,RECIST 1.1 defaults (no criteria compiled; A25)
S0040,NEWLPROG,N,252,TA3,RECIST 1.1 defaults (no criteria compiled; A25)
S0040,OVRLRESP,SD,252,TA3,RECIST 1.1 defaults (no criteria compiled; A25)
S0040,TRGRESP,SD,336,TA4,RECIST 1.1 defaults (no criteria compiled; A25)
S0040,NTRGRESP,NON-CR/NON-PD,336,TA4,RECIST 1.1 defaults (no criteria compiled; A25)
S0040,NEWLPROG,N,336,TA4,RECIST 1.1 defaults (no criteria compiled; A25)
S0040,OVRLRESP,SD,336,TA4,RECIST 1.1 defaults (no criteria compiled; A25)
S0040,TRGRESP,SD,420,TA5,RECIST 1.1 defaults (no criteria compiled; A25)
S0040,NTRGRESP,NON-CR/NON-PD,420,TA5,RECIST 1.1 defaults (no criteria compiled; A25)
S0040,NEWLPROG,N,420,TA5,RECIST 1.1 defaults (no criteria compiled; A25)
S0040,OVRLRESP,SD,420,TA5,RECIST 1.1 defaults (no criteria compiled; A25)
S0040,TRGRESP,PD,504,TA6,RECIST 1.1 defaults (no criteria compiled; A25)
S0040,NTRGRESP,NON-CR/NON-PD,504,TA6,RECIST 1.1 defaults (no criteria compiled; A25)
S0040,NEWLPROG,N,504,TA6,RECIST 1.1 defaults (no criteria compiled; A25)
S0040,OVRLRESP,PD,504,TA6,RECIST 1.1 defaults (no criteria compiled; A25)
S0041,TRGRESP,SD,84,TA1,RECIST 1.1 defaults (no criteria compiled; A25)
S0041,NTRGRESP,NON-CR/NON-PD,84,TA1,RECIST 1.1 defaults (no criteria compiled; A25)
S0041,NEWLPROG,N,84,TA1,RECIST 1.1 defaults (no criteria compiled; A25)
S0041,OVRLRESP,SD,84,TA1,RECIST 1.1 defaults (no criteria compiled; A25)
S0042,TRGRESP,SD,84,TA1,RECIST 1.1 defaults (no criteria compiled; A25)
S0042,NTRGRESP,NON-CR/NON-PD,84,TA1,RECIST 1.1 defaults (no criteria compiled; A25)
S0042,NEWLPROG,N,84,TA1,RECIST 1.1 defaults (no criteria compiled; A25)
S0042,OVRLRESP,SD,84,TA1,RECIST 1.1 defaults (no criteria compiled; A25)
S0042,TRGRESP,SD,168,TA2,RECIST 1.1 defaults (no criteria compiled; A25)
S0042,NTRGRESP,NON-CR/NON-PD,168,TA2,RECIST 1.1 defaults (no criteria compiled; A25)
S0042,NEWLPROG,N,168,TA2,RECIST 1.1 defaults (no criteria compiled; A25)
S0042,OVRLRESP,SD,168,TA2,RECIST 1.1 defaults (no criteria compiled; A25)
S0042,TRGRESP,SD,252,TA3,RECIST 1.1 defaults (no criteria compiled; A25)
S0042,NTRGRESP,NON-CR/NON-PD,252,TA3,RECIST 1.1 defaults (no criteria compiled; A25)
S0042,NEWLPROG,N,252,TA3,RECIST 1.1 defaults (no criteria compiled; A25)
S0042,OVRLRESP,SD,252,TA3,RECIST 1.1 defaults (no criteria compiled; A25)
S0042,TRGRESP,SD,336,TA4,RECIST 1.1 defaults (no criteria compiled; A25)
S0042,NTRGRESP,NON-CR/NON-PD,336,TA4,RECIST 1.1 defaults (no criteria compiled; A25)
S0042,NEWLPROG,N,336,TA4,RECIST 1.1 defaults (no criteria compiled; A25)
S0042,OVRLRESP,SD,336,TA4,RECIST 1.1 defaults (no criteria compiled; A25)
S0042,TRGRESP,SD,420,TA5,RECIST 1.1 defaults (no criteria compiled; A25)
S0042,NTRGRESP,NON-CR/NON-PD,420,TA5,RECIST 1.1 defaults (no criteria compiled; A25)
S0042,NEWLPROG,N,420,TA5,RECIST 1.1 defaults (no criteria compiled; A25)
S0042,OVRLRESP,SD,420,TA5,RECIST 1.1 defaults (no criteria compiled; A25)
S0042,TRGRESP,SD,504,TA6,RECIST 1.1 defaults (no criteria compiled; A25)
S0042,NTRGRESP,NON-CR/NON-PD,504,TA6,RECIST 1.1 defaults (no criteria compiled; A25)
S0042,NEWLPROG,N,504,TA6,RECIST 1.1 defaults (no criteria compiled; A25)
S0042,OVRLRESP,SD,504,TA6,RECIST 1.1 defaults (no criteria compiled; A25)
S0042,TRGRESP,SD,588,TA7,RECIST 1.1 defaults (no criteria compiled; A25)
S0042,NTRGRESP,NON-CR/NON-PD,588,TA7,RECIST 1.1 defaults (no criteria compiled; A25)
S0042,NEWLPROG,N,588,TA7,RECIST 1.1 defaults (no criteria compiled; A25)
S0042,OVRLRESP,SD,588,TA7,RECIST 1.1 defaults (no criteria compiled; A25)
S0042,TRGRESP,SD,672,TA8,RECIST 1.1 defaults (no criteria compiled; A25)
S0042,NTRGRESP,NON-CR/NON-PD,672,TA8,RECIST 1.1 defaults (no criteria compiled; A25)
S0042,NEWLPROG,Y,672,TA8,RECIST 1.1 defaults (no criteria compiled; A25)
S0042,OVRLRESP,PD,672,TA8,RECIST 1.1 defaults (no criteria compiled; A25)
S0045,TRGRESP,PD,84,TA1,RECIST 1.1 defaults (no criteria compiled; A25)
S0045,NTRGRESP,NON-CR/NON-PD,84,TA1,RECIST 1.1 defaults (no criteria compiled; A25)
S0045,NEWLPROG,N,84,TA1,RECIST 1.1 defaults (no criteria compiled; A25)
S0045,OVRLRESP,PD,84,TA1,RECIST 1.1 defaults (no criteria compiled; A25)
S0046,TRGRESP,PD,84,TA1,RECIST 1.1 defaults (no criteria compiled; A25)
S0046,NTRGRESP,NON-CR/NON-PD,84,TA1,RECIST 1.1 defaults (no criteria compiled; A25)
S0046,NEWLPROG,N,84,TA1,RECIST 1.1 defaults (no criteria compiled; A25)
S0046,OVRLRESP,PD,84,TA1,RECIST 1.1 defaults (no criteria compiled; A25)
S0048,TRGRESP,SD,84,TA1,RECIST 1.1 defaults (no criteria compiled; A25)
S0048,NTRGRESP,NON-CR/NON-PD,84,TA1,RECIST 1.1 defaults (no criteria compiled; A25)
S0048,NEWLPROG,N,84,TA1,RECIST 1.1 defaults (no criteria compiled; A25)
S0048,OVRLRESP,SD,84,TA1,RECIST 1.1 defaults (no criteria compiled; A25)
S0048,TRGRESP,SD,168,TA2,RECIST 1.1 defaults (no criteria compiled; A25)
S0048,NTRGRESP,NON-CR/NON-PD,168,TA2,RECIST 1.1 defaults (no criteria compiled; A25)
S0048,NEWLPROG,N,168,TA2,RECIST 1.1 defaults (no criteria compiled; A25)
S0048,OVRLRESP,SD,168,TA2,RECIST 1.1 defaults (no criteria compiled; A25)
S0048,TRGRESP,SD,252,TA3,RECIST 1.1 defaults (no criteria compiled; A25)
S0048,NTRGRESP,NON-CR/NON-PD,252,TA3,RECIST 1.1 defaults (no criteria compiled; A25)
S0048,NEWLPROG,N,252,TA3,RECIST 1.1 defaults (no criteria compiled; A25)
S0048,OVRLRESP,SD,252,TA3,RECIST 1.1 defaults (no criteria compiled; A25)
S0049,TRGRESP,SD,84,TA1,RECIST 1.1 defaults (no criteria compiled; A25)
S0049,NTRGRESP,NON-CR/NON-PD,84,TA1,RECIST 1.1 defaults (no criteria compiled; A25)
S0049,NEWLPROG,Y,84,TA1,RECIST 1.1 defaults (no criteria compiled; A25)
S0049,OVRLRESP,PD,84,TA1,RECIST 1.1 defaults (no criteria compiled; A25)
S0053,TRGRESP,SD,84,TA1,RECIST 1.1 defaults (no criteria compiled; A25)
S0053,NTRGRESP,NON-CR/NON-PD,84,TA1,RECIST 1.1 defaults (no criteria compiled; A25)
S0053,NEWLPROG,N,84,TA1,RECIST 1.1 defaults (no criteria compiled; A25)
S0053,OVRLRESP,SD,84,TA1,RECIST 1.1 defaults (no criteria compiled; A25)
S0053,TRGRESP,PR,168,TA2,RECIST 1.1 defaults (no criteria compiled; A25)
S0053,NTRGRESP,NON-CR/NON-PD,168,TA2,RECIST 1.1 defaults (no criteria compiled; A25)
S0053,NEWLPROG,N,168,TA2,RECIST 1.1 defaults (no criteria compiled; A25)
S0053,OVRLRESP,PR,168,TA2,RECIST 1.1 defaults (no criteria compiled; A25)
S0053,TRGRESP,PR,252,TA3,RECIST 1.1 defaults (no criteria compiled; A25)
S0053,NTRGRESP,NON-CR/NON-PD,252,TA3,RECIST 1.1 defaults (no criteria compiled; A25)
S0053,NEWLPROG,N,252,TA3,RECIST 1.1 defaults (no criteria compiled; A25)
S0053,OVRLRESP,PR,252,TA3,RECIST 1.1 defaults (no criteria compiled; A25)
S0053,TRGRESP,PR,336,TA4,RECIST 1.1 defaults (no criteria compiled; A25)
S0053,NTRGRESP,NON-CR/NON-PD,336,TA4,RECIST 1.1 defaults (no criteria compiled; A25)
S0053,NEWLPROG,N,336,TA4,RECIST 1.1 defaults (no criteria compiled; A25)
S0053,OVRLRESP,PR,336,TA4,RECIST 1.1 defaults (no criteria compiled; A25)
S0055,TRGRESP,SD,84,TA1,RECIST 1.1 defaults (no criteria compiled; A25)
S0055,NTRGRESP,NON-CR/NON-PD,84,TA1,RECIST 1.1 defaults (no criteria compiled; A25)
S0055,NEWLPROG,N,84,TA1,RECIST 1.1 defaults (no criteria compiled; A25)
S0055,OVRLRESP,SD,84,TA1,RECIST 1.1 defaults (no criteria compiled; A25)
S0057,TRGRESP,SD,84,TA1,RECIST 1.1 defaults (no criteria compiled; A25)
S0057,NTRGRESP,NON-CR/NON-PD,84,TA1,RECIST 1.1 defaults (no criteria compiled; A25)
S0057,NEWLPROG,N,84,TA1,RECIST 1.1 defaults (no criteria compiled; A25)
S0057,OVRLRESP,SD,84,TA1,RECIST 1.1 defaults (no criteria compiled; A25)
S0001,TRGRESP,PR,84,TA1,RECIST 1.1 defaults (no criteria compiled; A25)
S0001,NTRGRESP,NON-CR/NON-PD,84,TA1,RECIST 1.1 defaults (no criteria compiled; A25)
S0001,NEWLPROG,N,84,TA1,RECIST 1.1 defaults (no criteria compiled; A25)
S0001,OVRLRESP,PR,84,TA1,RECIST 1.1 defaults (no criteria compiled; A25)
S0001,TRGRESP,CR,168,TA2,RECIST 1.1 defaults (no criteria compiled; A25)
S0001,NTRGRESP,CR,168,TA2,RECIST 1.1 defaults (no criteria compiled; A25)
S0001,NEWLPROG,N,168,TA2,RECIST 1.1 defaults (no criteria compiled; A25)
S0001,OVRLRESP,CR,168,TA2,RECIST 1.1 defaults (no criteria compiled; A25)
S0001,TRGRESP,PR,252,TA3,RECIST 1.1 defaults (no criteria compiled; A25)
S0001,NTRGRESP,CR,252,TA3,RECIST 1.1 defaults (no criteria compiled; A25)
S0001,NEWLPROG,N,252,TA3,RECIST 1.1 defaults (no criteria compiled; A25)
S0001,OVRLRESP,PR,252,TA3,RECIST 1.1 defaults (no criteria compiled; A25)
S0001,TRGRESP,PR,336,TA4,RECIST 1.1 defaults (no criteria compiled; A25)
S0001,NTRGRESP,CR,336,TA4,RECIST 1.1 defaults (no criteria compiled; A25)
S0001,NEWLPROG,N,336,TA4,RECIST 1.1 defaults (no criteria compiled; A25)
S0001,OVRLRESP,PR,336,TA4,RECIST 1.1 defaults (no criteria compiled; A25)
S0001,TRGRESP,PR,420,TA5,RECIST 1.1 defaults (no criteria compiled; A25)
S0001,NTRGRESP,CR,420,TA5,RECIST 1.1 defaults (no criteria compiled; A25)
S0001,NEWLPROG,N,420,TA5,RECIST 1.1 defaults (no criteria compiled; A25)
S0001,OVRLRESP,PR,420,TA5,RECIST 1.1 defaults (no criteria compiled; A25)
S0001,TRGRESP,PR,504,TA6,RECIST 1.1 defaults (no criteria compiled; A25)
S0001,NTRGRESP,CR,504,TA6,RECIST 1.1 defaults (no criteria compiled; A25)
S0001,NEWLPROG,N,504,TA6,RECIST 1.1 defaults (no criteria compiled; A25)
S0001,OVRLRESP,PR,504,TA6,RECIST 1.1 defaults (no criteria compiled; A25)
S0001,TRGRESP,PR,588,TA7,RECIST 1.1 defaults (no criteria compiled; A25)
S0001,NTRGRESP,CR,588,TA7,RECIST 1.1 defaults (no criteria compiled; A25)
S0001,NEWLPROG,N,588,TA7,RECIST 1.1 defaults (no criteria compiled; A25)
S0001,OVRLRESP,PR,588,TA7,RECIST 1.1 defaults (no criteria compiled; A25)
S0001,TRGRESP,PR,672,TA8,RECIST 1.1 defaults (no criteria compiled; A25)
S0001,NTRGRESP,CR,672,TA8,RECIST 1.1 defaults (no criteria compiled; A25)
S0001,NEWLPROG,N,672,TA8,RECIST 1.1 defaults (no criteria compiled; A25)
S0001,OVRLRESP,PR,672,TA8,RECIST 1.1 defaults (no criteria compiled; A25)
S0001,TRGRESP,PR,756,TA9,RECIST 1.1 defaults (no criteria compiled; A25)
S0001,NTRGRESP,CR,756,TA9,RECIST 1.1 defaults (no criteria compiled; A25)
S0001,NEWLPROG,N,756,TA9,RECIST 1.1 defaults (no criteria compiled; A25)
S0001,OVRLRESP,PR,756,TA9,RECIST 1.1 defaults (no criteria compiled; A25)
S0001,TRGRESP,PR,840,TA10,RECIST 1.1 defaults (no criteria compiled; A25)
S0001,NTRGRESP,CR,840,TA10,RECIST 1.1 defaults (no criteria compiled; A25)
S0001,NEWLPROG,N,840,TA10,RECIST 1.1 defaults (no criteria compiled; A25)
S0001,OVRLRESP,PR,840,TA10,RECIST 1.1 defaults (no criteria compiled; A25)
S0001,TRGRESP,PR,924,TA11,RECIST 1.1 defaults (no criteria compiled; A25)
S0001,NTRGRESP,CR,924,TA11,RECIST 1.1 defaults (no criteria compiled; A25)
S0001,NEWLPROG,N,924,TA11,RECIST 1.1 defaults (no criteria compiled; A25)
S0001,OVRLRESP,PR,924,TA11,RECIST 1.1 defaults (no criteria compiled; A25)
S0001,TRGRESP,PR,1008,TA12,RECIST 1.1 defaults (no criteria compiled; A25)
S0001,NTRGRESP,CR,1008,TA12,RECIST 1.1 defaults (no criteria compiled; A25)
S0001,NEWLPROG,N,1008,TA12,RECIST 1.1 defaults (no criteria compiled; A25)
S0001,OVRLRESP,PR,1008,TA12,RECIST 1.1 defaults (no criteria compiled; A25)
S0001,TRGRESP,PR,1092,TA13,RECIST 1.1 defaults (no criteria compiled; A25)
S0001,NTRGRESP,CR,1092,TA13,RECIST 1.1 defaults (no criteria compiled; A25)
S0001,NEWLPROG,N,1092,TA13,RECIST 1.1 defaults (no criteria compiled; A25)
S0001,OVRLRESP,PR,1092,TA13,RECIST 1.1 defaults (no criteria compiled; A25)
S0001,TRGRESP,PR,1176,TA14,RECIST 1.1 defaults (no criteria compiled; A25)
S0001,NTRGRESP,CR,1176,TA14,RECIST 1.1 defaults (no criteria compiled; A25)
S0001,NEWLPROG,N,1176,TA14,RECIST 1.1 defaults (no criteria compiled; A25)
S0001,OVRLRESP,PR,1176,TA14,RECIST 1.1 defaults (no criteria compiled; A25)
S0001,TRGRESP,PR,1260,TA15,RECIST 1.1 defaults (no criteria compiled; A25)
S0001,NTRGRESP,CR,1260,TA15,RECIST 1.1 defaults (no criteria compiled; A25)
S0001,NEWLPROG,N,1260,TA15,RECIST 1.1 defaults (no criteria compiled; A25)
S0001,OVRLRESP,PR,1260,TA15,RECIST 1.1 defaults (no criteria compiled; A25)
S0001,TRGRESP,PR,1344,TA16,RECIST 1.1 defaults (no criteria compiled; A25)
S0001,NTRGRESP,CR,1344,TA16,RECIST 1.1 defaults (no criteria compiled; A25)
S0001,NEWLPROG,N,1344,TA16,RECIST 1.1 defaults (no criteria compiled; A25)
S0001,OVRLRESP,PR,1344,TA16,RECIST 1.1 defaults (no criteria compiled; A25)
S0003,TRGRESP,PR,84,TA1,RECIST 1.1 defaults (no criteria compiled; A25)
S0003,NTRGRESP,NONE,84,TA1,RECIST 1.1 defaults (no criteria compiled; A25)
S0003,NEWLPROG,N,84,TA1,RECIST 1.1 defaults (no criteria compiled; A25)
S0003,OVRLRESP,PR,84,TA1,RECIST 1.1 defaults (no criteria compiled; A25)
S0003,TRGRESP,PD,168,TA2,RECIST 1.1 defaults (no criteria compiled; A25)
S0003,NTRGRESP,NONE,168,TA2,RECIST 1.1 defaults (no criteria compiled; A25)
S0003,NEWLPROG,N,168,TA2,RECIST 1.1 defaults (no criteria compiled; A25)
S0003,OVRLRESP,PD,168,TA2,RECIST 1.1 defaults (no criteria compiled; A25)
S0005,TRGRESP,SD,84,TA1,RECIST 1.1 defaults (no criteria compiled; A25)
S0005,NTRGRESP,NON-CR/NON-PD,84,TA1,RECIST 1.1 defaults (no criteria compiled; A25)
S0005,NEWLPROG,N,84,TA1,RECIST 1.1 defaults (no criteria compiled; A25)
S0005,OVRLRESP,SD,84,TA1,RECIST 1.1 defaults (no criteria compiled; A25)
S0005,TRGRESP,SD,168,TA2,RECIST 1.1 defaults (no criteria compiled; A25)
S0005,NTRGRESP,NON-CR/NON-PD,168,TA2,RECIST 1.1 defaults (no criteria compiled; A25)
S0005,NEWLPROG,N,168,TA2,RECIST 1.1 defaults (no criteria compiled; A25)
S0005,OVRLRESP,SD,168,TA2,RECIST 1.1 defaults (no criteria compiled; A25)
S0005,TRGRESP,SD,252,TA3,RECIST 1.1 defaults (no criteria compiled; A25)
S0005,NTRGRESP,NON-CR/NON-PD,252,TA3,RECIST 1.1 defaults (no criteria compiled; A25)
S0005,NEWLPROG,N,252,TA3,RECIST 1.1 defaults (no criteria compiled; A25)
S0005,OVRLRESP,SD,252,TA3,RECIST 1.1 defaults (no criteria compiled; A25)
S0005,TRGRESP,SD,336,TA4,RECIST 1.1 defaults (no criteria compiled; A25)
S0005,NTRGRESP,NON-CR/NON-PD,336,TA4,RECIST 1.1 defaults (no criteria compiled; A25)
S0005,NEWLPROG,N,336,TA4,RECIST 1.1 defaults (no criteria compiled; A25)
S0005,OVRLRESP,SD,336,TA4,RECIST 1.1 defaults (no criteria compiled; A25)
S0005,TRGRESP,SD,420,TA5,RECIST 1.1 defaults (no criteria compiled; A25)
S0005,NTRGRESP,NON-CR/NON-PD,420,TA5,RECIST 1.1 defaults (no criteria compiled; A25)
S0005,NEWLPROG,N,420,TA5,RECIST 1.1 defaults (no criteria compiled; A25)
S0005,OVRLRESP,SD,420,TA5,RECIST 1.1 defaults (no criteria compiled; A25)
S0005,TRGRESP,SD,504,TA6,RECIST 1.1 defaults (no criteria compiled; A25)
S0005,NTRGRESP,NON-CR/NON-PD,504,TA6,RECIST 1.1 defaults (no criteria compiled; A25)
S0005,NEWLPROG,N,504,TA6,RECIST 1.1 defaults (no criteria compiled; A25)
S0005,OVRLRESP,SD,504,TA6,RECIST 1.1 defaults (no criteria compiled; A25)
S0005,TRGRESP,SD,588,TA7,RECIST 1.1 defaults (no criteria compiled; A25)
S0005,NTRGRESP,NON-CR/NON-PD,588,TA7,RECIST 1.1 defaults (no criteria compiled; A25)
S0005,NEWLPROG,N,588,TA7,RECIST 1.1 defaults (no criteria compiled; A25)
S0005,OVRLRESP,SD,588,TA7,RECIST 1.1 defaults (no criteria compiled; A25)
S0005,TRGRESP,SD,672,TA8,RECIST 1.1 defaults (no criteria compiled; A25)
S0005,NTRGRESP,NON-CR/NON-PD,672,TA8,RECIST 1.1 defaults (no criteria compiled; A25)
S0005,NEWLPROG,N,672,TA8,RECIST 1.1 defaults (no criteria compiled; A25)
S0005,OVRLRESP,SD,672,TA8,RECIST 1.1 defaults (no criteria compiled; A25)
S0005,TRGRESP,SD,756,TA9,RECIST 1.1 defaults (no criteria compiled; A25)
S0005,NTRGRESP,NON-CR/NON-PD,756,TA9,RECIST 1.1 defaults (no criteria compiled; A25)
S0005,NEWLPROG,Y,756,TA9,RECIST 1.1 defaults (no criteria compiled; A25)
S0005,OVRLRESP,PD,756,TA9,RECIST 1.1 defaults (no criteria compiled; A25)
S0006,TRGRESP,SD,84,TA1,RECIST 1.1 defaults (no criteria compiled; A25)
S0006,NTRGRESP,NON-CR/NON-PD,84,TA1,RECIST 1.1 defaults (no criteria compiled; A25)
S0006,NEWLPROG,N,84,TA1,RECIST 1.1 defaults (no criteria compiled; A25)
S0006,OVRLRESP,SD,84,TA1,RECIST 1.1 defaults (no criteria compiled; A25)
S0006,TRGRESP,SD,168,TA2,RECIST 1.1 defaults (no criteria compiled; A25)
S0006,NTRGRESP,NON-CR/NON-PD,168,TA2,RECIST 1.1 defaults (no criteria compiled; A25)
S0006,NEWLPROG,N,168,TA2,RECIST 1.1 defaults (no criteria compiled; A25)
S0006,OVRLRESP,SD,168,TA2,RECIST 1.1 defaults (no criteria compiled; A25)
S0006,TRGRESP,SD,252,TA3,RECIST 1.1 defaults (no criteria compiled; A25)
S0006,NTRGRESP,NON-CR/NON-PD,252,TA3,RECIST 1.1 defaults (no criteria compiled; A25)
S0006,NEWLPROG,N,252,TA3,RECIST 1.1 defaults (no criteria compiled; A25)
S0006,OVRLRESP,SD,252,TA3,RECIST 1.1 defaults (no criteria compiled; A25)
S0006,TRGRESP,SD,336,TA4,RECIST 1.1 defaults (no criteria compiled; A25)
S0006,NTRGRESP,NON-CR/NON-PD,336,TA4,RECIST 1.1 defaults (no criteria compiled; A25)
S0006,NEWLPROG,N,336,TA4,RECIST 1.1 defaults (no criteria compiled; A25)
S0006,OVRLRESP,SD,336,TA4,RECIST 1.1 defaults (no criteria compiled; A25)
S0006,TRGRESP,SD,420,TA5,RECIST 1.1 defaults (no criteria compiled; A25)
S0006,NTRGRESP,NON-CR/NON-PD,420,TA5,RECIST 1.1 defaults (no criteria compiled; A25)
S0006,NEWLPROG,N,420,TA5,RECIST 1.1 defaults (no criteria compiled; A25)
S0006,OVRLRESP,SD,420,TA5,RECIST 1.1 defaults (no criteria compiled; A25)
S0006,TRGRESP,SD,504,TA6,RECIST 1.1 defaults (no criteria compiled; A25)
S0006,NTRGRESP,NON-CR/NON-PD,504,TA6,RECIST 1.1 defaults (no criteria compiled; A25)
S0006,NEWLPROG,N,504,TA6,RECIST 1.1 defaults (no criteria compiled; A25)
S0006,OVRLRESP,SD,504,TA6,RECIST 1.1 defaults (no criteria compiled; A25)
S0006,TRGRESP,SD,588,TA7,RECIST 1.1 defaults (no criteria compiled; A25)
S0006,NTRGRESP,NON-CR/NON-PD,588,TA7,RECIST 1.1 defaults (no criteria compiled; A25)
S0006,NEWLPROG,N,588,TA7,RECIST 1.1 defaults (no criteria compiled; A25)
S0006,OVRLRESP,SD,588,TA7,RECIST 1.1 defaults (no criteria compiled; A25)
S0006,TRGRESP,SD,672,TA8,RECIST 1.1 defaults (no criteria compiled; A25)
S0006,NTRGRESP,NON-CR/NON-PD,672,TA8,RECIST 1.1 defaults (no criteria compiled; A25)
S0006,NEWLPROG,N,672,TA8,RECIST 1.1 defaults (no criteria compiled; A25)
S0006,OVRLRESP,SD,672,TA8,RECIST 1.1 defaults (no criteria compiled; A25)
S0006,TRGRESP,PD,756,TA9,RECIST 1.1 defaults (no criteria compiled; A25)
S0006,NTRGRESP,NON-CR/NON-PD,756,TA9,RECIST 1.1 defaults (no criteria compiled; A25)
S0006,NEWLPROG,N,756,TA9,RECIST 1.1 defaults (no criteria compiled; A25)
S0006,OVRLRESP,PD,756,TA9,RECIST 1.1 defaults (no criteria compiled; A25)
S0007,TRGRESP,SD,84,TA1,RECIST 1.1 defaults (no criteria compiled; A25)
S0007,NTRGRESP,NON-CR/NON-PD,84,TA1,RECIST 1.1 defaults (no criteria compiled; A25)
S0007,NEWLPROG,N,84,TA1,RECIST 1.1 defaults (no criteria compiled; A25)
S0007,OVRLRESP,SD,84,TA1,RECIST 1.1 defaults (no criteria compiled; A25)
S0007,TRGRESP,SD,168,TA2,RECIST 1.1 defaults (no criteria compiled; A25)
S0007,NTRGRESP,NON-CR/NON-PD,168,TA2,RECIST 1.1 defaults (no criteria compiled; A25)
S0007,NEWLPROG,N,168,TA2,RECIST 1.1 defaults (no criteria compiled; A25)
S0007,OVRLRESP,SD,168,TA2,RECIST 1.1 defaults (no criteria compiled; A25)
S0007,TRGRESP,SD,252,TA3,RECIST 1.1 defaults (no criteria compiled; A25)
S0007,NTRGRESP,NON-CR/NON-PD,252,TA3,RECIST 1.1 defaults (no criteria compiled; A25)
S0007,NEWLPROG,N,252,TA3,RECIST 1.1 defaults (no criteria compiled; A25)
S0007,OVRLRESP,SD,252,TA3,RECIST 1.1 defaults (no criteria compiled; A25)
S0007,TRGRESP,SD,336,TA4,RECIST 1.1 defaults (no criteria compiled; A25)
S0007,NTRGRESP,NON-CR/NON-PD,336,TA4,RECIST 1.1 defaults (no criteria compiled; A25)
S0007,NEWLPROG,N,336,TA4,RECIST 1.1 defaults (no criteria compiled; A25)
S0007,OVRLRESP,SD,336,TA4,RECIST 1.1 defaults (no criteria compiled; A25)
S0007,TRGRESP,SD,420,TA5,RECIST 1.1 defaults (no criteria compiled; A25)
S0007,NTRGRESP,NON-CR/NON-PD,420,TA5,RECIST 1.1 defaults (no criteria compiled; A25)
S0007,NEWLPROG,N,420,TA5,RECIST 1.1 defaults (no criteria compiled; A25)
S0007,OVRLRESP,SD,420,TA5,RECIST 1.1 defaults (no criteria compiled; A25)
S0007,TRGRESP,PD,504,TA6,RECIST 1.1 defaults (no criteria compiled; A25)
S0007,NTRGRESP,NON-CR/NON-PD,504,TA6,RECIST 1.1 defaults (no criteria compiled; A25)
S0007,NEWLPROG,N,504,TA6,RECIST 1.1 defaults (no criteria compiled; A25)
S0007,OVRLRESP,PD,504,TA6,RECIST 1.1 defaults (no criteria compiled; A25)
S0011,TRGRESP,SD,84,TA1,RECIST 1.1 defaults (no criteria compiled; A25)
S0011,NTRGRESP,NON-CR/NON-PD,84,TA1,RECIST 1.1 defaults (no criteria compiled; A25)
S0011,NEWLPROG,N,84,TA1,RECIST 1.1 defaults (no criteria compiled; A25)
S0011,OVRLRESP,SD,84,TA1,RECIST 1.1 defaults (no criteria compiled; A25)
S0011,TRGRESP,SD,168,TA2,RECIST 1.1 defaults (no criteria compiled; A25)
S0011,NTRGRESP,NON-CR/NON-PD,168,TA2,RECIST 1.1 defaults (no criteria compiled; A25)
S0011,NEWLPROG,N,168,TA2,RECIST 1.1 defaults (no criteria compiled; A25)
S0011,OVRLRESP,SD,168,TA2,RECIST 1.1 defaults (no criteria compiled; A25)
S0011,TRGRESP,SD,252,TA3,RECIST 1.1 defaults (no criteria compiled; A25)
S0011,NTRGRESP,NON-CR/NON-PD,252,TA3,RECIST 1.1 defaults (no criteria compiled; A25)
S0011,NEWLPROG,N,252,TA3,RECIST 1.1 defaults (no criteria compiled; A25)
S0011,OVRLRESP,SD,252,TA3,RECIST 1.1 defaults (no criteria compiled; A25)
S0011,TRGRESP,SD,336,TA4,RECIST 1.1 defaults (no criteria compiled; A25)
S0011,NTRGRESP,NON-CR/NON-PD,336,TA4,RECIST 1.1 defaults (no criteria compiled; A25)
S0011,NEWLPROG,N,336,TA4,RECIST 1.1 defaults (no criteria compiled; A25)
S0011,OVRLRESP,SD,336,TA4,RECIST 1.1 defaults (no criteria compiled; A25)
S0011,TRGRESP,SD,420,TA5,RECIST 1.1 defaults (no criteria compiled; A25)
S0011,NTRGRESP,NON-CR/NON-PD,420,TA5,RECIST 1.1 defaults (no criteria compiled; A25)
S0011,NEWLPROG,N,420,TA5,RECIST 1.1 defaults (no criteria compiled; A25)
S0011,OVRLRESP,SD,420,TA5,RECIST 1.1 defaults (no criteria compiled; A25)
S0011,TRGRESP,PD,504,TA6,RECIST 1.1 defaults (no criteria compiled; A25)
S0011,NTRGRESP,NON-CR/NON-PD,504,TA6,RECIST 1.1 defaults (no criteria compiled; A25)
S0011,NEWLPROG,N,504,TA6,RECIST 1.1 defaults (no criteria compiled; A25)
S0011,OVRLRESP,PD,504,TA6,RECIST 1.1 defaults (no criteria compiled; A25)
S0016,TRGRESP,SD,84,TA1,RECIST 1.1 defaults (no criteria compiled; A25)
S0016,NTRGRESP,NON-CR/NON-PD,84,TA1,RECIST 1.1 defaults (no criteria compiled; A25)
S0016,NEWLPROG,Y,84,TA1,RECIST 1.1 defaults (no criteria compiled; A25)
S0016,OVRLRESP,PD,84,TA1,RECIST 1.1 defaults (no criteria compiled; A25)
S0019,TRGRESP,PD,84,TA1,RECIST 1.1 defaults (no criteria compiled; A25)
S0019,NTRGRESP,NON-CR/NON-PD,84,TA1,RECIST 1.1 defaults (no criteria compiled; A25)
S0019,NEWLPROG,N,84,TA1,RECIST 1.1 defaults (no criteria compiled; A25)
S0019,OVRLRESP,PD,84,TA1,RECIST 1.1 defaults (no criteria compiled; A25)
S0020,TRGRESP,PR,84,TA1,RECIST 1.1 defaults (no criteria compiled; A25)
S0020,NTRGRESP,NON-CR/NON-PD,84,TA1,RECIST 1.1 defaults (no criteria compiled; A25)
S0020,NEWLPROG,N,84,TA1,RECIST 1.1 defaults (no criteria compiled; A25)
S0020,OVRLRESP,PR,84,TA1,RECIST 1.1 defaults (no criteria compiled; A25)
S0020,TRGRESP,PR,168,TA2,RECIST 1.1 defaults (no criteria compiled; A25)
S0020,NTRGRESP,NON-CR/NON-PD,168,TA2,RECIST 1.1 defaults (no criteria compiled; A25)
S0020,NEWLPROG,N,168,TA2,RECIST 1.1 defaults (no criteria compiled; A25)
S0020,OVRLRESP,PR,168,TA2,RECIST 1.1 defaults (no criteria compiled; A25)
S0020,TRGRESP,PR,252,TA3,RECIST 1.1 defaults (no criteria compiled; A25)
S0020,NTRGRESP,NON-CR/NON-PD,252,TA3,RECIST 1.1 defaults (no criteria compiled; A25)
S0020,NEWLPROG,N,252,TA3,RECIST 1.1 defaults (no criteria compiled; A25)
S0020,OVRLRESP,PR,252,TA3,RECIST 1.1 defaults (no criteria compiled; A25)
S0020,TRGRESP,PR,336,TA4,RECIST 1.1 defaults (no criteria compiled; A25)
S0020,NTRGRESP,NON-CR/NON-PD,336,TA4,RECIST 1.1 defaults (no criteria compiled; A25)
S0020,NEWLPROG,N,336,TA4,RECIST 1.1 defaults (no criteria compiled; A25)
S0020,OVRLRESP,PR,336,TA4,RECIST 1.1 defaults (no criteria compiled; A25)
S0020,TRGRESP,PR,420,TA5,RECIST 1.1 defaults (no criteria compiled; A25)
S0020,NTRGRESP,NON-CR/NON-PD,420,TA5,RECIST 1.1 defaults (no criteria compiled; A25)
S0020,NEWLPROG,N,420,TA5,RECIST 1.1 defaults (no criteria compiled; A25)
S0020,OVRLRESP,PR,420,TA5,RECIST 1.1 defaults (no criteria compiled; A25)
S0020,TRGRESP,PR,504,TA6,RECIST 1.1 defaults (no criteria compiled; A25)
S0020,NTRGRESP,NON-CR/NON-PD,504,TA6,RECIST 1.1 defaults (no criteria compiled; A25)
S0020,NEWLPROG,N,504,TA6,RECIST 1.1 defaults (no criteria compiled; A25)
S0020,OVRLRESP,PR,504,TA6,RECIST 1.1 defaults (no criteria compiled; A25)
S0020,TRGRESP,PR,588,TA7,RECIST 1.1 defaults (no criteria compiled; A25)
S0020,NTRGRESP,NON-CR/NON-PD,588,TA7,RECIST 1.1 defaults (no criteria compiled; A25)
S0020,NEWLPROG,N,588,TA7,RECIST 1.1 defaults (no criteria compiled; A25)
S0020,OVRLRESP,PR,588,TA7,RECIST 1.1 defaults (no criteria compiled; A25)
S0020,TRGRESP,PR,672,TA8,RECIST 1.1 defaults (no criteria compiled; A25)
S0020,NTRGRESP,NON-CR/NON-PD,672,TA8,RECIST 1.1 defaults (no criteria compiled; A25)
S0020,NEWLPROG,N,672,TA8,RECIST 1.1 defaults (no criteria compiled; A25)
S0020,OVRLRESP,PR,672,TA8,RECIST 1.1 defaults (no criteria compiled; A25)
S0020,TRGRESP,PR,756,TA9,RECIST 1.1 defaults (no criteria compiled; A25)
S0020,NTRGRESP,NON-CR/NON-PD,756,TA9,RECIST 1.1 defaults (no criteria compiled; A25)
S0020,NEWLPROG,N,756,TA9,RECIST 1.1 defaults (no criteria compiled; A25)
S0020,OVRLRESP,PR,756,TA9,RECIST 1.1 defaults (no criteria compiled; A25)
S0020,TRGRESP,PR,840,TA10,RECIST 1.1 defaults (no criteria compiled; A25)
S0020,NTRGRESP,NON-CR/NON-PD,840,TA10,RECIST 1.1 defaults (no criteria compiled; A25)
S0020,NEWLPROG,N,840,TA10,RECIST 1.1 defaults (no criteria compiled; A25)
S0020,OVRLRESP,PR,840,TA10,RECIST 1.1 defaults (no criteria compiled; A25)
S0020,TRGRESP,PR,924,TA11,RECIST 1.1 defaults (no criteria compiled; A25)
S0020,NTRGRESP,NON-CR/NON-PD,924,TA11,RECIST 1.1 defaults (no criteria compiled; A25)
S0020,NEWLPROG,N,924,TA11,RECIST 1.1 defaults (no criteria compiled; A25)
S0020,OVRLRESP,PR,924,TA11,RECIST 1.1 defaults (no criteria compiled; A25)
S0020,TRGRESP,PR,1008,TA12,RECIST 1.1 defaults (no criteria compiled; A25)
S0020,NTRGRESP,NON-CR/NON-PD,1008,TA12,RECIST 1.1 defaults (no criteria compiled; A25)
S0020,NEWLPROG,N,1008,TA12,RECIST 1.1 defaults (no criteria compiled; A25)
S0020,OVRLRESP,PR,1008,TA12,RECIST 1.1 defaults (no criteria compiled; A25)
S0020,TRGRESP,PR,1092,TA13,RECIST 1.1 defaults (no criteria compiled; A25)
S0020,NTRGRESP,NON-CR/NON-PD,1092,TA13,RECIST 1.1 defaults (no criteria compiled; A25)
S0020,NEWLPROG,N,1092,TA13,RECIST 1.1 defaults (no criteria compiled; A25)
S0020,OVRLRESP,PR,1092,TA13,RECIST 1.1 defaults (no criteria compiled; A25)
S0020,TRGRESP,PR,1176,TA14,RECIST 1.1 defaults (no criteria compiled; A25)
S0020,NTRGRESP,NON-CR/NON-PD,1176,TA14,RECIST 1.1 defaults (no criteria compiled; A25)
S0020,NEWLPROG,N,1176,TA14,RECIST 1.1 defaults (no criteria compiled; A25)
S0020,OVRLRESP,PR,1176,TA14,RECIST 1.1 defaults (no criteria compiled; A25)
S0022,TRGRESP,PR,84,TA1,RECIST 1.1 defaults (no criteria compiled; A25)
S0022,NTRGRESP,NONE,84,TA1,RECIST 1.1 defaults (no criteria compiled; A25)
S0022,NEWLPROG,Y,84,TA1,RECIST 1.1 defaults (no criteria compiled; A25)
S0022,OVRLRESP,PD,84,TA1,RECIST 1.1 defaults (no criteria compiled; A25)
S0023,TRGRESP,PR,84,TA1,RECIST 1.1 defaults (no criteria compiled; A25)
S0023,NTRGRESP,NON-CR/NON-PD,84,TA1,RECIST 1.1 defaults (no criteria compiled; A25)
S0023,NEWLPROG,N,84,TA1,RECIST 1.1 defaults (no criteria compiled; A25)
S0023,OVRLRESP,PR,84,TA1,RECIST 1.1 defaults (no criteria compiled; A25)
S0024,TRGRESP,SD,84,TA1,RECIST 1.1 defaults (no criteria compiled; A25)
S0024,NTRGRESP,NON-CR/NON-PD,84,TA1,RECIST 1.1 defaults (no criteria compiled; A25)
S0024,NEWLPROG,N,84,TA1,RECIST 1.1 defaults (no criteria compiled; A25)
S0024,OVRLRESP,SD,84,TA1,RECIST 1.1 defaults (no criteria compiled; A25)
S0024,TRGRESP,SD,168,TA2,RECIST 1.1 defaults (no criteria compiled; A25)
S0024,NTRGRESP,NON-CR/NON-PD,168,TA2,RECIST 1.1 defaults (no criteria compiled; A25)
S0024,NEWLPROG,N,168,TA2,RECIST 1.1 defaults (no criteria compiled; A25)
S0024,OVRLRESP,SD,168,TA2,RECIST 1.1 defaults (no criteria compiled; A25)
S0024,TRGRESP,SD,252,TA3,RECIST 1.1 defaults (no criteria compiled; A25)
S0024,NTRGRESP,NON-CR/NON-PD,252,TA3,RECIST 1.1 defaults (no criteria compiled; A25)
S0024,NEWLPROG,N,252,TA3,RECIST 1.1 defaults (no criteria compiled; A25)
S0024,OVRLRESP,SD,252,TA3,RECIST 1.1 defaults (no criteria compiled; A25)
S0024,TRGRESP,SD,336,TA4,RECIST 1.1 defaults (no criteria compiled; A25)
S0024,NTRGRESP,NON-CR/NON-PD,336,TA4,RECIST 1.1 defaults (no criteria compiled; A25)
S0024,NEWLPROG,N,336,TA4,RECIST 1.1 defaults (no criteria compiled; A25)
S0024,OVRLRESP,SD,336,TA4,RECIST 1.1 defaults (no criteria compiled; A25)
S0024,TRGRESP,SD,420,TA5,RECIST 1.1 defaults (no criteria compiled; A25)
S0024,NTRGRESP,NON-CR/NON-PD,420,TA5,RECIST 1.1 defaults (no criteria compiled; A25)
S0024,NEWLPROG,N,420,TA5,RECIST 1.1 defaults (no criteria compiled; A25)
S0024,OVRLRESP,SD,420,TA5,RECIST 1.1 defaults (no criteria compiled; A25)
S0024,TRGRESP,SD,504,TA6,RECIST 1.1 defaults (no criteria compiled; A25)
S0024,NTRGRESP,NON-CR/NON-PD,504,TA6,RECIST 1.1 defaults (no criteria compiled; A25)
S0024,NEWLPROG,N,504,TA6,RECIST 1.1 defaults (no criteria compiled; A25)
S0024,OVRLRESP,SD,504,TA6,RECIST 1.1 defaults (no criteria compiled; A25)
S0024,TRGRESP,SD,588,TA7,RECIST 1.1 defaults (no criteria compiled; A25)
S0024,NTRGRESP,NON-CR/NON-PD,588,TA7,RECIST 1.1 defaults (no criteria compiled; A25)
S0024,NEWLPROG,N,588,TA7,RECIST 1.1 defaults (no criteria compiled; A25)
S0024,OVRLRESP,SD,588,TA7,RECIST 1.1 defaults (no criteria compiled; A25)
S0024,TRGRESP,PD,672,TA8,RECIST 1.1 defaults (no criteria compiled; A25)
S0024,NTRGRESP,NON-CR/NON-PD,672,TA8,RECIST 1.1 defaults (no criteria compiled; A25)
S0024,NEWLPROG,N,672,TA8,RECIST 1.1 defaults (no criteria compiled; A25)
S0024,OVRLRESP,PD,672,TA8,RECIST 1.1 defaults (no criteria compiled; A25)
S0025,TRGRESP,SD,84,TA1,RECIST 1.1 defaults (no criteria compiled; A25)
S0025,NTRGRESP,NON-CR/NON-PD,84,TA1,RECIST 1.1 defaults (no criteria compiled; A25)
S0025,NEWLPROG,N,84,TA1,RECIST 1.1 defaults (no criteria compiled; A25)
S0025,OVRLRESP,SD,84,TA1,RECIST 1.1 defaults (no criteria compiled; A25)
S0025,TRGRESP,SD,168,TA2,RECIST 1.1 defaults (no criteria compiled; A25)
S0025,NTRGRESP,NON-CR/NON-PD,168,TA2,RECIST 1.1 defaults (no criteria compiled; A25)
S0025,NEWLPROG,Y,168,TA2,RECIST 1.1 defaults (no criteria compiled; A25)
S0025,OVRLRESP,PD,168,TA2,RECIST 1.1 defaults (no criteria compiled; A25)
S0027,TRGRESP,SD,84,TA1,RECIST 1.1 defaults (no criteria compiled; A25)
S0027,NTRGRESP,NON-CR/NON-PD,84,TA1,RECIST 1.1 defaults (no criteria compiled; A25)
S0027,NEWLPROG,Y,84,TA1,RECIST 1.1 defaults (no criteria compiled; A25)
S0027,OVRLRESP,PD,84,TA1,RECIST 1.1 defaults (no criteria compiled; A25)
S0031,TRGRESP,SD,84,TA1,RECIST 1.1 defaults (no criteria compiled; A25)
S0031,NTRGRESP,NONE,84,TA1,RECIST 1.1 defaults (no criteria compiled; A25)
S0031,NEWLPROG,Y,84,TA1,RECIST 1.1 defaults (no criteria compiled; A25)
S0031,OVRLRESP,PD,84,TA1,RECIST 1.1 defaults (no criteria compiled; A25)
S0032,TRGRESP,SD,84,TA1,RECIST 1.1 defaults (no criteria compiled; A25)
S0032,NTRGRESP,NON-CR/NON-PD,84,TA1,RECIST 1.1 defaults (no criteria compiled; A25)
S0032,NEWLPROG,N,84,TA1,RECIST 1.1 defaults (no criteria compiled; A25)
S0032,OVRLRESP,SD,84,TA1,RECIST 1.1 defaults (no criteria compiled; A25)
S0032,TRGRESP,SD,168,TA2,RECIST 1.1 defaults (no criteria compiled; A25)
S0032,NTRGRESP,NON-CR/NON-PD,168,TA2,RECIST 1.1 defaults (no criteria compiled; A25)
S0032,NEWLPROG,N,168,TA2,RECIST 1.1 defaults (no criteria compiled; A25)
S0032,OVRLRESP,SD,168,TA2,RECIST 1.1 defaults (no criteria compiled; A25)
S0032,TRGRESP,SD,252,TA3,RECIST 1.1 defaults (no criteria compiled; A25)
S0032,NTRGRESP,NON-CR/NON-PD,252,TA3,RECIST 1.1 defaults (no criteria compiled; A25)
S0032,NEWLPROG,N,252,TA3,RECIST 1.1 defaults (no criteria compiled; A25)
S0032,OVRLRESP,SD,252,TA3,RECIST 1.1 defaults (no criteria compiled; A25)
S0032,TRGRESP,SD,336,TA4,RECIST 1.1 defaults (no criteria compiled; A25)
S0032,NTRGRESP,NON-CR/NON-PD,336,TA4,RECIST 1.1 defaults (no criteria compiled; A25)
S0032,NEWLPROG,N,336,TA4,RECIST 1.1 defaults (no criteria compiled; A25)
S0032,OVRLRESP,SD,336,TA4,RECIST 1.1 defaults (no criteria compiled; A25)
S0032,TRGRESP,PD,420,TA5,RECIST 1.1 defaults (no criteria compiled; A25)
S0032,NTRGRESP,NON-CR/NON-PD,420,TA5,RECIST 1.1 defaults (no criteria compiled; A25)
S0032,NEWLPROG,N,420,TA5,RECIST 1.1 defaults (no criteria compiled; A25)
S0032,OVRLRESP,PD,420,TA5,RECIST 1.1 defaults (no criteria compiled; A25)
S0034,TRGRESP,PD,84,TA1,RECIST 1.1 defaults (no criteria compiled; A25)
S0034,NTRGRESP,NONE,84,TA1,RECIST 1.1 defaults (no criteria compiled; A25)
S0034,NEWLPROG,N,84,TA1,RECIST 1.1 defaults (no criteria compiled; A25)
S0034,OVRLRESP,PD,84,TA1,RECIST 1.1 defaults (no criteria compiled; A25)
S0036,TRGRESP,PD,84,TA1,RECIST 1.1 defaults (no criteria compiled; A25)
S0036,NTRGRESP,NONE,84,TA1,RECIST 1.1 defaults (no criteria compiled; A25)
S0036,NEWLPROG,N,84,TA1,RECIST 1.1 defaults (no criteria compiled; A25)
S0036,OVRLRESP,PD,84,TA1,RECIST 1.1 defaults (no criteria compiled; A25)
S0037,TRGRESP,SD,84,TA1,RECIST 1.1 defaults (no criteria compiled; A25)
S0037,NTRGRESP,NON-CR/NON-PD,84,TA1,RECIST 1.1 defaults (no criteria compiled; A25)
S0037,NEWLPROG,Y,84,TA1,RECIST 1.1 defaults (no criteria compiled; A25)
S0037,OVRLRESP,PD,84,TA1,RECIST 1.1 defaults (no criteria compiled; A25)
S0038,TRGRESP,SD,84,TA1,RECIST 1.1 defaults (no criteria compiled; A25)
S0038,NTRGRESP,NON-CR/NON-PD,84,TA1,RECIST 1.1 defaults (no criteria compiled; A25)
S0038,NEWLPROG,N,84,TA1,RECIST 1.1 defaults (no criteria compiled; A25)
S0038,OVRLRESP,SD,84,TA1,RECIST 1.1 defaults (no criteria compiled; A25)
S0038,TRGRESP,SD,168,TA2,RECIST 1.1 defaults (no criteria compiled; A25)
S0038,NTRGRESP,NON-CR/NON-PD,168,TA2,RECIST 1.1 defaults (no criteria compiled; A25)
S0038,NEWLPROG,N,168,TA2,RECIST 1.1 defaults (no criteria compiled; A25)
S0038,OVRLRESP,SD,168,TA2,RECIST 1.1 defaults (no criteria compiled; A25)
S0038,TRGRESP,SD,252,TA3,RECIST 1.1 defaults (no criteria compiled; A25)
S0038,NTRGRESP,NON-CR/NON-PD,252,TA3,RECIST 1.1 defaults (no criteria compiled; A25)
S0038,NEWLPROG,N,252,TA3,RECIST 1.1 defaults (no criteria compiled; A25)
S0038,OVRLRESP,SD,252,TA3,RECIST 1.1 defaults (no criteria compiled; A25)
S0038,TRGRESP,SD,336,TA4,RECIST 1.1 defaults (no criteria compiled; A25)
S0038,NTRGRESP,NON-CR/NON-PD,336,TA4,RECIST 1.1 defaults (no criteria compiled; A25)
S0038,NEWLPROG,N,336,TA4,RECIST 1.1 defaults (no criteria compiled; A25)
S0038,OVRLRESP,SD,336,TA4,RECIST 1.1 defaults (no criteria compiled; A25)
S0038,TRGRESP,SD,420,TA5,RECIST 1.1 defaults (no criteria compiled; A25)
S0038,NTRGRESP,NON-CR/NON-PD,420,TA5,RECIST 1.1 defaults (no criteria compiled; A25)
S0038,NEWLPROG,N,420,TA5,RECIST 1.1 defaults (no criteria compiled; A25)
S0038,OVRLRESP,SD,420,TA5,RECIST 1.1 defaults (no criteria compiled; A25)
S0038,TRGRESP,SD,504,TA6,RECIST 1.1 defaults (no criteria compiled; A25)
S0038,NTRGRESP,NON-CR/NON-PD,504,TA6,RECIST 1.1 defaults (no criteria compiled; A25)
S0038,NEWLPROG,N,504,TA6,RECIST 1.1 defaults (no criteria compiled; A25)
S0038,OVRLRESP,SD,504,TA6,RECIST 1.1 defaults (no criteria compiled; A25)
S0038,TRGRESP,SD,588,TA7,RECIST 1.1 defaults (no criteria compiled; A25)
S0038,NTRGRESP,NON-CR/NON-PD,588,TA7,RECIST 1.1 defaults (no criteria compiled; A25)
S0038,NEWLPROG,N,588,TA7,RECIST 1.1 defaults (no criteria compiled; A25)
S0038,OVRLRESP,SD,588,TA7,RECIST 1.1 defaults (no criteria compiled; A25)
S0038,TRGRESP,PD,672,TA8,RECIST 1.1 defaults (no criteria compiled; A25)
S0038,NTRGRESP,NON-CR/NON-PD,672,TA8,RECIST 1.1 defaults (no criteria compiled; A25)
S0038,NEWLPROG,N,672,TA8,RECIST 1.1 defaults (no criteria compiled; A25)
S0038,OVRLRESP,PD,672,TA8,RECIST 1.1 defaults (no criteria compiled; A25)
S0043,TRGRESP,SD,84,TA1,RECIST 1.1 defaults (no criteria compiled; A25)
S0043,NTRGRESP,NONE,84,TA1,RECIST 1.1 defaults (no criteria compiled; A25)
S0043,NEWLPROG,N,84,TA1,RECIST 1.1 defaults (no criteria compiled; A25)
S0043,OVRLRESP,SD,84,TA1,RECIST 1.1 defaults (no criteria compiled; A25)
S0043,TRGRESP,SD,168,TA2,RECIST 1.1 defaults (no criteria compiled; A25)
S0043,NTRGRESP,NONE,168,TA2,RECIST 1.1 defaults (no criteria compiled; A25)
S0043,NEWLPROG,N,168,TA2,RECIST 1.1 defaults (no criteria compiled; A25)
S0043,OVRLRESP,SD,168,TA2,RECIST 1.1 defaults (no criteria compiled; A25)
S0043,TRGRESP,SD,252,TA3,RECIST 1.1 defaults (no criteria compiled; A25)
S0043,NTRGRESP,NONE,252,TA3,RECIST 1.1 defaults (no criteria compiled; A25)
S0043,NEWLPROG,N,252,TA3,RECIST 1.1 defaults (no criteria compiled; A25)
S0043,OVRLRESP,SD,252,TA3,RECIST 1.1 defaults (no criteria compiled; A25)
S0043,TRGRESP,SD,336,TA4,RECIST 1.1 defaults (no criteria compiled; A25)
S0043,NTRGRESP,NONE,336,TA4,RECIST 1.1 defaults (no criteria compiled; A25)
S0043,NEWLPROG,N,336,TA4,RECIST 1.1 defaults (no criteria compiled; A25)
S0043,OVRLRESP,SD,336,TA4,RECIST 1.1 defaults (no criteria compiled; A25)
S0043,TRGRESP,PD,420,TA5,RECIST 1.1 defaults (no criteria compiled; A25)
S0043,NTRGRESP,NONE,420,TA5,RECIST 1.1 defaults (no criteria compiled; A25)
S0043,NEWLPROG,N,420,TA5,RECIST 1.1 defaults (no criteria compiled; A25)
S0043,OVRLRESP,PD,420,TA5,RECIST 1.1 defaults (no criteria compiled; A25)
S0044,TRGRESP,SD,84,TA1,RECIST 1.1 defaults (no criteria compiled; A25)
S0044,NTRGRESP,NON-CR/NON-PD,84,TA1,RECIST 1.1 defaults (no criteria compiled; A25)
S0044,NEWLPROG,N,84,TA1,RECIST 1.1 defaults (no criteria compiled; A25)
S0044,OVRLRESP,SD,84,TA1,RECIST 1.1 defaults (no criteria compiled; A25)
S0044,TRGRESP,SD,168,TA2,RECIST 1.1 defaults (no criteria compiled; A25)
S0044,NTRGRESP,NON-CR/NON-PD,168,TA2,RECIST 1.1 defaults (no criteria compiled; A25)
S0044,NEWLPROG,N,168,TA2,RECIST 1.1 defaults (no criteria compiled; A25)
S0044,OVRLRESP,SD,168,TA2,RECIST 1.1 defaults (no criteria compiled; A25)
S0044,TRGRESP,SD,252,TA3,RECIST 1.1 defaults (no criteria compiled; A25)
S0044,NTRGRESP,NON-CR/NON-PD,252,TA3,RECIST 1.1 defaults (no criteria compiled; A25)
S0044,NEWLPROG,Y,252,TA3,RECIST 1.1 defaults (no criteria compiled; A25)
S0044,OVRLRESP,PD,252,TA3,RECIST 1.1 defaults (no criteria compiled; A25)
S0047,TRGRESP,SD,84,TA1,RECIST 1.1 defaults (no criteria compiled; A25)
S0047,NTRGRESP,NON-CR/NON-PD,84,TA1,RECIST 1.1 defaults (no criteria compiled; A25)
S0047,NEWLPROG,Y,84,TA1,RECIST 1.1 defaults (no criteria compiled; A25)
S0047,OVRLRESP,PD,84,TA1,RECIST 1.1 defaults (no criteria compiled; A25)
S0050,TRGRESP,PR,84,TA1,RECIST 1.1 defaults (no criteria compiled; A25)
S0050,NTRGRESP,NON-CR/NON-PD,84,TA1,RECIST 1.1 defaults (no criteria compiled; A25)
S0050,NEWLPROG,N,84,TA1,RECIST 1.1 defaults (no criteria compiled; A25)
S0050,OVRLRESP,PR,84,TA1,RECIST 1.1 defaults (no criteria compiled; A25)
S0050,TRGRESP,PR,168,TA2,RECIST 1.1 defaults (no criteria compiled; A25)
S0050,NTRGRESP,NON-CR/NON-PD,168,TA2,RECIST 1.1 defaults (no criteria compiled; A25)
S0050,NEWLPROG,N,168,TA2,RECIST 1.1 defaults (no criteria compiled; A25)
S0050,OVRLRESP,PR,168,TA2,RECIST 1.1 defaults (no criteria compiled; A25)
S0050,TRGRESP,PR,252,TA3,RECIST 1.1 defaults (no criteria compiled; A25)
S0050,NTRGRESP,NON-CR/NON-PD,252,TA3,RECIST 1.1 defaults (no criteria compiled; A25)
S0050,NEWLPROG,N,252,TA3,RECIST 1.1 defaults (no criteria compiled; A25)
S0050,OVRLRESP,PR,252,TA3,RECIST 1.1 defaults (no criteria compiled; A25)
S0050,TRGRESP,PR,336,TA4,RECIST 1.1 defaults (no criteria compiled; A25)
S0050,NTRGRESP,NON-CR/NON-PD,336,TA4,RECIST 1.1 defaults (no criteria compiled; A25)
S0050,NEWLPROG,N,336,TA4,RECIST 1.1 defaults (no criteria compiled; A25)
S0050,OVRLRESP,PR,336,TA4,RECIST 1.1 defaults (no criteria compiled; A25)
S0050,TRGRESP,PR,420,TA5,RECIST 1.1 defaults (no criteria compiled; A25)
S0050,NTRGRESP,NON-CR/NON-PD,420,TA5,RECIST 1.1 defaults (no criteria compiled; A25)
S0050,NEWLPROG,N,420,TA5,RECIST 1.1 defaults (no criteria compiled; A25)
S0050,OVRLRESP,PR,420,TA5,RECIST 1.1 defaults (no criteria compiled; A25)
S0050,TRGRESP,PR,504,TA6,RECIST 1.1 defaults (no criteria compiled; A25)
S0050,NTRGRESP,NON-CR/NON-PD,504,TA6,RECIST 1.1 defaults (no criteria compiled; A25)
S0050,NEWLPROG,N,504,TA6,RECIST 1.1 defaults (no criteria compiled; A25)
S0050,OVRLRESP,PR,504,TA6,RECIST 1.1 defaults (no criteria compiled; A25)
S0050,TRGRESP,PR,588,TA7,RECIST 1.1 defaults (no criteria compiled; A25)
S0050,NTRGRESP,NON-CR/NON-PD,588,TA7,RECIST 1.1 defaults (no criteria compiled; A25)
S0050,NEWLPROG,N,588,TA7,RECIST 1.1 defaults (no criteria compiled; A25)
S0050,OVRLRESP,PR,588,TA7,RECIST 1.1 defaults (no criteria compiled; A25)
S0051,TRGRESP,SD,84,TA1,RECIST 1.1 defaults (no criteria compiled; A25)
S0051,NTRGRESP,NON-CR/NON-PD,84,TA1,RECIST 1.1 defaults (no criteria compiled; A25)
S0051,NEWLPROG,N,84,TA1,RECIST 1.1 defaults (no criteria compiled; A25)
S0051,OVRLRESP,SD,84,TA1,RECIST 1.1 defaults (no criteria compiled; A25)
S0051,TRGRESP,SD,168,TA2,RECIST 1.1 defaults (no criteria compiled; A25)
S0051,NTRGRESP,NON-CR/NON-PD,168,TA2,RECIST 1.1 defaults (no criteria compiled; A25)
S0051,NEWLPROG,N,168,TA2,RECIST 1.1 defaults (no criteria compiled; A25)
S0051,OVRLRESP,SD,168,TA2,RECIST 1.1 defaults (no criteria compiled; A25)
S0051,TRGRESP,SD,252,TA3,RECIST 1.1 defaults (no criteria compiled; A25)
S0051,NTRGRESP,NON-CR/NON-PD,252,TA3,RECIST 1.1 defaults (no criteria compiled; A25)
S0051,NEWLPROG,N,252,TA3,RECIST 1.1 defaults (no criteria compiled; A25)
S0051,OVRLRESP,SD,252,TA3,RECIST 1.1 defaults (no criteria compiled; A25)
S0051,TRGRESP,SD,336,TA4,RECIST 1.1 defaults (no criteria compiled; A25)
S0051,NTRGRESP,NON-CR/NON-PD,336,TA4,RECIST 1.1 defaults (no criteria compiled; A25)
S0051,NEWLPROG,N,336,TA4,RECIST 1.1 defaults (no criteria compiled; A25)
S0051,OVRLRESP,SD,336,TA4,RECIST 1.1 defaults (no criteria compiled; A25)
S0051,TRGRESP,PD,420,TA5,RECIST 1.1 defaults (no criteria compiled; A25)
S0051,NTRGRESP,NON-CR/NON-PD,420,TA5,RECIST 1.1 defaults (no criteria compiled; A25)
S0051,NEWLPROG,N,420,TA5,RECIST 1.1 defaults (no criteria compiled; A25)
S0051,OVRLRESP,PD,420,TA5,RECIST 1.1 defaults (no criteria compiled; A25)
S0052,TRGRESP,PD,84,TA1,RECIST 1.1 defaults (no criteria compiled; A25)
S0052,NTRGRESP,NON-CR/NON-PD,84,TA1,RECIST 1.1 defaults (no criteria compiled; A25)
S0052,NEWLPROG,N,84,TA1,RECIST 1.1 defaults (no criteria compiled; A25)
S0052,OVRLRESP,PD,84,TA1,RECIST 1.1 defaults (no criteria compiled; A25)
S0054,TRGRESP,SD,84,TA1,RECIST 1.1 defaults (no criteria compiled; A25)
S0054,NTRGRESP,NONE,84,TA1,RECIST 1.1 defaults (no criteria compiled; A25)
S0054,NEWLPROG,Y,84,TA1,RECIST 1.1 defaults (no criteria compiled; A25)
S0054,OVRLRESP,PD,84,TA1,RECIST 1.1 defaults (no criteria compiled; A25)
S0056,TRGRESP,PR,84,TA1,RECIST 1.1 defaults (no criteria compiled; A25)
S0056,NTRGRESP,NON-CR/NON-PD,84,TA1,RECIST 1.1 defaults (no criteria compiled; A25)
S0056,NEWLPROG,Y,84,TA1,RECIST 1.1 defaults (no criteria compiled; A25)
S0056,OVRLRESP,PD,84,TA1,RECIST 1.1 defaults (no criteria compiled; A25)
