replicate,seed,generated,eligible,eligible_pct,undetermined,screened_to_target,enrol_days_to_target,participants_enrolled,exposure_records,exposures_per_participant,completed_all_exposures,usable_pairs,missing_pairs,exits_not_completed,endpoint_source,mean_difference,median_difference,hodges_lehmann,p_value,success,all_stages_locked,fail_EL001,fail_EL002,fail_EL003,fail_EL005,fail_EL006,fail_EL009,fail_EL010,fail_EL011,fail_EL012
1,20270097,10000,7869,78.69,0,61,2024.9,52,104,2,51,51,1,adverse event (registry discontinuation rate): 1,literature,10.2759,6.9814,10.7229,5.971822280590189e-06,True,True,0,278,324,293,294,285,289,324,281
2,20270194,10000,7869,78.69,0,67,1760.3,52,104,2,50,50,2,"withdrawal (subject, loss to follow-up or physician decision): 1; adverse event (registry discontinuation rate): 1",literature,13.8387,14.0899,14.2292,3.094002387626915e-08,True,True,0,278,324,293,294,285,289,324,281
3,20270291,10000,7872,78.72,0,64,1915.7,52,104,2,51,51,1,"withdrawal (subject, loss to follow-up or physician decision): 1",literature,18.8478,15.2698,17.4194,2.17728484131092e-07,True,True,1,277,324,292,294,285,289,324,280
4,20270388,10000,7873,78.73,0,64,2222.5,52,104,2,52,52,0,,literature,12.51,11.8805,12.0025,1.277730414095138e-07,True,True,3,277,323,291,294,285,288,324,279
5,20270485,10000,7869,78.69,0,61,2014.6,52,104,2,51,51,1,adverse event (registry discontinuation rate): 1,literature,10.7559,9.6981,9.8946,9.26510666576352e-06,True,True,0,278,324,293,294,285,289,324,281
6,20270582,10000,7871,78.71,0,64,1822.7,52,104,2,52,52,0,,literature,14.5235,14.1791,14.0599,5.153360884113641e-08,True,True,1,277,324,292,294,285,289,324,280
7,20270679,10000,7872,78.72,0,63,1801.2,52,104,2,51,51,1,adverse event (registry discontinuation rate): 1,literature,15.2558,10.585,12.546,1.5280971335812566e-07,True,True,1,277,324,292,294,285,289,324,280
8,20270776,10000,7871,78.71,0,64,1817.3,52,104,2,51,51,1,"withdrawal (subject, loss to follow-up or physician decision): 1",literature,12.057,11.3779,11.1962,1.0143780263062784e-07,True,True,2,277,324,292,294,285,289,324,279
9,20270873,10000,7869,78.69,0,70,1945.8,52,104,2,52,52,0,,literature,14.1219,12.7595,12.9164,3.9251457240237424e-07,True,True,0,278,324,293,294,285,289,324,281
10,20270970,10000,7871,78.71,0,70,1838.9,52,104,2,52,52,0,,literature,13.6025,11.9552,13.1434,3.594772048623669e-08,True,True,1,277,324,292,294,285,289,324,280
11,20271067,10000,7871,78.71,0,63,1380.0,52,104,2,51,51,1,adverse event (registry discontinuation rate): 1,literature,9.9516,7.3634,9.3914,1.201101215602027e-06,True,True,1,277,324,292,294,285,289,324,280
12,20271164,10000,7873,78.73,0,70,1549.2,52,104,2,51,51,1,adverse event (registry discontinuation rate): 1,literature,13.4293,11.0078,11.6948,3.993013130906794e-06,True,True,3,277,323,291,294,285,288,324,279
13,20271261,10000,7869,78.69,0,68,1561.4,52,104,2,51,51,1,adverse event (registry discontinuation rate): 1,literature,18.1375,12.9233,16.2855,5.573708728862728e-07,True,True,0,278,324,293,294,285,289,324,281
14,20271358,10000,7869,78.69,0,66,1645.2,52,104,2,50,50,2,adverse event (registry discontinuation rate): 2; not started: left the study in period 1 (adverse event (registry discontinuation rate)): 2,literature,14.2023,11.1989,12.7227,2.8573925447972215e-08,True,True,0,278,324,293,294,285,289,324,281
15,20271455,10000,7871,78.71,0,62,1701.7,52,104,2,50,50,2,"withdrawal (subject, loss to follow-up or physician decision): 2",literature,14.724,13.4514,13.8507,4.792291008470784e-10,True,True,1,277,324,292,294,285,289,324,280
16,20271552,10000,7869,78.69,0,71,1735.8,52,104,2,50,50,2,adverse event (registry discontinuation rate): 2; not started: left the study in period 1 (adverse event (registry discontinuation rate)): 2,literature,11.6115,8.587,12.3918,9.372738659862989e-06,True,True,0,278,324,293,294,285,289,324,281
17,20271649,10000,7872,78.72,0,69,1545.1,52,104,2,50,50,2,adverse event (registry discontinuation rate): 2; not started: left the study in period 1 (adverse event (registry discontinuation rate)): 1,literature,11.5436,10.0113,10.9867,5.3406212785489515e-08,True,True,2,277,324,292,294,285,289,324,279
18,20271746,10000,7869,78.69,0,62,1734.9,52,104,2,51,51,1,adverse event (registry discontinuation rate): 1,literature,13.8295,12.7685,12.972,1.1836114914247092e-07,True,True,0,278,324,293,294,285,289,324,281
19,20271843,10000,7871,78.71,0,64,1587.2,52,104,2,52,52,0,,literature,11.118,9.8273,10.2373,6.931625508948393e-07,True,True,2,277,324,292,294,285,289,324,279
20,20271940,10000,7871,78.71,0,67,1636.0,52,104,2,49,49,3,"withdrawal (subject, loss to follow-up or physician decision): 2; adverse event (registry discontinuation rate): 1; not started: left the study in period 1 (adverse event (registry discontinuation rate)): 1",literature,12.4612,10.6849,12.0494,9.530985529693226e-07,True,True,1,277,324,292,294,285,289,324,280
21,20272037,10000,7871,78.71,0,64,1727.8,52,104,2,52,52,0,,literature,14.0855,11.4516,12.8471,1.103621159771441e-06,True,True,1,277,324,292,294,285,289,324,280
22,20272134,10000,7869,78.69,0,67,1539.3,52,104,2,50,50,2,"withdrawal (subject, loss to follow-up or physician decision): 2",literature,17.8487,15.1613,15.7557,1.5961560961841315e-09,True,True,0,278,324,293,294,285,289,324,281
23,20272231,10000,7869,78.69,0,63,1737.6,52,104,2,52,52,0,,literature,14.5194,10.4134,12.0576,1.1002748222399216e-07,True,True,0,278,324,293,294,285,289,324,281
24,20272328,10000,7869,78.69,0,61,1952.6,52,104,2,52,52,0,,literature,9.0102,10.5758,10.7115,7.168713651277982e-05,True,True,0,278,324,293,294,285,289,324,281
25,20272425,10000,7871,78.71,0,64,1711.1,52,104,2,52,52,0,,literature,15.083,13.0237,12.3543,9.954842091192605e-08,True,True,2,277,324,292,294,285,289,324,279
26,20272522,10000,7871,78.71,0,67,1488.2,52,104,2,51,51,1,adverse event (registry discontinuation rate): 1,literature,12.6846,11.7954,12.077,9.029167400178287e-07,True,True,1,277,324,292,294,285,289,324,280
27,20272619,10000,7871,78.71,0,72,1827.3,52,104,2,52,52,0,,literature,15.2692,11.6186,14.1835,1.191556586020942e-08,True,True,1,277,324,292,294,285,289,324,280
28,20272716,10000,7869,78.69,0,62,1746.0,52,104,2,51,51,1,"withdrawal (subject, loss to follow-up or physician decision): 1",literature,14.9769,13.0242,14.0248,3.5558929906247255e-08,True,True,0,278,324,293,294,285,289,324,281
29,20272813,10000,7869,78.69,0,65,1824.9,52,104,2,52,52,0,,literature,15.0654,13.5097,13.4566,5.2979209159907985e-09,True,True,0,278,324,293,294,285,289,324,281
30,20272910,10000,7871,78.71,0,61,1747.2,52,104,2,51,51,1,"withdrawal (subject, loss to follow-up or physician decision): 1",literature,15.0529,15.5152,15.1723,2.2894629284132804e-07,True,True,1,277,324,292,294,285,289,324,280
31,20273007,10000,7869,78.69,0,72,1686.9,52,104,2,51,51,1,death: 1,literature,10.1299,8.9891,10.1081,4.7401168498453684e-05,True,True,0,278,324,293,294,285,289,324,281
32,20273104,10000,7871,78.71,0,66,1827.3,52,104,2,51,51,1,adverse event (registry discontinuation rate): 1; not started: left the study in period 1 (adverse event (registry discontinuation rate)): 1,literature,15.4568,12.8777,14.1239,6.922148239971302e-09,True,True,1,277,324,292,294,285,289,324,280
33,20273201,10000,7869,78.69,0,74,1788.6,52,104,2,51,51,1,adverse event (registry discontinuation rate): 1,literature,15.906,11.4587,12.3591,7.43329089377485e-08,True,True,0,278,324,293,294,285,289,324,281
34,20273298,10000,7874,78.74,0,67,1510.5,52,104,2,49,49,3,"adverse event (registry discontinuation rate): 2; withdrawal (subject, loss to follow-up or physician decision): 1",literature,15.7765,14.1095,13.7234,1.5381803208924794e-07,True,True,3,277,323,291,294,285,288,324,279
35,20273395,10000,7871,78.71,0,66,1584.5,52,104,2,51,51,1,"withdrawal (subject, loss to follow-up or physician decision): 1",literature,15.3742,14.1492,12.8049,4.636088179886202e-08,True,True,1,277,324,292,294,285,289,324,280
36,20273492,10000,7869,78.69,0,61,1898.1,52,104,2,52,52,0,,literature,14.5293,12.7281,13.0694,1.4745197528690008e-08,True,True,0,278,324,293,294,285,289,324,281
37,20273589,10000,7871,78.71,0,69,1838.1,52,104,2,52,52,0,,literature,11.9541,10.6839,10.9276,8.670052219012189e-05,True,True,2,277,324,292,294,285,289,324,279
38,20273686,10000,7871,78.71,0,68,1583.4,52,104,2,52,52,0,,literature,17.2833,15.7189,16.4301,1.2569015388789593e-08,True,True,2,277,324,292,294,285,289,324,279
39,20273783,10000,7872,78.72,0,70,2260.1,52,104,2,52,52,0,,literature,14.1827,12.9709,12.8978,5.753678648976524e-06,True,True,1,277,324,292,294,285,289,324,280
40,20273880,10000,7871,78.71,0,69,2077.8,52,104,2,52,52,0,,literature,12.957,11.421,12.5981,2.306998729883197e-07,True,True,2,277,324,292,294,285,289,324,279
41,20273977,10000,7873,78.73,0,72,2439.7,52,104,2,52,52,0,,literature,13.6633,11.4232,12.9131,3.938347963106791e-10,True,True,3,277,323,291,294,285,288,324,279
42,20274074,10000,7871,78.71,0,66,1625.7,52,104,2,50,50,2,"withdrawal (subject, loss to follow-up or physician decision): 1; adverse event (registry discontinuation rate): 1; not started: left the study in period 1 (adverse event (registry discontinuation rate)): 1",literature,13.0348,11.7031,11.7211,6.535714192068554e-10,True,True,1,277,324,292,294,285,289,324,280
43,20274171,10000,7869,78.69,0,70,1604.4,52,104,2,52,52,0,,literature,13.7777,12.367,13.8479,1.5548801104374436e-08,True,True,0,278,324,293,294,285,289,324,281
44,20274268,10000,7869,78.69,0,64,1813.2,52,104,2,50,50,2,"withdrawal (subject, loss to follow-up or physician decision): 1; death: 1",literature,14.216,11.1843,13.4788,2.8391607465039215e-07,True,True,0,278,324,293,294,285,289,324,281
45,20274365,10000,7869,78.69,0,65,1580.2,52,104,2,52,52,0,,literature,14.7812,11.876,14.0801,2.388978706948519e-06,True,True,0,278,324,293,294,285,289,324,281
46,20274462,10000,7871,78.71,0,63,1555.8,52,104,2,52,52,0,,literature,15.2547,11.9224,14.0933,2.8554135374736474e-06,True,True,1,277,324,292,294,285,289,324,280
47,20274559,10000,7871,78.71,0,76,1722.4,52,104,2,52,52,0,,literature,11.5439,11.5646,11.0723,2.731221361633307e-06,True,True,1,277,324,292,294,285,289,324,280
48,20274656,10000,7869,78.69,0,61,1813.6,52,104,2,50,50,2,"death: 1; withdrawal (subject, loss to follow-up or physician decision): 1",literature,14.2466,11.4478,13.5762,1.192391962945294e-09,True,True,0,278,324,293,294,285,289,324,281
49,20274753,10000,7871,78.71,0,74,1693.3,52,104,2,51,51,1,death: 1,literature,16.4296,13.228,14.3635,2.8715641547782846e-08,True,True,2,277,324,292,294,285,289,324,279
50,20274850,10000,7869,78.69,0,63,1618.1,52,104,2,52,52,0,,literature,14.8671,15.2169,14.5254,1.3883777384178418e-06,True,True,0,278,324,293,294,285,289,324,281
51,20274947,10000,7869,78.69,0,67,1694.5,52,104,2,51,51,1,adverse event (registry discontinuation rate): 1,literature,16.4631,13.8503,14.1433,5.430358088078574e-08,True,True,0,278,324,293,294,285,289,324,281
52,20275044,10000,7871,78.71,0,70,1666.6,52,104,2,51,51,1,"withdrawal (subject, loss to follow-up or physician decision): 1",literature,18.563,14.7053,17.0159,5.796704657296606e-10,True,True,1,277,324,292,294,285,289,324,280
53,20275141,10000,7871,78.71,0,79,2127.9,52,104,2,51,51,1,"withdrawal (subject, loss to follow-up or physician decision): 1",literature,11.5654,12.1297,12.8714,9.933579860193366e-07,True,True,2,277,324,292,294,285,289,324,279
54,20275238,10000,7871,78.71,0,63,1328.0,52,104,2,52,52,0,,literature,14.9758,11.4666,11.9215,3.811449529659894e-09,True,True,2,277,324,292,294,285,289,324,279
55,20275335,10000,7869,78.69,0,64,1581.5,52,104,2,52,52,0,,literature,14.3301,12.7408,12.7593,1.9210186068833346e-08,True,True,0,278,324,293,294,285,289,324,281
56,20275432,10000,7872,78.72,0,62,1850.6,52,104,2,50,50,2,"withdrawal (subject, loss to follow-up or physician decision): 2",literature,10.9242,12.665,11.7949,2.0039570713947796e-07,True,True,1,277,324,292,294,285,289,324,280
57,20275529,10000,7871,78.71,0,63,1718.9,52,104,2,52,52,0,,literature,11.4718,9.8428,9.6662,8.347841953909353e-05,True,True,1,277,324,292,294,285,289,324,280
58,20275626,10000,7872,78.72,0,68,1349.6,52,104,2,52,52,0,,literature,12.9351,11.1983,12.5597,1.342812451064946e-07,True,True,1,277,324,292,294,285,289,324,280
59,20275723,10000,7869,78.69,0,64,1848.1,52,104,2,51,51,1,"withdrawal (subject, loss to follow-up or physician decision): 1",literature,9.0873,8.9557,9.4106,0.00012147933164221489,True,True,0,278,324,293,294,285,289,324,281
60,20275820,10000,7871,78.71,0,70,1898.3,52,104,2,51,51,1,death: 1,literature,13.8306,13.0505,13.9844,2.6605219969294554e-07,True,True,2,277,324,292,294,285,289,324,279
61,20275917,10000,7869,78.69,0,66,1666.0,52,104,2,52,52,0,,literature,13.1054,11.8083,13.0434,5.476925881446083e-07,True,True,0,278,324,293,294,285,289,324,281
62,20276014,10000,7874,78.74,0,66,1587.8,52,104,2,51,51,1,adverse event (registry discontinuation rate): 1,literature,16.2748,11.8314,14.1293,2.7215618861317828e-08,True,True,3,277,323,291,294,285,288,324,279
63,20276111,10000,7871,78.71,0,66,1449.6,52,104,2,50,50,2,"withdrawal (subject, loss to follow-up or physician decision): 1; adverse event (registry discontinuation rate): 1; not started: left the study in period 1 (adverse event (registry discontinuation rate)): 1",literature,11.639,10.431,11.0283,5.3406212785489515e-08,True,True,1,277,324,292,294,285,289,324,280
64,20276208,10000,7869,78.69,0,68,1536.5,52,104,2,52,52,0,,literature,9.7889,8.5393,9.1353,7.443244094250475e-06,True,True,0,278,324,293,294,285,289,324,281
65,20276305,10000,7871,78.71,0,65,1561.5,52,104,2,52,52,0,,literature,14.9749,15.0469,14.9404,1.4745197528690008e-08,True,True,1,277,324,292,294,285,289,324,280
66,20276402,10000,7871,78.71,0,61,2094.4,52,104,2,50,50,2,adverse event (registry discontinuation rate): 2; not started: left the study in period 1 (adverse event (registry discontinuation rate)): 2,literature,14.257,13.4566,13.6485,4.218847493575595e-12,True,True,1,277,324,292,294,285,289,324,280
67,20276499,10000,7872,78.72,0,67,1806.7,52,104,2,51,51,1,adverse event (registry discontinuation rate): 1,literature,12.3828,10.3597,11.6189,5.851411691487379e-07,True,True,2,277,324,292,294,285,289,324,279
68,20276596,10000,7871,78.71,0,60,2198.8,52,104,2,51,51,1,"withdrawal (subject, loss to follow-up or physician decision): 1",literature,14.9633,12.6939,13.8168,8.774256111345653e-10,True,True,1,277,324,292,294,285,289,324,280
69,20276693,10000,7872,78.72,0,64,1497.1,52,104,2,51,51,1,"withdrawal (subject, loss to follow-up or physician decision): 1",literature,13.4495,12.1423,13.0958,3.0893518598250487e-07,True,True,1,277,324,292,294,285,289,324,280
70,20276790,10000,7869,78.69,0,65,1483.8,52,104,2,51,51,1,adverse event (registry discontinuation rate): 1,literature,9.5945,10.0461,9.3444,3.872600691536026e-05,True,True,0,278,324,293,294,285,289,324,281
71,20276887,10000,7869,78.69,0,67,2043.9,52,104,2,50,50,2,"withdrawal (subject, loss to follow-up or physician decision): 1; adverse event (registry discontinuation rate): 1",literature,15.8516,11.0353,14.1929,1.8094681308866711e-10,True,True,0,278,324,293,294,285,289,324,281
72,20276984,10000,7871,78.71,0,66,1518.4,52,104,2,51,51,1,"withdrawal (subject, loss to follow-up or physician decision): 1",literature,12.5311,11.6009,13.1399,7.125975294253622e-06,True,True,1,277,324,292,294,285,289,324,280
73,20277081,10000,7869,78.69,0,66,2218.4,52,104,2,52,52,0,,literature,10.1871,9.3936,10.5245,3.5621242742870365e-06,True,True,0,278,324,293,294,285,289,324,281
74,20277178,10000,7869,78.69,0,60,1925.0,52,104,2,50,50,2,adverse event (registry discontinuation rate): 2; not started: left the study in period 1 (adverse event (registry discontinuation rate)): 2,literature,15.8615,12.285,14.2285,8.008242957657785e-10,True,True,0,278,324,293,294,285,289,324,281
75,20277275,10000,7869,78.69,0,70,2024.1,52,104,2,51,51,1,"withdrawal (subject, loss to follow-up or physician decision): 1",literature,8.7518,7.5024,9.0741,1.61934714469541e-05,True,True,0,278,324,293,294,285,289,324,281
76,20277372,10000,7871,78.71,0,60,2436.8,52,104,2,52,52,0,,literature,14.5717,14.9636,14.4411,1.342812451064946e-07,True,True,1,277,324,292,294,285,289,324,280
77,20277469,10000,7869,78.69,0,69,1715.1,52,104,2,51,51,1,adverse event (registry discontinuation rate): 1,literature,11.9764,11.1779,11.792,1.4874297841678763e-05,True,True,0,278,324,293,294,285,289,324,281
78,20277566,10000,7871,78.71,0,68,1979.6,52,104,2,50,50,2,"withdrawal (subject, loss to follow-up or physician decision): 2",literature,14.8201,11.9741,12.706,4.8571529021046445e-09,True,True,1,277,324,292,294,285,289,324,280
79,20277663,10000,7871,78.71,0,59,1438.2,52,104,2,51,51,1,adverse event (registry discontinuation rate): 1,literature,10.2682,9.8696,9.7156,0.00019822622679641964,True,True,2,277,324,292,294,285,289,324,279
80,20277760,10000,7872,78.72,0,63,2225.9,52,104,2,50,50,2,"death: 1; withdrawal (subject, loss to follow-up or physician decision): 1",literature,8.8604,11.1805,12.5812,5.572207957271758e-07,True,True,1,277,324,292,294,285,289,324,280
81,20277857,10000,7869,78.69,0,63,1171.2,52,104,2,51,51,1,adverse event (registry discontinuation rate): 1,literature,10.9179,10.497,11.2397,1.999671905109222e-05,True,True,0,278,324,293,294,285,289,324,281
82,20277954,10000,7869,78.69,0,63,1594.5,52,104,2,50,50,2,"withdrawal (subject, loss to follow-up or physician decision): 1; adverse event (registry discontinuation rate): 1; not started: left the study in period 1 (adverse event (registry discontinuation rate)): 1",literature,13.7816,10.1831,11.6491,9.364108866094512e-07,True,True,0,278,324,293,294,285,289,324,281
83,20278051,10000,7871,78.71,0,61,1655.5,52,104,2,52,52,0,,literature,16.6318,15.0563,14.6032,1.4745197528690008e-08,True,True,1,277,324,292,294,285,289,324,280
84,20278148,10000,7869,78.69,0,68,1765.5,52,104,2,52,52,0,,literature,13.6808,11.0843,12.5064,9.467788288271781e-08,True,True,0,278,324,293,294,285,289,324,281
85,20278245,10000,7869,78.69,0,66,2044.5,52,104,2,50,50,2,"withdrawal (subject, loss to follow-up or physician decision): 2",literature,11.3845,12.5629,12.0664,3.633577416550793e-05,True,True,0,278,324,293,294,285,289,324,281
86,20278342,10000,7872,78.72,0,64,2204.9,52,104,2,51,51,1,adverse event (registry discontinuation rate): 1; not started: left the study in period 1 (adverse event (registry discontinuation rate)): 1,literature,15.8124,14.6419,15.1191,3.95495147306799e-08,True,True,1,277,324,292,294,285,289,324,280
87,20278439,10000,7869,78.69,0,65,1629.2,52,104,2,51,51,1,adverse event (registry discontinuation rate): 1,literature,14.5987,13.2146,13.8832,7.43329089377485e-08,True,True,0,278,324,293,294,285,289,324,281
88,20278536,10000,7869,78.69,0,64,1794.3,52,104,2,52,52,0,,literature,11.4108,15.3103,13.0453,0.00014083842602809966,True,True,0,278,324,293,294,285,289,324,281
89,20278633,10000,7871,78.71,0,72,1840.5,52,104,2,52,52,0,,literature,15.5982,13.9383,14.212,4.651300412361886e-08,True,True,1,277,324,292,294,285,289,324,280
90,20278730,10000,7869,78.69,0,74,1630.5,52,104,2,52,52,0,,literature,13.2932,13.617,13.2936,4.52971736578362e-07,True,True,0,278,324,293,294,285,289,324,281
91,20278827,10000,7869,78.69,0,72,1431.7,52,104,2,51,51,1,"withdrawal (subject, loss to follow-up or physician decision): 1",literature,12.7909,13.5342,11.7549,1.204642740368099e-08,True,True,0,278,324,293,294,285,289,324,281
92,20278924,10000,7869,78.69,0,61,1816.1,52,104,2,52,52,0,,literature,9.4617,9.7405,9.8646,6.899572867885887e-05,True,True,0,278,324,293,294,285,289,324,281
93,20279021,10000,7872,78.72,0,64,1812.8,52,104,2,51,51,1,"withdrawal (subject, loss to follow-up or physician decision): 1",literature,9.6554,10.7714,11.0173,6.0246353909228135e-05,True,True,1,277,324,292,294,285,289,324,280
94,20279118,10000,7871,78.71,0,72,1492.5,52,104,2,51,51,1,death: 1,literature,16.1959,13.3712,14.9155,1.8649908157337358e-08,True,True,1,277,324,292,294,285,289,324,280
95,20279215,10000,7869,78.69,0,70,2064.7,52,104,2,51,51,1,adverse event (registry discontinuation rate): 1,literature,15.9074,13.695,14.2218,1.5280971335812566e-07,True,True,0,278,324,293,294,285,289,324,281
96,20279312,10000,7869,78.69,0,69,1721.6,52,104,2,52,52,0,,literature,13.8899,12.4418,12.6669,1.8060861966378462e-07,True,True,0,278,324,293,294,285,289,324,281
97,20279409,10000,7869,78.69,0,66,1808.0,52,104,2,51,51,1,"withdrawal (subject, loss to follow-up or physician decision): 1",literature,13.8481,11.5655,13.3445,2.17728484131092e-07,True,True,0,278,324,293,294,285,289,324,281
98,20279506,10000,7869,78.69,0,71,1410.2,52,104,2,51,51,1,adverse event (registry discontinuation rate): 1,literature,11.212,7.3818,10.2349,6.031531717037219e-08,True,True,0,278,324,293,294,285,289,324,281
99,20279603,10000,7871,78.71,0,63,1418.6,52,104,2,51,51,1,adverse event (registry discontinuation rate): 1; not started: left the study in period 1 (adverse event (registry discontinuation rate)): 1,literature,14.1531,9.9975,11.4776,8.181189017872003e-09,True,True,2,277,324,292,294,285,289,324,279
100,20279700,10000,7871,78.71,0,74,2128.7,52,104,2,52,52,0,,literature,14.6005,13.9566,13.2451,3.086499171144352e-07,True,True,1,277,324,292,294,285,289,324,280
