USUBJID,VISIT,SVSTDY
S0001,SCREENING,-8
S0001,SCREENING,-8
S0001,SCREENING,-8
S0001,SCREENING,-8
S0001,SCREENING,-8
S0001,SCREENING,-8
S0001,SCREENING,-8
S0001,C1D1,1
S0001,C1D18,18
S0001,C2D28,56
S0001,TA1,57
S0001,C3D12,68
S0001,TA2,113
S0001,C5D7,119
S0001,C6D3,143
S0001,C6D7,147
S0001,C6D11,151
S0001,C6D12,152
S0001,TA3,169
S0001,C8D8,204
S0001,TA4,225
S0001,C9D9,233
S0001,C10D1,253
S0001,C10D25,277
S0001,C10D25,277
S0001,TA5,281
S0001,C11D18,298
S0001,C12D1,309
S0001,C12D15,323
S0001,TA6,337
S0001,C13D9,345
S0001,C13D12,348
S0001,C14D1,365
S0001,C14D8,372
S0001,C14D8,372
S0001,TA7,393
S0001,C15D23,415
S0001,C15D27,419
S0001,TA8,449
S0001,C18D3,479
S0001,C19D1,505
S0001,TA9,505
S0001,EOT,505
S0001,C19D26,530
S0002,SCREENING,-8
S0002,SCREENING,-8
S0002,SCREENING,-8
S0002,SCREENING,-8
S0002,SCREENING,-8
S0002,SCREENING,-8
S0002,SCREENING,-8
S0002,C1D1,1
S0002,C1D3,3
S0002,C1D16,16
S0002,C2D1,29
S0002,C2D9,37
S0002,C2D12,40
S0002,TA1,57
S0002,C4D27,111
S0002,TA2,113
S0002,C5D2,114
S0002,C5D13,125
S0002,C5D13,125
S0002,C5D25,137
S0002,C5D27,139
S0002,C6D28,168
S0002,TA3,169
S0002,C7D11,179
S0002,C7D16,184
S0002,C7D22,190
S0002,C8D1,197
S0002,C8D17,213
S0002,C8D17,213
S0002,C8D22,218
S0002,TA4,225
S0002,C9D7,231
S0002,C10D24,276
S0002,TA5,281
S0002,C11D9,289
S0002,C11D14,294
S0002,C12D21,329
S0002,C12D24,332
S0002,TA6,337
S0002,C14D14,378
S0002,C14D16,380
S0002,TA7,393
S0002,EOT,393
S0002,C15D8,400
S0003,SCREENING,-8
S0003,SCREENING,-8
S0003,SCREENING,-8
S0003,SCREENING,-8
S0003,SCREENING,-8
S0003,SCREENING,-8
S0003,SCREENING,-8
S0003,C1D1,1
S0003,C1D1,1
S0003,C1D23,23
S0003,C2D11,39
S0003,C3D1,57
S0003,TA1,57
S0003,C3D5,61
S0003,C3D9,65
S0003,C3D14,70
S0003,C3D24,80
S0003,C3D24,80
S0003,C3D26,82
S0003,C4D6,90
S0003,C4D16,100
S0003,TA2,113
S0003,C5D4,116
S0003,C5D21,133
S0003,C6D3,143
S0003,C6D21,161
S0003,TA3,169
S0003,EOT,169
S0003,C7D16,184
S0004,SCREENING,-8
S0004,SCREENING,-8
S0004,SCREENING,-8
S0004,SCREENING,-8
S0004,SCREENING,-8
S0004,SCREENING,-8
S0004,SCREENING,-8
S0004,C1D1,1
S0004,C1D28,28
S0004,TA1,57
S0004,C3D2,58
S0004,C3D3,59
S0004,C3D6,62
S0004,TA2,113
S0004,C5D14,126
S0004,C5D21,133
S0004,C6D25,165
S0004,C7D1,169
S0004,TA3,169
S0004,C7D26,194
S0004,C7D27,195
S0004,C7D27,195
S0004,TA4,225
S0004,C9D20,244
S0004,C10D26,278
S0004,TA5,281
S0004,C11D28,308
S0004,C12D26,334
S0004,TA6,337
S0004,C13D11,347
S0004,C13D13,349
S0004,TA7,393
S0004,C15D24,416
S0004,C16D16,436
S0004,C16D16,436
S0004,C16D27,447
S0004,TA8,449
S0004,EOT,449
S0005,SCREENING,-8
S0005,SCREENING,-8
S0005,SCREENING,-8
S0005,SCREENING,-8
S0005,SCREENING,-8
S0005,SCREENING,-8
S0005,SCREENING,-8
S0005,C1D1,1
S0005,C1D4,4
S0005,C1D14,14
S0005,C1D22,22
S0005,C2D1,29
S0005,C2D8,36
S0005,C2D24,52
S0005,C2D24,52
S0005,TA1,57
S0005,C3D7,63
S0005,C3D8,64
S0005,C3D14,70
S0005,C3D14,70
S0005,C3D27,83
S0005,C4D8,92
S0005,C4D18,102
S0005,TA2,113
S0005,C5D9,121
S0005,C5D16,128
S0005,C5D19,131
S0005,C6D11,151
S0005,C6D14,154
S0005,TA3,169
S0005,C7D12,180
S0005,C7D17,185
S0005,C7D24,192
S0005,C7D27,195
S0005,C8D18,214
S0005,TA4,225
S0005,EOT,225
S0005,C9D18,242
S0005,C9D18,242
S0005,C9D19,243
S0005,C9D22,246
S0006,SCREENING,-8
S0006,SCREENING,-8
S0006,SCREENING,-8
S0006,SCREENING,-8
S0006,SCREENING,-8
S0006,SCREENING,-8
S0006,SCREENING,-8
S0006,C1D1,1
S0006,C1D12,12
S0006,C1D12,12
S0006,C1D14,14
S0006,C1D15,15
S0006,C2D1,29
S0006,C2D1,29
S0006,C2D1,29
S0006,C2D5,33
S0006,C2D6,34
S0006,C2D6,34
S0006,C2D7,35
S0006,C2D7,35
S0006,C2D13,41
S0006,C2D18,46
S0006,C2D18,46
S0006,EOT,46
S0006,C2D20,48
S0006,C2D23,51
S0006,C2D23,51
S0006,C3D4,60
S0006,C3D7,63
S0006,C3D8,64
S0007,SCREENING,-8
S0007,SCREENING,-8
S0007,SCREENING,-8
S0007,SCREENING,-8
S0007,SCREENING,-8
S0007,SCREENING,-8
S0007,SCREENING,-8
S0007,C1D1,1
S0007,C1D6,6
S0007,C2D16,44
S0007,TA1,57
S0007,C3D18,74
S0007,TA2,113
S0007,TA3,169
S0007,C7D17,185
S0007,C8D18,214
S0007,C9D1,225
S0007,TA4,225
S0007,C9D5,229
S0007,C9D14,238
S0007,C9D14,238
S0007,C10D26,278
S0007,TA5,281
S0007,C11D17,297
S0007,C11D20,300
S0007,C12D7,315
S0007,C12D22,330
S0007,TA6,337
S0007,C13D11,347
S0007,C13D24,360
S0007,C14D16,380
S0007,TA7,393
S0007,C15D28,420
S0007,C16D4,424
S0007,TA8,449
S0007,C17D18,466
S0007,TA9,505
S0007,C19D17,521
S0007,TA10,561
S0007,EOT,561
S0008,SCREENING,-8
S0008,SCREENING,-8
S0008,SCREENING,-8
S0008,SCREENING,-8
S0008,SCREENING,-8
S0008,SCREENING,-8
S0008,SCREENING,-8
S0008,C1D1,1
S0008,C1D9,9
S0008,C1D15,15
S0008,C1D23,23
S0008,C1D28,28
S0008,C2D1,29
S0008,C2D5,33
S0008,C2D5,33
S0008,C2D18,46
S0008,C2D24,52
S0008,C2D24,52
S0008,C3D1,57
S0008,TA1,57
S0008,C3D7,63
S0008,C3D10,66
S0008,C3D15,71
S0008,C3D16,72
S0008,C3D18,74
S0008,C3D18,74
S0008,C3D19,75
S0008,C3D23,79
S0008,C4D1,85
S0008,C4D2,86
S0008,C4D2,86
S0008,EOT,90
S0009,SCREENING,-8
S0009,SCREENING,-8
S0009,SCREENING,-8
S0009,SCREENING,-8
S0009,SCREENING,-8
S0009,SCREENING,-8
S0009,SCREENING,-8
S0009,C1D1,1
S0009,C2D16,44
S0009,TA1,57
S0009,C4D25,109
S0009,C5D1,113
S0009,TA2,113
S0009,C5D14,126
S0009,C5D19,131
S0009,C5D19,131
S0009,TA3,169
S0009,TA4,225
S0009,C9D4,228
S0009,C9D15,239
S0009,C10D7,259
S0009,TA5,281
S0009,C11D19,299
S0009,C12D21,329
S0009,C12D23,331
S0009,TA6,337
S0009,C13D16,352
S0009,C13D22,358
S0009,C14D21,385
S0009,TA7,393
S0009,C15D13,405
S0009,C15D14,406
S0009,C15D26,418
S0009,C15D26,418
S0009,C16D7,427
S0009,C16D22,442
S0009,TA8,449
S0009,EOT,449
S0010,SCREENING,-8
S0010,SCREENING,-8
S0010,SCREENING,-8
S0010,SCREENING,-8
S0010,SCREENING,-8
S0010,SCREENING,-8
S0010,SCREENING,-8
S0010,C1D1,1
S0010,C2D6,34
S0010,C2D6,34
S0010,C2D27,55
S0010,TA1,57
S0010,C3D23,79
S0010,C4D6,90
S0010,TA2,113
S0010,C5D10,122
S0010,C6D4,144
S0010,C6D23,163
S0010,TA3,169
S0010,TA4,225
S0010,C9D5,229
S0010,C10D27,279
S0010,TA5,281
S0010,C11D24,304
S0010,TA6,337
S0010,C14D22,386
S0010,C14D28,392
S0010,C15D1,393
S0010,TA7,393
S0010,C16D2,422
S0010,TA8,449
S0010,C17D20,468
S0010,C18D12,488
S0010,C18D19,495
S0010,TA9,505
S0010,TA10,561
S0010,EOT,561
S0011,SCREENING,-8
S0011,SCREENING,-8
S0011,SCREENING,-8
S0011,SCREENING,-8
S0011,SCREENING,-8
S0011,SCREENING,-8
S0011,SCREENING,-8
S0011,C1D1,1
S0011,C2D3,31
S0011,C2D13,41
S0011,C2D14,42
S0011,TA1,57
S0011,C3D13,69
S0011,C3D14,70
S0011,TA2,113
S0011,C5D5,117
S0011,C5D17,129
S0011,C5D20,132
S0011,C5D23,135
S0011,C6D1,141
S0011,C6D17,157
S0011,C6D17,157
S0011,C6D19,159
S0011,TA3,169
S0011,C7D18,186
S0011,C7D18,186
S0011,C8D15,211
S0011,C8D20,216
S0011,TA4,225
S0011,EOT,225
S0011,C9D6,230
S0011,C9D13,237
S0011,C10D1,253
S0012,SCREENING,-8
S0012,SCREENING,-8
S0012,SCREENING,-8
S0012,SCREENING,-8
S0012,SCREENING,-8
S0012,SCREENING,-8
S0012,SCREENING,-8
S0012,C1D1,1
S0012,C1D6,6
S0012,C1D10,10
S0012,C1D28,28
S0012,C2D9,37
S0012,C2D27,55
S0012,TA1,57
S0012,C3D2,58
S0012,TA2,113
S0012,C5D11,123
S0012,C5D17,129
S0012,C5D22,134
S0012,TA3,169
S0012,C7D11,179
S0012,C8D4,200
S0012,TA4,225
S0012,C9D3,227
S0012,C9D8,232
S0012,C9D15,239
S0012,C9D27,251
S0012,C10D1,253
S0012,C10D15,267
S0012,C10D17,269
S0012,C10D18,270
S0012,TA5,281
S0012,EOT,281
S0012,C11D9,289
S0012,C11D23,303
S0012,C11D23,303
S0013,SCREENING,-8
S0013,SCREENING,-8
S0013,SCREENING,-8
S0013,SCREENING,-8
S0013,SCREENING,-8
S0013,SCREENING,-8
S0013,SCREENING,-8
S0013,C1D1,1
S0013,TA1,57
S0013,C4D20,104
S0013,C4D20,104
S0013,TA2,113
S0013,C5D6,118
S0013,C6D11,151
S0013,C6D18,158
S0013,TA3,169
S0013,TA4,225
S0013,TA5,281
S0013,C11D18,298
S0013,C13D1,337
S0013,TA6,337
S0013,C13D7,343
S0013,C13D7,343
S0013,C14D13,377
S0013,C14D24,388
S0013,TA7,393
S0013,C15D7,399
S0013,TA8,449
S0013,C17D6,454
S0013,C17D15,463
S0013,TA9,505
S0013,TA10,561
S0013,C21D27,587
S0013,TA11,617
S0013,TA12,673
S0013,C25D11,683
S0013,C26D25,725
S0013,TA13,729
S0013,EOT,730
S0014,SCREENING,-8
S0014,SCREENING,-8
S0014,SCREENING,-8
S0014,SCREENING,-8
S0014,SCREENING,-8
S0014,SCREENING,-8
S0014,SCREENING,-8
S0014,C1D1,1
S0014,C1D9,9
S0014,C1D9,9
S0014,TA1,57
S0014,C3D5,61
S0014,C4D6,90
S0014,C4D10,94
S0014,TA2,113
S0014,C6D4,144
S0014,C6D10,150
S0014,TA3,169
S0014,TA4,225
S0014,C10D14,266
S0014,TA5,281
S0014,TA6,337
S0014,C13D24,360
S0014,TA7,393
S0014,C16D22,442
S0014,TA8,449
S0014,TA9,505
S0014,TA10,561
S0014,C21D23,583
S0014,C21D23,583
S0014,TA11,617
S0014,C24D24,668
S0014,TA12,673
S0014,EOT,673
S0015,SCREENING,-8
S0015,SCREENING,-8
S0015,SCREENING,-8
S0015,SCREENING,-8
S0015,SCREENING,-8
S0015,SCREENING,-8
S0015,SCREENING,-8
S0015,C1D1,1
S0015,C1D2,2
S0015,TA1,57
S0015,C3D17,73
S0015,C4D6,90
S0015,TA2,113
S0015,C5D7,119
S0015,TA3,169
S0015,C7D14,182
S0015,C7D15,183
S0015,TA4,225
S0015,C9D22,246
S0015,C10D7,259
S0015,C10D7,259
S0015,C11D1,281
S0015,TA5,281
S0015,C11D20,300
S0015,C11D20,300
S0015,TA6,337
S0015,TA7,393
S0015,TA8,449
S0015,C17D8,456
S0015,C17D8,456
S0015,C18D11,487
S0015,TA9,505
S0015,TA10,561
S0015,TA11,617
S0015,C24D21,665
S0015,TA12,673
S0015,C25D2,674
S0015,C25D2,674
S0015,C25D17,689
S0015,C26D9,709
S0015,TA13,729
S0015,EOT,730
S0015,unscheduled,731
S0015,unscheduled,744
S0016,SCREENING,-8
S0016,SCREENING,-8
S0016,SCREENING,-8
S0016,SCREENING,-8
S0016,SCREENING,-8
S0016,SCREENING,-8
S0016,SCREENING,-8
S0016,C1D1,1
S0016,C1D7,7
S0016,C1D15,15
S0016,C1D16,16
S0016,C1D24,24
S0016,C1D26,26
S0016,C2D1,29
S0016,C2D5,33
S0016,C2D7,35
S0016,C2D12,40
S0016,C2D17,45
S0016,TA1,57
S0016,C3D10,66
S0016,C3D25,81
S0016,C4D27,111
S0016,TA2,113
S0016,EOT,113
S0016,C5D2,114
S0016,C5D8,120
S0016,C5D14,126
S0016,C5D15,127
S0016,C5D25,137
S0016,C5D26,138
S0016,C5D28,140
S0017,SCREENING,-8
S0017,SCREENING,-8
S0017,SCREENING,-8
S0017,SCREENING,-8
S0017,SCREENING,-8
S0017,SCREENING,-8
S0017,SCREENING,-8
S0017,C1D1,1
S0017,C2D5,33
S0017,TA1,57
S0017,C4D27,111
S0017,TA2,113
S0017,C6D22,162
S0017,TA3,169
S0017,TA4,225
S0017,C9D23,247
S0017,TA5,281
S0017,C11D28,308
S0017,C12D12,320
S0017,TA6,337
S0017,C14D17,381
S0017,C14D22,386
S0017,TA7,393
S0017,C15D14,406
S0017,TA8,449
S0017,TA9,505
S0017,C20D13,545
S0017,TA10,561
S0017,C21D28,588
S0017,C22D1,589
S0017,C22D14,602
S0017,C22D14,602
S0017,C22D26,614
S0017,C22D26,614
S0017,TA11,617
S0017,C24D21,665
S0017,TA12,673
S0017,EOT,673
S0017,C25D8,680
S0017,C25D21,693
S0018,SCREENING,-8
S0018,SCREENING,-8
S0018,SCREENING,-8
S0018,SCREENING,-8
S0018,SCREENING,-8
S0018,SCREENING,-8
S0018,SCREENING,-8
S0018,C1D1,1
S0018,C1D5,5
S0018,C2D19,47
S0018,TA1,57
S0018,C4D15,99
S0018,C5D1,113
S0018,TA2,113
S0018,C5D25,137
S0018,C5D25,137
S0018,TA3,169
S0018,C7D11,179
S0018,C8D14,210
S0018,TA4,225
S0018,TA5,281
S0018,C12D1,309
S0018,C12D25,333
S0018,C12D25,333
S0018,TA6,337
S0018,C13D27,363
S0018,C14D11,375
S0018,TA7,393
S0018,C15D16,408
S0018,C16D14,434
S0018,TA8,449
S0018,C17D21,469
S0018,TA9,505
S0018,C19D4,508
S0018,C20D13,545
S0018,TA10,561
S0018,C21D8,568
S0018,TA11,617
S0018,C23D11,627
S0018,C23D11,627
S0018,C24D1,645
S0018,EOT,660
S0019,SCREENING,-8
S0019,SCREENING,-8
S0019,SCREENING,-8
S0019,SCREENING,-8
S0019,SCREENING,-8
S0019,SCREENING,-8
S0019,SCREENING,-8
S0019,C1D1,1
S0019,C1D10,10
S0019,C2D20,48
S0019,C3D1,57
S0019,TA1,57
S0019,C3D10,66
S0019,C3D10,66
S0019,C3D12,68
S0019,C3D20,76
S0019,C4D5,89
S0019,C4D19,103
S0019,C4D19,103
S0019,C5D1,113
S0019,TA2,113
S0019,C5D10,122
S0019,C5D11,123
S0019,C5D24,136
S0019,C5D28,140
S0019,C5D28,140
S0019,C6D2,142
S0019,C6D2,142
S0019,C6D8,148
S0019,C6D12,152
S0019,C6D16,156
S0019,C6D18,158
S0019,C6D22,162
S0019,C6D26,166
S0019,C6D28,168
S0019,TA3,169
S0019,EOT,169
S0019,C7D17,185
S0020,SCREENING,-8
S0020,SCREENING,-8
S0020,SCREENING,-8
S0020,SCREENING,-8
S0020,SCREENING,-8
S0020,SCREENING,-8
S0020,SCREENING,-8
S0020,C1D1,1
S0020,C1D1,1
S0020,C1D12,12
S0020,C1D12,12
S0020,C1D28,28
S0020,C2D1,29
S0020,C2D4,32
S0020,C2D6,34
S0020,C2D6,34
S0020,C2D6,34
S0020,C2D9,37
S0020,C2D12,40
S0020,TA1,57
S0020,C3D4,60
S0020,C3D17,73
S0020,C4D12,96
S0020,EOT,104
S0021,SCREENING,-8
S0021,SCREENING,-8
S0021,SCREENING,-8
S0021,SCREENING,-8
S0021,SCREENING,-8
S0021,SCREENING,-8
S0021,SCREENING,-8
S0021,C1D1,1
S0021,C1D6,6
S0021,C2D8,36
S0021,C2D23,51
S0021,C2D23,51
S0021,TA1,57
S0021,C3D12,68
S0021,C3D15,71
S0021,C3D21,77
S0021,C4D1,85
S0021,C4D27,111
S0021,C4D27,111
S0021,TA2,113
S0021,C5D9,121
S0021,C6D6,146
S0021,TA3,169
S0021,C7D6,174
S0021,C7D12,180
S0021,C7D22,190
S0021,C8D8,204
S0021,C8D23,219
S0021,TA4,225
S0021,C9D24,248
S0021,C10D10,262
S0021,C11D1,281
S0021,TA5,281
S0021,C12D4,312
S0021,C12D27,335
S0021,TA6,337
S0021,EOT,337
S0021,C13D4,340
S0021,C13D11,347
S0021,C13D13,349
S0022,SCREENING,-8
S0022,SCREENING,-8
S0022,SCREENING,-8
S0022,SCREENING,-8
S0022,SCREENING,-8
S0022,SCREENING,-8
S0022,SCREENING,-8
S0022,C1D1,1
S0022,C1D16,16
S0022,C1D18,18
S0022,C1D23,23
S0022,C1D24,24
S0022,C1D25,25
S0022,C2D8,36
S0022,C2D16,44
S0022,C2D16,44
S0022,C2D21,49
S0022,TA1,57
S0022,C3D4,60
S0022,C3D6,62
S0022,C3D10,66
S0022,C3D24,80
S0022,C3D25,81
S0022,EOT,84
S0022,C4D5,89
S0022,C4D8,92
S0022,C4D20,104
S0022,C4D24,108
S0023,SCREENING,-8
S0023,SCREENING,-8
S0023,SCREENING,-8
S0023,SCREENING,-8
S0023,SCREENING,-8
S0023,SCREENING,-8
S0023,SCREENING,-8
S0023,C1D1,1
S0023,C1D7,7
S0023,C1D9,9
S0023,TA1,57
S0023,C3D4,60
S0023,C5D1,113
S0023,TA2,113
S0023,C5D17,129
S0023,C5D17,129
S0023,C5D18,130
S0023,C5D19,131
S0023,TA3,169
S0023,C7D20,188
S0023,TA4,225
S0023,TA5,281
S0023,TA6,337
S0023,TA7,393
S0023,C15D7,399
S0023,C15D7,399
S0023,C15D21,413
S0023,C16D28,448
S0023,TA8,449
S0023,C17D24,472
S0023,C18D28,504
S0023,TA9,505
S0023,C19D9,513
S0023,TA10,561
S0023,C22D3,591
S0023,C22D9,597
S0023,TA11,617
S0023,C23D20,636
S0023,C23D23,639
S0023,C25D1,673
S0023,TA12,673
S0023,C25D18,690
S0023,C25D18,690
S0023,TA13,729
S0023,EOT,730
S0024,SCREENING,-8
S0024,SCREENING,-8
S0024,SCREENING,-8
S0024,SCREENING,-8
S0024,SCREENING,-8
S0024,SCREENING,-8
S0024,SCREENING,-8
S0024,C1D1,1
S0024,C1D1,1
S0024,C1D5,5
S0024,C1D7,7
S0024,C1D11,11
S0024,C1D13,13
S0024,C1D17,17
S0024,C1D19,19
S0024,C1D19,19
S0024,C1D22,22
S0024,C2D22,50
S0024,TA1,57
S0024,C3D15,71
S0024,C3D23,79
S0024,C3D27,83
S0024,C4D20,104
S0024,C4D21,105
S0024,C4D24,108
S0024,TA2,113
S0024,EOT,113
S0024,C5D7,119
S0024,C5D7,119
S0024,C5D15,127
S0024,C5D15,127
S0024,C5D28,140
S0025,SCREENING,-8
S0025,SCREENING,-8
S0025,SCREENING,-8
S0025,SCREENING,-8
S0025,SCREENING,-8
S0025,SCREENING,-8
S0025,SCREENING,-8
S0025,C1D1,1
S0025,C1D15,15
S0025,C2D5,33
S0025,C2D8,36
S0025,C2D13,41
S0025,C2D17,45
S0025,C3D1,57
S0025,TA1,57
S0025,C3D2,58
S0025,C3D2,58
S0025,C3D3,59
S0025,C3D11,67
S0025,C3D17,73
S0025,C3D26,82
S0025,C3D26,82
S0025,C4D2,86
S0025,C4D24,108
S0025,TA2,113
S0025,C5D5,117
S0025,C6D7,147
S0025,C6D16,156
S0025,C6D26,166
S0025,C6D28,168
S0025,TA3,169
S0025,EOT,169
S0025,C7D13,181
S0025,C7D19,187
S0025,C8D3,199
S0026,SCREENING,-8
S0026,SCREENING,-8
S0026,SCREENING,-8
S0026,SCREENING,-8
S0026,SCREENING,-8
S0026,SCREENING,-8
S0026,SCREENING,-8
S0026,C1D1,1
S0026,C1D7,7
S0026,C1D7,7
S0026,C1D7,7
S0026,C1D9,9
S0026,C2D21,49
S0026,TA1,57
S0026,TA2,113
S0026,C5D26,138
S0026,TA3,169
S0026,C7D5,173
S0026,C7D6,174
S0026,C7D26,194
S0026,C8D1,197
S0026,C8D1,197
S0026,TA4,225
S0026,C9D19,243
S0026,C10D7,259
S0026,C10D14,266
S0026,TA5,281
S0026,C12D5,313
S0026,TA6,337
S0026,C13D14,350
S0026,C14D14,378
S0026,C14D18,382
S0026,TA7,393
S0026,C15D25,417
S0026,TA8,449
S0026,TA9,505
S0026,C19D19,523
S0026,C20D4,536
S0026,TA10,561
S0026,C21D8,568
S0026,C22D1,589
S0026,C22D11,599
S0026,C22D24,612
S0026,C22D24,612
S0026,TA11,617
S0026,C24D6,650
S0026,TA12,673
S0026,C26D3,703
S0026,TA13,729
S0026,EOT,730
S0027,SCREENING,-8
S0027,SCREENING,-8
S0027,SCREENING,-8
S0027,SCREENING,-8
S0027,SCREENING,-8
S0027,SCREENING,-8
S0027,SCREENING,-8
S0027,C1D1,1
S0027,C1D4,4
S0027,C1D19,19
S0027,TA1,57
S0027,C3D11,67
S0027,TA2,113
S0027,C7D1,169
S0027,TA3,169
S0027,C7D15,183
S0027,C7D15,183
S0027,TA4,225
S0027,C11D1,281
S0027,TA5,281
S0027,C11D9,289
S0027,C11D9,289
S0027,C11D22,302
S0027,TA6,337
S0027,TA7,393
S0027,C15D24,416
S0027,C15D24,416
S0027,TA8,449
S0027,C17D21,469
S0027,C17D27,475
S0027,C18D13,489
S0027,TA9,505
S0027,C20D24,556
S0027,TA10,561
S0027,C21D28,588
S0027,C21D28,588
S0027,TA11,617
S0027,C24D16,660
S0027,TA12,673
S0027,C26D1,701
S0027,C26D6,706
S0027,C26D6,706
S0027,C26D21,721
S0027,C26D27,727
S0027,C26D27,727
S0027,TA13,729
S0027,EOT,729
S0027,C27D2,730
S0027,unscheduled,731
S0027,unscheduled,744
S0027,unscheduled,751
S0028,SCREENING,-8
S0028,SCREENING,-8
S0028,SCREENING,-8
S0028,SCREENING,-8
S0028,SCREENING,-8
S0028,SCREENING,-8
S0028,SCREENING,-8
S0028,C1D1,1
S0028,C1D6,6
S0028,TA1,57
S0028,C3D4,60
S0028,C3D11,67
S0028,C3D28,84
S0028,C4D28,112
S0028,TA2,113
S0028,C5D4,116
S0028,C6D4,144
S0028,C6D6,146
S0028,C6D10,150
S0028,TA3,169
S0028,C7D21,189
S0028,C8D6,202
S0028,C8D21,217
S0028,TA4,225
S0028,C9D15,239
S0028,C9D17,241
S0028,C10D2,254
S0028,C10D10,262
S0028,C10D17,269
S0028,TA5,281
S0028,EOT,281
S0028,C11D26,306
S0028,C11D26,306
S0029,SCREENING,-8
S0029,SCREENING,-8
S0029,SCREENING,-8
S0029,SCREENING,-8
S0029,SCREENING,-8
S0029,SCREENING,-8
S0029,SCREENING,-8
S0029,C1D1,1
S0029,C1D21,21
S0029,C2D6,34
S0029,TA1,57
S0029,C4D2,86
S0029,C5D1,113
S0029,TA2,113
S0029,C5D17,129
S0029,C5D17,129
S0029,C5D17,129
S0029,C5D19,131
S0029,C5D21,133
S0029,C6D20,160
S0029,TA3,169
S0029,C7D5,173
S0029,C7D20,188
S0029,C7D28,196
S0029,TA4,225
S0029,C10D13,265
S0029,C10D13,265
S0029,TA5,281
S0029,C11D9,289
S0029,TA6,337
S0029,C13D20,356
S0029,C14D9,373
S0029,TA7,393
S0029,C15D16,408
S0029,C15D20,412
S0029,EOT,434
S0030,SCREENING,-8
S0030,SCREENING,-8
S0030,SCREENING,-8
S0030,SCREENING,-8
S0030,SCREENING,-8
S0030,SCREENING,-8
S0030,SCREENING,-8
S0030,C1D1,1
S0030,C1D14,14
S0030,C3D1,57
S0030,C3D1,57
S0030,TA1,57
S0030,C4D11,95
S0030,TA2,113
S0030,C5D2,114
S0030,C6D7,147
S0030,C6D28,168
S0030,TA3,169
S0030,C7D14,182
S0030,TA4,225
S0030,TA5,281
S0030,C11D14,294
S0030,C13D1,337
S0030,TA6,337
S0030,C13D4,340
S0030,C13D20,356
S0030,C13D20,356
S0030,C14D4,368
S0030,C14D9,373
S0030,C14D22,386
S0030,TA7,393
S0030,C15D3,395
S0030,C15D13,405
S0030,TA8,449
S0030,EOT,449
S0030,C17D7,455
S0030,C17D7,455
S0031,SCREENING,-8
S0031,SCREENING,-8
S0031,SCREENING,-8
S0031,SCREENING,-8
S0031,SCREENING,-8
S0031,SCREENING,-8
S0031,SCREENING,-8
S0031,C1D1,1
S0031,C1D21,21
S0031,C2D19,47
S0031,C2D19,47
S0031,TA1,57
S0031,C3D5,61
S0031,C3D12,68
S0031,C3D15,71
S0031,TA2,113
S0031,C5D11,123
S0031,C5D11,123
S0031,C6D20,160
S0031,TA3,169
S0031,C7D11,179
S0031,C8D7,203
S0031,C8D23,219
S0031,C8D23,219
S0031,C8D26,222
S0031,C9D1,225
S0031,TA4,225
S0031,C9D8,232
S0031,C9D8,232
S0031,C9D20,244
S0031,C9D20,244
S0031,EOT,252
S0031,C10D1,253
S0032,SCREENING,-8
S0032,SCREENING,-8
S0032,SCREENING,-8
S0032,SCREENING,-8
S0032,SCREENING,-8
S0032,SCREENING,-8
S0032,SCREENING,-8
S0032,C1D1,1
S0032,C1D14,14
S0032,C3D1,57
S0032,TA1,57
S0032,C3D22,78
S0032,C3D22,78
S0032,C4D27,111
S0032,TA2,113
S0032,C5D10,122
S0032,TA3,169
S0032,C7D5,173
S0032,C7D12,180
S0032,C7D17,185
S0032,C7D26,194
S0032,C8D21,217
S0032,TA4,225
S0032,TA5,281
S0032,TA6,337
S0032,C13D17,353
S0032,C13D27,363
S0032,C13D27,363
S0032,C14D9,373
S0032,TA7,393
S0032,C16D25,445
S0032,TA8,449
S0032,TA9,505
S0032,C20D3,535
S0032,C20D9,541
S0032,TA10,561
S0032,C21D2,562
S0032,TA11,617
S0032,TA12,673
S0032,C25D7,679
S0032,TA13,729
S0032,EOT,729
S0033,SCREENING,-8
S0033,SCREENING,-8
S0033,SCREENING,-8
S0033,SCREENING,-8
S0033,SCREENING,-8
S0033,SCREENING,-8
S0033,SCREENING,-8
S0033,C1D1,1
S0033,C1D2,2
S0033,C2D7,35
S0033,C2D8,36
S0033,C2D8,36
S0033,C2D9,37
S0033,TA1,57
S0033,C4D1,85
S0033,C4D4,88
S0033,C4D4,88
S0033,C4D6,90
S0033,C4D18,102
S0033,TA2,113
S0033,C5D2,114
S0033,C5D2,114
S0033,C5D21,133
S0033,C5D24,136
S0033,C5D27,139
S0033,C7D1,169
S0033,TA3,169
S0033,C7D22,190
S0033,C7D22,190
S0033,C8D7,203
S0033,C8D8,204
S0033,TA4,225
S0033,C9D8,232
S0033,C9D13,237
S0033,C9D23,247
S0033,C9D28,252
S0033,C9D28,252
S0033,C10D6,258
S0033,TA5,281
S0033,EOT,281
S0033,C11D7,287
S0034,SCREENING,-8
S0034,SCREENING,-8
S0034,SCREENING,-8
S0034,SCREENING,-8
S0034,SCREENING,-8
S0034,SCREENING,-8
S0034,SCREENING,-8
S0034,C1D1,1
S0034,C1D7,7
S0034,C1D24,24
S0034,C1D27,27
S0034,TA1,57
S0034,C4D1,85
S0034,C4D3,87
S0034,C4D12,96
S0034,C4D13,97
S0034,C4D24,108
S0034,C4D24,108
S0034,TA2,113
S0034,TA3,169
S0034,C7D8,176
S0034,C8D2,198
S0034,TA4,225
S0034,C10D9,261
S0034,TA5,281
S0034,C12D12,320
S0034,TA6,337
S0034,C14D1,365
S0034,C14D1,365
S0034,C14D4,368
S0034,C14D6,370
S0034,C14D6,370
S0034,C14D11,375
S0034,C15D1,393
S0034,TA7,393
S0034,C16D18,438
S0034,TA8,449
S0034,TA9,505
S0034,EOT,505
S0034,C19D24,528
S0035,SCREENING,-8
S0035,SCREENING,-8
S0035,SCREENING,-8
S0035,SCREENING,-8
S0035,SCREENING,-8
S0035,SCREENING,-8
S0035,SCREENING,-8
S0035,C1D1,1
S0035,C1D6,6
S0035,C2D18,46
S0035,TA1,57
S0035,C3D6,62
S0035,C3D18,74
S0035,C4D5,89
S0035,C4D17,101
S0035,C4D26,110
S0035,TA2,113
S0035,C5D4,116
S0035,C5D4,116
S0035,C5D15,127
S0035,C5D15,127
S0035,TA3,169
S0035,C7D6,174
S0035,C7D7,175
S0035,C7D14,182
S0035,C7D21,189
S0035,C8D5,201
S0035,TA4,225
S0035,EOT,225
S0035,C9D10,234
S0035,C9D16,240
S0035,C9D23,247
S0035,C9D25,249
S0036,SCREENING,-8
S0036,SCREENING,-8
S0036,SCREENING,-8
S0036,SCREENING,-8
S0036,SCREENING,-8
S0036,SCREENING,-8
S0036,SCREENING,-8
S0036,C1D1,1
S0036,C2D8,36
S0036,TA1,57
S0036,C4D6,90
S0036,TA2,113
S0036,TA3,169
S0036,C7D14,182
S0036,C8D13,209
S0036,C9D1,225
S0036,TA4,225
S0036,C9D5,229
S0036,C9D5,229
S0036,TA5,281
S0036,C11D8,288
S0036,C11D15,295
S0036,TA6,337
S0036,C13D15,351
S0036,TA7,393
S0036,TA8,449
S0036,C17D18,466
S0036,TA9,505
S0036,C19D25,529
S0036,C20D6,538
S0036,C20D19,551
S0036,TA10,561
S0036,TA11,617
S0036,C23D5,621
S0036,C25D1,673
S0036,TA12,673
S0036,C25D15,687
S0036,C26D21,721
S0036,TA13,729
S0036,EOT,730
S0037,SCREENING,-8
S0037,SCREENING,-8
S0037,SCREENING,-8
S0037,SCREENING,-8
S0037,SCREENING,-8
S0037,SCREENING,-8
S0037,SCREENING,-8
S0037,C1D1,1
S0037,C1D3,3
S0037,C1D14,14
S0037,C1D21,21
S0037,C1D21,21
S0037,C2D1,29
S0037,C2D1,29
S0037,C2D2,30
S0037,C2D13,41
S0037,C2D26,54
S0037,C3D1,57
S0037,TA1,57
S0037,C3D17,73
S0037,C3D22,78
S0037,C3D23,79
S0037,C3D23,79
S0037,C4D1,85
S0037,C4D2,86
S0037,C4D2,86
S0037,C4D5,89
S0037,C4D16,100
S0037,C4D28,112
S0037,TA2,113
S0037,C5D13,125
S0037,C5D15,127
S0037,C6D2,142
S0037,C6D7,147
S0037,TA3,169
S0037,EOT,169
S0037,C7D2,170
S0037,C7D2,170
S0037,C7D4,172
S0038,SCREENING,-8
S0038,SCREENING,-8
S0038,SCREENING,-8
S0038,SCREENING,-8
S0038,SCREENING,-8
S0038,SCREENING,-8
S0038,SCREENING,-8
S0038,C1D1,1
S0038,C1D1,1
S0038,C1D4,4
S0038,C1D10,10
S0038,C1D10,10
S0038,C1D12,12
S0038,C1D18,18
S0038,C1D27,27
S0038,C1D27,27
S0038,C2D2,30
S0038,C2D2,30
S0038,C2D4,32
S0038,C2D6,34
S0038,C2D7,35
S0038,C2D10,38
S0038,C2D16,44
S0038,C2D21,49
S0038,C2D22,50
S0038,C2D24,52
S0038,TA1,57
S0038,EOT,57
S0038,C3D4,60
S0038,C3D5,61
S0038,C3D10,66
S0038,C3D11,67
S0038,C3D14,70
S0038,C3D20,76
S0038,C3D27,83
S0038,C4D2,86
S0038,C4D2,86
S0038,C4D3,87
S0039,SCREENING,-8
S0039,SCREENING,-8
S0039,SCREENING,-8
S0039,SCREENING,-8
S0039,SCREENING,-8
S0039,SCREENING,-8
S0039,SCREENING,-8
S0039,C1D1,1
S0039,C2D10,38
S0039,C2D14,42
S0039,TA1,57
S0039,C4D5,89
S0039,TA2,113
S0039,C5D23,135
S0039,C6D1,141
S0039,C6D1,141
S0039,C6D1,141
S0039,C6D19,159
S0039,TA3,169
S0039,C7D16,184
S0039,C7D28,196
S0039,TA4,225
S0039,TA5,281
S0039,C12D20,328
S0039,TA6,337
S0039,C13D8,344
S0039,C13D9,345
S0039,C13D17,353
S0039,C14D1,365
S0039,C14D21,385
S0039,C14D21,385
S0039,C14D24,388
S0039,TA7,393
S0039,C16D24,444
S0039,TA8,449
S0039,TA9,505
S0039,TA10,561
S0039,C21D7,567
S0039,TA11,617
S0039,C24D16,660
S0039,TA12,673
S0039,C25D19,691
S0039,TA13,729
S0039,EOT,730
S0039,unscheduled,733
S0040,SCREENING,-8
S0040,SCREENING,-8
S0040,SCREENING,-8
S0040,SCREENING,-8
S0040,SCREENING,-8
S0040,SCREENING,-8
S0040,SCREENING,-8
S0040,C1D1,1
S0040,C1D14,14
S0040,C2D2,30
S0040,C2D4,32
S0040,C2D9,37
S0040,C2D19,47
S0040,C2D22,50
S0040,C3D1,57
S0040,TA1,57
S0040,C3D11,67
S0040,C3D18,74
S0040,C3D28,84
S0040,C4D1,85
S0040,C4D3,87
S0040,C4D4,88
S0040,C4D11,95
S0040,C4D11,95
S0040,C4D11,95
S0040,C4D23,107
S0040,TA2,113
S0040,C5D3,115
S0040,C5D3,115
S0040,C6D9,149
S0040,C6D12,152
S0040,TA3,169
S0040,EOT,169
S0040,C7D3,171
S0040,C7D19,187
S0040,C7D19,187
S0040,C8D2,198
S0041,SCREENING,-8
S0041,SCREENING,-8
S0041,SCREENING,-8
S0041,SCREENING,-8
S0041,SCREENING,-8
S0041,SCREENING,-8
S0041,SCREENING,-8
S0041,C1D1,1
S0041,C1D1,1
S0041,C1D14,14
S0041,C1D18,18
S0041,C1D20,20
S0041,C1D23,23
S0041,C1D23,23
S0041,C2D3,31
S0041,C2D25,53
S0041,TA1,57
S0041,C3D10,66
S0041,C4D11,95
S0041,C4D12,96
S0041,TA2,113
S0041,C5D3,115
S0041,C5D6,118
S0041,C5D21,133
S0041,C5D22,134
S0041,C5D23,135
S0041,C6D6,146
S0041,C6D13,153
S0041,C6D17,157
S0041,C6D20,160
S0041,TA3,169
S0041,EOT,169
S0041,C7D14,182
S0041,C7D18,186
S0041,C7D26,194
S0041,C7D27,195
S0041,C8D1,197
S0041,C8D3,199
S0042,SCREENING,-8
S0042,SCREENING,-8
S0042,SCREENING,-8
S0042,SCREENING,-8
S0042,SCREENING,-8
S0042,SCREENING,-8
S0042,SCREENING,-8
S0042,C1D1,1
S0042,C2D12,40
S0042,C2D27,55
S0042,C2D28,56
S0042,TA1,57
S0042,C3D7,63
S0042,C4D14,98
S0042,C4D14,98
S0042,C4D14,98
S0042,C4D26,110
S0042,C4D27,111
S0042,C5D1,113
S0042,TA2,113
S0042,C5D6,118
S0042,C5D7,119
S0042,C5D7,119
S0042,C5D8,120
S0042,C5D23,135
S0042,C5D23,135
S0042,C6D1,141
S0042,C6D2,142
S0042,C6D18,158
S0042,C6D28,168
S0042,C6D28,168
S0042,C6D28,168
S0042,TA3,169
S0042,EOT,169
S0042,C7D2,170
S0042,C7D22,190
S0042,C7D22,190
S0042,C7D23,191
S0042,C8D1,197
S0043,SCREENING,-8
S0043,SCREENING,-8
S0043,SCREENING,-8
S0043,SCREENING,-8
S0043,SCREENING,-8
S0043,SCREENING,-8
S0043,SCREENING,-8
S0043,C1D1,1
S0043,TA1,57
S0043,C3D5,61
S0043,C3D18,74
S0043,C4D26,110
S0043,C4D26,110
S0043,TA2,113
S0043,C5D7,119
S0043,C5D16,128
S0043,C6D9,149
S0043,C6D21,161
S0043,C7D1,169
S0043,TA3,169
S0043,C7D2,170
S0043,C7D3,171
S0043,C7D3,171
S0043,C7D6,174
S0043,C8D19,215
S0043,C8D25,221
S0043,TA4,225
S0043,C10D5,257
S0043,C10D10,262
S0043,TA5,281
S0043,C13D1,337
S0043,TA6,337
S0043,C13D6,342
S0043,C13D20,356
S0043,C13D20,356
S0043,C14D4,368
S0043,TA7,393
S0043,EOT,393
S0043,C15D21,413
S0044,SCREENING,-8
S0044,SCREENING,-8
S0044,SCREENING,-8
S0044,SCREENING,-8
S0044,SCREENING,-8
S0044,SCREENING,-8
S0044,SCREENING,-8
S0044,C1D1,1
S0044,C2D25,53
S0044,TA1,57
S0044,C3D24,80
S0044,C3D28,84
S0044,TA2,113
S0044,C5D9,121
S0044,TA3,169
S0044,TA4,225
S0044,C9D3,227
S0044,TA5,281
S0044,C11D20,300
S0044,C12D27,335
S0044,TA6,337
S0044,C14D2,366
S0044,TA7,393
S0044,TA8,449
S0044,C17D23,471
S0044,C18D1,477
S0044,TA9,505
S0044,C19D20,524
S0044,C19D23,527
S0044,C19D25,529
S0044,TA10,561
S0044,TA11,617
S0044,C23D9,625
S0044,C23D15,631
S0044,TA12,673
S0044,C26D1,701
S0044,C26D5,705
S0044,C26D5,705
S0044,C26D23,723
S0044,TA13,729
S0044,EOT,730
S0045,SCREENING,-8
S0045,SCREENING,-8
S0045,SCREENING,-8
S0045,SCREENING,-8
S0045,SCREENING,-8
S0045,SCREENING,-8
S0045,SCREENING,-8
S0045,C1D1,1
S0045,C1D5,5
S0045,C1D5,5
S0045,C1D9,9
S0045,C1D10,10
S0045,C1D13,13
S0045,C1D13,13
S0045,C1D14,14
S0045,C1D15,15
S0045,C1D17,17
S0045,C2D6,34
S0045,C2D9,37
S0045,C2D19,47
S0045,C2D24,52
S0045,C2D25,53
S0045,C3D1,57
S0045,C3D1,57
S0045,TA1,57
S0045,EOT,57
S0045,C3D3,59
S0045,C3D12,68
S0045,C3D15,71
S0045,C3D15,71
S0045,C3D21,77
S0045,C3D21,77
S0045,C3D28,84
S0045,C3D28,84
S0046,SCREENING,-8
S0046,SCREENING,-8
S0046,SCREENING,-8
S0046,SCREENING,-8
S0046,SCREENING,-8
S0046,SCREENING,-8
S0046,SCREENING,-8
S0046,C1D1,1
S0046,C2D4,32
S0046,C2D16,44
S0046,C2D23,51
S0046,C2D23,51
S0046,TA1,57
S0046,C3D22,78
S0046,C4D8,92
S0046,C4D11,95
S0046,C4D15,99
S0046,C4D16,100
S0046,C5D1,113
S0046,TA2,113
S0046,C5D19,131
S0046,C5D25,137
S0046,C5D25,137
S0046,C6D20,160
S0046,TA3,169
S0046,C7D5,173
S0046,C7D10,178
S0046,C7D17,185
S0046,C8D1,197
S0046,C8D7,203
S0046,C8D7,203
S0046,C8D16,212
S0046,C8D24,220
S0046,TA4,225
S0046,C9D6,230
S0046,C9D11,235
S0046,TA5,281
S0046,EOT,281
S0046,C11D18,298
S0047,SCREENING,-8
S0047,SCREENING,-8
S0047,SCREENING,-8
S0047,SCREENING,-8
S0047,SCREENING,-8
S0047,SCREENING,-8
S0047,SCREENING,-8
S0047,C1D1,1
S0047,C1D1,1
S0047,C1D5,5
S0047,C1D11,11
S0047,C1D11,11
S0047,C1D18,18
S0047,C1D19,19
S0047,C1D25,25
S0047,C1D27,27
S0047,C2D2,30
S0047,C2D2,30
S0047,C2D2,30
S0047,C2D4,32
S0047,C2D5,33
S0047,C2D6,34
S0047,C2D7,35
S0047,C2D15,43
S0047,C2D28,56
S0047,TA1,57
S0047,EOT,57
S0047,C3D5,61
S0047,C3D7,63
S0047,C3D9,65
S0047,C3D21,77
S0048,SCREENING,-8
S0048,SCREENING,-8
S0048,SCREENING,-8
S0048,SCREENING,-8
S0048,SCREENING,-8
S0048,SCREENING,-8
S0048,SCREENING,-8
S0048,C1D1,1
S0048,C1D19,19
S0048,TA1,57
S0048,C5D1,113
S0048,TA2,113
S0048,C5D2,114
S0048,C6D11,151
S0048,TA3,169
S0048,TA4,225
S0048,C9D2,226
S0048,C9D8,232
S0048,C9D13,237
S0048,C10D20,272
S0048,TA5,281
S0048,C11D10,290
S0048,C12D28,336
S0048,TA6,337
S0048,TA7,393
S0048,C16D17,437
S0048,C16D23,443
S0048,TA8,449
S0048,C17D7,455
S0048,C18D9,485
S0048,C19D1,505
S0048,TA9,505
S0048,C19D9,513
S0048,C19D22,526
S0048,C19D22,526
S0048,TA10,561
S0048,C21D8,568
S0048,TA11,617
S0048,C24D21,665
S0048,TA12,673
S0048,C25D8,680
S0048,C25D18,690
S0048,TA13,729
S0048,EOT,730
S0049,SCREENING,-8
S0049,SCREENING,-8
S0049,SCREENING,-8
S0049,SCREENING,-8
S0049,SCREENING,-8
S0049,SCREENING,-8
S0049,SCREENING,-8
S0049,C1D1,1
S0049,C1D1,1
S0049,C1D3,3
S0049,C1D13,13
S0049,C1D20,20
S0049,C1D22,22
S0049,C1D22,22
S0049,C1D23,23
S0049,C1D27,27
S0049,C2D6,34
S0049,C2D6,34
S0049,C2D13,41
S0049,C2D27,55
S0049,TA1,57
S0049,C4D12,96
S0049,C4D19,103
S0049,C4D27,111
S0049,TA2,113
S0049,C5D5,117
S0049,C5D24,136
S0049,C6D2,142
S0049,C6D3,143
S0049,C6D10,150
S0049,C6D22,162
S0049,TA3,169
S0049,EOT,169
S0049,C7D3,171
S0049,C7D3,171
S0049,C7D10,178
S0049,C7D21,189
S0050,SCREENING,-8
S0050,SCREENING,-8
S0050,SCREENING,-8
S0050,SCREENING,-8
S0050,SCREENING,-8
S0050,SCREENING,-8
S0050,SCREENING,-8
S0050,C1D1,1
S0050,C1D1,1
S0050,C1D1,1
S0050,C1D9,9
S0050,C1D9,9
S0050,C2D3,31
S0050,C2D16,44
S0050,TA1,57
S0050,C3D24,80
S0050,C3D26,82
S0050,C3D26,82
S0050,TA2,113
S0050,C6D2,142
S0050,TA3,169
S0050,C7D11,179
S0050,C8D14,210
S0050,TA4,225
S0050,C10D5,257
S0050,TA5,281
S0050,C11D17,297
S0050,C12D19,327
S0050,TA6,337
S0050,C13D7,343
S0050,C13D12,348
S0050,C13D17,353
S0050,C14D19,383
S0050,C14D25,389
S0050,TA7,393
S0050,EOT,393
S0051,SCREENING,-8
S0051,SCREENING,-8
S0051,SCREENING,-8
S0051,SCREENING,-8
S0051,SCREENING,-8
S0051,SCREENING,-8
S0051,SCREENING,-8
S0051,C1D1,1
S0051,C1D3,3
S0051,C2D10,38
S0051,TA1,57
S0051,C4D1,85
S0051,C4D11,95
S0051,C4D11,95
S0051,C4D22,106
S0051,C4D22,106
S0051,C4D26,110
S0051,TA2,113
S0051,C5D4,116
S0051,TA3,169
S0051,C7D7,175
S0051,C7D15,183
S0051,C8D4,200
S0051,C8D20,216
S0051,C8D24,220
S0051,TA4,225
S0051,C10D9,261
S0051,TA5,281
S0051,C13D1,337
S0051,TA6,337
S0051,C13D15,351
S0051,C13D15,351
S0051,C14D3,367
S0051,TA7,393
S0051,C15D24,416
S0051,TA8,449
S0051,C17D9,457
S0051,TA9,505
S0051,C20D3,535
S0051,TA10,561
S0051,C22D4,592
S0051,C22D16,604
S0051,TA11,617
S0051,C24D11,655
S0051,C24D11,655
S0051,C24D12,656
S0051,TA12,673
S0051,C25D3,675
S0051,C26D17,717
S0051,TA13,729
S0051,EOT,730
S0052,SCREENING,-8
S0052,SCREENING,-8
S0052,SCREENING,-8
S0052,SCREENING,-8
S0052,SCREENING,-8
S0052,SCREENING,-8
S0052,SCREENING,-8
S0052,C1D1,1
S0052,C1D28,28
S0052,TA1,57
S0052,C3D19,75
S0052,C3D26,82
S0052,C5D1,113
S0052,TA2,113
S0052,C5D18,130
S0052,C5D21,133
S0052,C5D21,133
S0052,TA3,169
S0052,C8D23,219
S0052,TA4,225
S0052,C10D22,274
S0052,TA5,281
S0052,C11D16,296
S0052,C11D28,308
S0052,C12D22,330
S0052,TA6,337
S0052,C13D3,339
S0052,C13D7,343
S0052,TA7,393
S0052,TA8,449
S0052,TA9,505
S0052,C20D22,554
S0052,TA10,561
S0052,C21D3,563
S0052,C21D4,564
S0052,C21D21,581
S0052,TA11,617
S0052,C24D17,661
S0052,TA12,673
S0052,TA13,729
S0052,EOT,730
S0052,unscheduled,746
S0052,unscheduled,747
S0053,SCREENING,-8
S0053,SCREENING,-8
S0053,SCREENING,-8
S0053,SCREENING,-8
S0053,SCREENING,-8
S0053,SCREENING,-8
S0053,SCREENING,-8
S0053,C1D1,1
S0053,C1D2,2
S0053,C1D2,2
S0053,C1D3,3
S0053,C1D7,7
S0053,C1D15,15
S0053,C1D23,23
S0053,C2D17,45
S0053,TA1,57
S0053,EOT,57
S0053,C3D5,61
S0053,C3D10,66
S0053,C3D14,70
S0053,C3D14,70
S0053,C3D18,74
S0053,C3D19,75
S0053,C3D20,76
S0053,C3D21,77
S0053,C3D24,80
S0053,C3D24,80
S0053,C3D24,80
S0053,C4D1,85
S0053,C4D2,86
S0054,SCREENING,-8
S0054,SCREENING,-8
S0054,SCREENING,-8
S0054,SCREENING,-8
S0054,SCREENING,-8
S0054,SCREENING,-8
S0054,SCREENING,-8
S0054,C1D1,1
S0054,C1D2,2
S0054,C1D9,9
S0054,C1D26,26
S0054,C1D27,27
S0054,C2D1,29
S0054,C2D19,47
S0054,C3D1,57
S0054,TA1,57
S0054,C3D15,71
S0054,C3D15,71
S0054,C3D17,73
S0054,C3D21,77
S0054,C3D21,77
S0054,C4D2,86
S0054,C4D5,89
S0054,C4D9,93
S0054,C4D10,94
S0054,C4D14,98
S0054,C4D15,99
S0054,C4D24,108
S0054,EOT,108
S0055,SCREENING,-8
S0055,SCREENING,-8
S0055,SCREENING,-8
S0055,SCREENING,-8
S0055,SCREENING,-8
S0055,SCREENING,-8
S0055,SCREENING,-8
S0055,C1D1,1
S0055,C1D9,9
S0055,C1D27,27
S0055,C2D8,36
S0055,C2D25,53
S0055,TA1,57
S0055,C3D12,68
S0055,C3D20,76
S0055,C4D15,99
S0055,TA2,113
S0055,C5D25,137
S0055,C6D16,156
S0055,TA3,169
S0055,C7D19,187
S0055,C7D25,193
S0055,C7D26,194
S0055,C8D1,197
S0055,C8D5,201
S0055,C8D19,215
S0055,C8D19,215
S0055,C8D25,221
S0055,TA4,225
S0055,EOT,225
S0055,C9D14,238
S0056,SCREENING,-8
S0056,SCREENING,-8
S0056,SCREENING,-8
S0056,SCREENING,-8
S0056,SCREENING,-8
S0056,SCREENING,-8
S0056,SCREENING,-8
S0056,C1D1,1
S0056,C1D15,15
S0056,C2D2,30
S0056,C3D1,57
S0056,TA1,57
S0056,C3D18,74
S0056,C3D18,74
S0056,C3D20,76
S0056,TA2,113
S0056,C5D7,119
S0056,C7D1,169
S0056,TA3,169
S0056,TA4,225
S0056,C10D11,263
S0056,TA5,281
S0056,C11D18,298
S0056,TA6,337
S0056,C14D26,390
S0056,TA7,393
S0056,TA8,449
S0056,C17D2,450
S0056,C17D20,468
S0056,TA9,505
S0056,C19D7,511
S0056,C20D9,541
S0056,TA10,561
S0056,C21D2,562
S0056,C22D21,609
S0056,TA11,617
S0056,C23D13,629
S0056,TA12,673
S0056,C25D2,674
S0056,TA13,729
S0056,EOT,730
S0057,SCREENING,-8
S0057,SCREENING,-8
S0057,SCREENING,-8
S0057,SCREENING,-8
S0057,SCREENING,-8
S0057,SCREENING,-8
S0057,SCREENING,-8
S0057,C1D1,1
S0057,C1D1,1
S0057,C1D1,1
S0057,C1D2,2
S0057,C1D7,7
S0057,C1D8,8
S0057,C1D12,12
S0057,C1D13,13
S0057,C1D16,16
S0057,C1D16,16
S0057,C1D26,26
S0057,C2D2,30
S0057,C2D14,42
S0057,C2D24,52
S0057,TA1,57
S0057,EOT,57
S0057,C3D2,58
S0057,C3D2,58
S0057,C3D7,63
S0057,C3D18,74
S0057,C3D20,76
S0057,C3D23,79
S0057,C3D24,80
S0057,C3D27,83
S0057,C3D27,83
S0057,C3D28,84
S0057,C4D2,86
S0058,SCREENING,-8
S0058,SCREENING,-8
S0058,SCREENING,-8
S0058,SCREENING,-8
S0058,SCREENING,-8
S0058,SCREENING,-8
S0058,SCREENING,-8
S0058,C1D1,1
S0058,C2D25,53
S0058,TA1,57
S0058,C3D8,64
S0058,C3D22,78
S0058,C3D27,83
S0058,C4D7,91
S0058,C4D19,103
S0058,TA2,113
S0058,C5D22,134
S0058,C6D12,152
S0058,TA3,169
S0058,C7D4,172
S0058,C8D9,205
S0058,TA4,225
S0058,TA5,281
S0058,C11D2,282
S0058,C11D18,298
S0058,C12D1,309
S0058,C12D2,310
S0058,C12D17,325
S0058,C12D17,325
S0058,TA6,337
S0058,C13D4,340
S0058,TA7,393
S0058,TA8,449
S0058,C17D15,463
S0058,TA9,505
S0058,C20D11,543
S0058,C20D25,557
S0058,TA10,561
S0058,TA11,617
S0058,C23D21,637
S0058,TA12,673
S0058,C25D27,699
S0058,TA13,729
S0058,EOT,730
S0059,SCREENING,-8
S0059,SCREENING,-8
S0059,SCREENING,-8
S0059,SCREENING,-8
S0059,SCREENING,-8
S0059,SCREENING,-8
S0059,SCREENING,-8
S0059,C1D1,1
S0059,C1D1,1
S0059,C1D5,5
S0059,C1D10,10
S0059,C1D17,17
S0059,C1D28,28
S0059,C1D28,28
S0059,C2D6,34
S0059,C2D19,47
S0059,C2D19,47
S0059,TA1,57
S0059,C3D5,61
S0059,C3D14,70
S0059,C3D16,72
S0059,C3D18,74
S0059,C3D25,81
S0059,C3D28,84
S0059,C3D28,84
S0059,C4D15,99
S0059,C4D16,100
S0059,C4D20,104
S0059,C4D21,105
S0059,TA2,113
S0059,EOT,113
S0059,C5D2,114
S0059,C5D9,121
S0059,C5D9,121
S0059,C5D15,127
S0060,SCREENING,-8
S0060,SCREENING,-8
S0060,SCREENING,-8
S0060,SCREENING,-8
S0060,SCREENING,-8
S0060,SCREENING,-8
S0060,SCREENING,-8
S0060,C1D1,1
S0060,C1D18,18
S0060,C2D1,29
S0060,C2D13,41
S0060,C2D13,41
S0060,EOT,41
S0060,C3D11,67
S0061,SCREENING,-8
S0061,SCREENING,-8
S0061,SCREENING,-8
S0061,SCREENING,-8
S0061,SCREENING,-8
S0061,SCREENING,-8
S0061,SCREENING,-8
S0061,C1D1,1
S0061,C1D1,1
S0061,C2D4,32
S0061,C3D1,57
S0061,TA1,57
S0061,C3D14,70
S0061,C3D26,82
S0061,TA2,113
S0061,C5D24,136
S0061,C6D10,150
S0061,C6D12,152
S0061,TA3,169
S0061,C7D6,174
S0061,C7D23,191
S0061,C8D1,197
S0061,C8D2,198
S0061,C8D2,198
S0061,C8D7,203
S0061,C8D24,220
S0061,TA4,225
S0061,EOT,251
S0061,C10D4,256
S0061,C10D7,259
S0061,C10D7,259
S0062,SCREENING,-8
S0062,SCREENING,-8
S0062,SCREENING,-8
S0062,SCREENING,-8
S0062,SCREENING,-8
S0062,SCREENING,-8
S0062,SCREENING,-8
S0062,C1D1,1
S0062,C1D15,15
S0062,C1D17,17
S0062,C2D6,34
S0062,C2D6,34
S0062,C2D8,36
S0062,C2D8,36
S0062,C2D26,54
S0062,C2D27,55
S0062,TA1,57
S0062,C4D13,97
S0062,C4D13,97
S0062,TA2,113
S0062,C5D2,114
S0062,C5D5,117
S0062,C6D3,143
S0062,C6D15,155
S0062,TA3,169
S0062,C7D2,170
S0062,C7D14,182
S0062,C7D26,194
S0062,TA4,225
S0062,EOT,225
S0062,C9D4,228
S0062,C9D14,238
S0062,C9D18,242
S0062,C10D3,255
S0063,SCREENING,-8
S0063,SCREENING,-8
S0063,SCREENING,-8
S0063,SCREENING,-8
S0063,SCREENING,-8
S0063,SCREENING,-8
S0063,SCREENING,-8
S0063,C1D1,1
S0063,C1D4,4
S0063,TA1,57
S0063,C3D17,73
S0063,C3D25,81
S0063,C4D9,93
S0063,TA2,113
S0063,TA3,169
S0063,TA4,225
S0063,TA5,281
S0063,C11D10,290
S0063,TA6,337
S0063,C14D1,365
S0063,C14D14,378
S0063,C15D1,393
S0063,C15D1,393
S0063,TA7,393
S0063,C15D6,398
S0063,C15D24,416
S0063,C15D24,416
S0063,C15D26,418
S0063,C16D1,421
S0063,C16D1,421
S0063,TA8,449
S0063,C18D13,489
S0063,TA9,505
S0063,TA10,561
S0063,C22D20,608
S0063,TA11,617
S0063,C23D3,619
S0063,TA12,673
S0063,TA13,729
S0063,EOT,730
S0064,SCREENING,-8
S0064,SCREENING,-8
S0064,SCREENING,-8
S0064,SCREENING,-8
S0064,SCREENING,-8
S0064,SCREENING,-8
S0064,SCREENING,-8
S0064,C1D1,1
S0064,TA1,57
S0064,TA2,113
S0064,C6D22,162
S0064,TA3,169
S0064,C7D19,187
S0064,C9D1,225
S0064,TA4,225
S0064,C9D10,234
S0064,C9D10,234
S0064,EOT,234
S0065,SCREENING,-8
S0065,SCREENING,-8
S0065,SCREENING,-8
S0065,SCREENING,-8
S0065,SCREENING,-8
S0065,SCREENING,-8
S0065,SCREENING,-8
S0065,C1D1,1
S0065,C1D1,1
S0065,C1D12,12
S0065,C1D13,13
S0065,C1D13,13
S0065,C1D13,13
S0065,C2D1,29
S0065,C2D10,38
S0065,TA1,57
S0065,TA2,113
S0065,C6D10,150
S0065,TA3,169
S0065,C7D16,184
S0065,C8D4,200
S0065,C8D12,208
S0065,TA4,225
S0065,C9D6,230
S0065,C10D5,257
S0065,C10D21,273
S0065,TA5,281
S0065,C12D16,324
S0065,TA6,337
S0065,C13D6,342
S0065,C13D20,356
S0065,TA7,393
S0065,C15D17,409
S0065,C16D9,429
S0065,TA8,449
S0065,C17D21,469
S0065,C18D17,493
S0065,C18D17,493
S0065,TA9,505
S0065,EOT,505
S0066,SCREENING,-8
S0066,SCREENING,-8
S0066,SCREENING,-8
S0066,SCREENING,-8
S0066,SCREENING,-8
S0066,SCREENING,-8
S0066,SCREENING,-8
S0066,C1D1,1
S0066,C1D1,1
S0066,C1D26,26
S0066,C2D1,29
S0066,C2D8,36
S0066,C2D19,47
S0066,C2D19,47
S0066,TA1,57
S0066,C3D17,73
S0066,C4D9,93
S0066,TA2,113
S0066,C5D18,130
S0066,C5D23,135
S0066,C6D6,146
S0066,TA3,169
S0066,C7D14,182
S0066,C7D22,190
S0066,C9D1,225
S0066,TA4,225
S0066,C9D2,226
S0066,C9D7,231
S0066,C9D7,231
S0066,C9D7,231
S0066,TA5,281
S0066,EOT,281
S0066,C11D5,285
S0067,SCREENING,-8
S0067,SCREENING,-8
S0067,SCREENING,-8
S0067,SCREENING,-8
S0067,SCREENING,-8
S0067,SCREENING,-8
S0067,SCREENING,-8
S0067,C1D1,1
S0067,C1D3,3
S0067,C1D6,6
S0067,C1D13,13
S0067,C1D21,21
S0067,C1D25,25
S0067,C2D1,29
S0067,C2D8,36
S0067,C2D9,37
S0067,C2D13,41
S0067,C2D13,41
S0067,C2D27,55
S0067,C2D27,55
S0067,TA1,57
S0067,C3D2,58
S0067,C3D9,65
S0067,C4D1,85
S0067,C4D4,88
S0067,C4D7,91
S0067,C4D12,96
S0067,C4D15,99
S0067,C4D20,104
S0067,C4D20,104
S0067,C5D1,113
S0067,TA2,113
S0067,EOT,113
S0067,C5D5,117
S0067,C6D2,142
S0067,C6D2,142
S0068,SCREENING,-8
S0068,SCREENING,-8
S0068,SCREENING,-8
S0068,SCREENING,-8
S0068,SCREENING,-8
S0068,SCREENING,-8
S0068,SCREENING,-8
S0068,C1D1,1
S0068,C2D3,31
S0068,TA1,57
S0068,C3D2,58
S0068,C3D10,66
S0068,TA2,113
S0068,C6D2,142
S0068,C6D21,161
S0068,TA3,169
S0068,C7D27,195
S0068,TA4,225
S0068,C9D27,251
S0068,C9D27,251
S0068,C9D28,252
S0068,TA5,281
S0068,TA6,337
S0068,TA7,393
S0068,TA8,449
S0068,C17D8,456
S0068,C17D9,457
S0068,C17D14,462
S0068,TA9,505
S0068,C19D4,508
S0068,C20D15,547
S0068,TA10,561
S0068,C21D4,564
S0068,C21D27,587
S0068,C22D12,600
S0068,TA11,617
S0068,TA12,673
S0068,EOT,673
S0069,SCREENING,-8
S0069,SCREENING,-8
S0069,SCREENING,-8
S0069,SCREENING,-8
S0069,SCREENING,-8
S0069,SCREENING,-8
S0069,SCREENING,-8
S0069,C1D1,1
S0069,C2D24,52
S0069,TA1,57
S0069,C3D4,60
S0069,C4D4,88
S0069,TA2,113
S0069,C6D22,162
S0069,TA3,169
S0069,C8D1,197
S0069,C8D10,206
S0069,C9D1,225
S0069,TA4,225
S0069,C9D16,240
S0069,C9D17,241
S0069,C9D27,251
S0069,C9D27,251
S0069,TA5,281
S0069,EOT,281
S0069,C11D7,287
S0069,C11D16,296
S0069,C11D17,297
S0070,SCREENING,-8
S0070,SCREENING,-8
S0070,SCREENING,-8
S0070,SCREENING,-8
S0070,SCREENING,-8
S0070,SCREENING,-8
S0070,SCREENING,-8
S0070,C1D1,1
S0070,C1D1,1
S0070,C1D1,1
S0070,C1D2,2
S0070,C1D3,3
S0070,C1D3,3
S0070,C1D5,5
S0070,C1D7,7
S0070,C1D14,14
S0070,C1D19,19
S0070,C1D24,24
S0070,C2D3,31
S0070,C2D9,37
S0070,C2D13,41
S0070,C2D24,52
S0070,TA1,57
S0070,EOT,57
S0070,C3D4,60
S0070,C3D6,62
S0070,C3D11,67
S0070,C3D20,76
S0070,C3D24,80
S0070,C3D27,83
S0070,C3D27,83
S0070,C4D1,85
