Criterion,Text,"Patients failing, n (% of screened)","Failing this criterion only, n"
EL039,Inability or unlikeliness of the participant to comply with the dose schedule and study ev,73 (0.7),62
EL019,Prior receipt of a selective FGFR inhibitor,72 (0.7),52
EL043,Inability of the participant ... to comprehend the ICF or unwillingness to sign the ICF,72 (0.7),56
EL031,Inability to swallow and retain oral medication,68 (0.7),49
EL027,"Has CNS metastases, unless the participant has completed local therapy (eg, whole brain ra",66 (0.7),51
EL054,Has a diagnosis of immunodeficiency or is receiving systemic steroid therapy (at a dose ex,65 (0.7),49
EL022,Concurrent anticancer therapy,65 (0.7),54
EL011,Participants with gene amplifications only are excluded,64 (0.6),50
EL032,"Clinically significant or uncontrolled cardiac disease, including unstable angina, acute m",63 (0.6),47
EL051,allogenic tissue/solid organ transplant,63 (0.6),49
EL033,A screening QTcF interval > 480 ms is excluded,63 (0.6),54
EL052,known history of active tuberculosis,62 (0.6),49
EL028,10. Known additional malignancy that is progressing or required active treatment within th,62 (0.6),47
EL003,1. Male or female participants aged 18 years and older at the time of signing the informed,61 (0.6),48
EL030,History of calcium and phosphate hemostasis disorder or systemic mineral imbalance with ec,61 (0.6),46
EL044,History of autoimmune disease that has required systemic treatment in past 2 years,61 (0.6),48
EL053,35. Is receiving hemodialysis.,60 (0.6),51
EL016,Willingness to avoid pregnancy or fathering children based on the criteria below (excludin,58 (0.6),42
EL050,known psychiatric or substance abuse disorder that would interfere with the participant’s,58 (0.6),49
EL025,clinically significant corneal or retinal disorder,58 (0.6),47
EL010,known FGFR3 mutation or rearrangement,57 (0.6),44
EL005,Histologically documented metastatic or unresectable UC,57 (0.6),42
EL038,Known hypersensitivity or severe reaction to pemigatinib or excipients of pemigatinib,57 (0.6),46
EL008,Have at least 1 measurable target lesion per RECIST v1.1 as assessed by the local site inv,57 (0.6),46
EL009,Eligibility for chemotherapy is defined as meeting either criterion #4 OR #5 as described,56 (0.6),47
EL055,History of hypovitaminosis D requiring supraphysiologic doses,55 (0.6),39
EL006,"Both transitional cell and mixed transitional cell histologies are allowed, provided uroth",54 (0.5),39
EL013,Have received no prior systemic chemotherapy for metastatic or unresectable UC except,54 (0.5),38
EL041,Women who are pregnant or breastfeeding,54 (0.5),36
EL024,tumor with any neuroendocrine or small cell component,52 (0.5),38
EL035,known history of HBV or known active HCV infection,52 (0.5),40
EL042,"Any condition that would, in the investigator's judgment, interfere with full participatio",52 (0.5),43
EL026,Has received prior radiotherapy to a metastatic site,51 (0.5),38
EL049,Has severe hypersensitivity (≥ Grade 3) to carboplatin and/or gemcitabine and any of their,51 (0.5),37
EL023,disease that is suitable for local therapy administered with curative intent,50 (0.5),40
EL045,history of (noninfectious) pneumonitis that required steroids or has current pneumonitis o,50 (0.5),39
EL048,Has hypersensitivity to monoclonal antibodies,49 (0.5),40
EL036,Known HIV infection,48 (0.5),35
EL012,Local or central laboratory test result of PD-L1 is mandatory at screening,48 (0.5),39
EL029,Participants with laboratory values at screening defined in Table 9.,48 (0.5),36
EL040,Inadequate recovery from toxicity and/or complications from a major surgery before startin,46 (0.5),34
EL007,Participants with non-UC of the urinary tract are not allowed,45 (0.5),37
EL056,"Any contraindication to pembrolizumab, gemcitabine, or carboplatin",43 (0.4),35
EL021,Receipt of anticancer medications or investigational drugs for unresectable and/or metasta,42 (0.4),36
