Quantity,Frozen simulation p10 / p50 / p90,Observed,Percentile of observed,Within p5-p95
"Screen-pass rate, % (contextual: simulated = eligible share of generated candidates; observed = dosed among formally screened)",78.1 / 78.7 / 79.2,92.5,not comparable,-
"Missing paired endpoints, % of enrolled",0.0 / 1.9 / 3.8,11.3,100,no
"Months to enrol, full prespecified accrual uncertainty (frozen planning report)",9.3 / 37.5 / 150.7,8.0,8,yes
"Months to enrol, central accrual rate only",31.7 / 37.4 / 45.8,8.0,0,no
"Paired contrast, median (literature truth)",9.7 / 11.9 / 14.6,15.1,94,yes
"Paired contrast, median (design assumption)",5.5 / 9.8 / 14.1,15.1,94,yes
"Synthetic comparator median, SCA-A independent (P2)",36.4 / 43.9 / 53.8,29.0,1,no
"Synthetic comparator median, SCA-B self-consistency (P1, same evidence as the simulated truth)",22.8 / 25.9 / 29.2,29.0,88,yes
"Synthetic-comparator contrast, SCA-A independent (P2)",28.1 / 30.4 / 32.3,15.1,0,no
"Synthetic-comparator contrast, SCA-B self-consistency (P1)",10.3 / 11.9 / 13.5,15.1,99,no
Direction (comparator higher),100/100 trials (all sources),53/55 lower with flotufolastat,-,yes
Two-sided rejection at alpha 0.05 (positive-direction success identical here),literature 100/100; design 74/100; SCA 99-100/100,yes (p <0.001),-,yes
