USUBJID,ARMCD,PARAMCD,AVALC,ADY
S0002,ARM1,OVRLRESP,PD,63
S0002,ARM1,BOR,PD,63
S0005,ARM1,OVRLRESP,PD,63
S0005,ARM1,BOR,PD,63
S0009,ARM1,OVRLRESP,PR,63
S0009,ARM1,OVRLRESP,CR,126
S0009,ARM1,OVRLRESP,CR,189
S0009,ARM1,OVRLRESP,PR,252
S0009,ARM1,OVRLRESP,PR,315
S0009,ARM1,OVRLRESP,PR,378
S0009,ARM1,OVRLRESP,PR,441
S0009,ARM1,OVRLRESP,PR,504
S0009,ARM1,OVRLRESP,PR,567
S0009,ARM1,OVRLRESP,PR,630
S0009,ARM1,OVRLRESP,PR,693
S0009,ARM1,OVRLRESP,PR,756
S0009,ARM1,OVRLRESP,PR,819
S0009,ARM1,OVRLRESP,PR,882
S0009,ARM1,OVRLRESP,PR,945
S0009,ARM1,OVRLRESP,PR,1008
S0009,ARM1,OVRLRESP,PR,1071
S0009,ARM1,BOR,CR,126
S0010,ARM1,OVRLRESP,PR,63
S0010,ARM1,OVRLRESP,CR,126
S0010,ARM1,OVRLRESP,CR,189
S0010,ARM1,OVRLRESP,PR,252
S0010,ARM1,OVRLRESP,PR,315
S0010,ARM1,BOR,CR,126
S0012,ARM1,OVRLRESP,PR,63
S0012,ARM1,OVRLRESP,CR,126
S0012,ARM1,OVRLRESP,CR,189
S0012,ARM1,OVRLRESP,PR,252
S0012,ARM1,OVRLRESP,PR,315
S0012,ARM1,OVRLRESP,PR,378
S0012,ARM1,OVRLRESP,PR,441
S0012,ARM1,OVRLRESP,PR,504
S0012,ARM1,OVRLRESP,PR,567
S0012,ARM1,OVRLRESP,PR,630
S0012,ARM1,BOR,CR,126
S0014,ARM1,OVRLRESP,PD,63
S0014,ARM1,BOR,PD,63
S0019,ARM1,OVRLRESP,SD,63
S0019,ARM1,OVRLRESP,SD,126
S0019,ARM1,OVRLRESP,SD,189
S0019,ARM1,OVRLRESP,SD,252
S0019,ARM1,OVRLRESP,PD,315
S0019,ARM1,BOR,SD,63
S0022,ARM1,BOR,NE,
S0024,ARM1,OVRLRESP,PR,63
S0024,ARM1,OVRLRESP,PR,126
S0024,ARM1,OVRLRESP,PR,189
S0024,ARM1,OVRLRESP,PR,252
S0024,ARM1,OVRLRESP,PR,315
S0024,ARM1,OVRLRESP,PR,378
S0024,ARM1,BOR,PR,63
S0026,ARM1,OVRLRESP,PD,63
S0026,ARM1,BOR,PD,63
S0029,ARM1,BOR,NE,
S0034,ARM1,OVRLRESP,SD,63
S0034,ARM1,BOR,SD,63
S0035,ARM1,BOR,NE,
S0003,ARM2,OVRLRESP,SD,63
S0003,ARM2,OVRLRESP,SD,126
S0003,ARM2,OVRLRESP,PD,189
S0003,ARM2,BOR,SD,63
S0008,ARM2,OVRLRESP,SD,63
S0008,ARM2,OVRLRESP,PD,126
S0008,ARM2,BOR,SD,63
S0013,ARM2,OVRLRESP,PD,63
S0013,ARM2,BOR,PD,63
S0020,ARM2,OVRLRESP,PD,63
S0020,ARM2,BOR,PD,63
S0021,ARM2,OVRLRESP,SD,63
S0021,ARM2,OVRLRESP,SD,126
S0021,ARM2,OVRLRESP,PD,189
S0021,ARM2,BOR,SD,63
S0025,ARM2,OVRLRESP,SD,63
S0025,ARM2,OVRLRESP,SD,126
S0025,ARM2,OVRLRESP,SD,189
S0025,ARM2,OVRLRESP,SD,252
S0025,ARM2,BOR,SD,63
S0028,ARM2,OVRLRESP,PR,63
S0028,ARM2,OVRLRESP,CR,126
S0028,ARM2,OVRLRESP,PR,189
S0028,ARM2,BOR,CR,126
S0030,ARM2,OVRLRESP,SD,63
S0030,ARM2,OVRLRESP,SD,126
S0030,ARM2,BOR,SD,63
S0001,ARM3,OVRLRESP,PR,63
S0001,ARM3,OVRLRESP,CR,126
S0001,ARM3,OVRLRESP,CR,189
S0001,ARM3,OVRLRESP,CR,252
S0001,ARM3,OVRLRESP,CR,315
S0001,ARM3,OVRLRESP,PR,378
S0001,ARM3,OVRLRESP,PR,441
S0001,ARM3,BOR,CR,126
S0006,ARM3,BOR,NE,
S0023,ARM3,OVRLRESP,PD,63
S0023,ARM3,BOR,PD,63
S0027,ARM3,OVRLRESP,SD,63
S0027,ARM3,OVRLRESP,PD,126
S0027,ARM3,BOR,SD,63
S0033,ARM3,BOR,NE,
S0036,ARM3,BOR,NE,
S0004,ARM4,OVRLRESP,PR,63
S0004,ARM4,OVRLRESP,PR,126
S0004,ARM4,OVRLRESP,PR,189
S0004,ARM4,OVRLRESP,PR,252
S0004,ARM4,OVRLRESP,PR,315
S0004,ARM4,OVRLRESP,PR,378
S0004,ARM4,OVRLRESP,PR,441
S0004,ARM4,OVRLRESP,PR,504
S0004,ARM4,OVRLRESP,PR,567
S0004,ARM4,OVRLRESP,PR,630
S0004,ARM4,OVRLRESP,PR,693
S0004,ARM4,OVRLRESP,PR,756
S0004,ARM4,OVRLRESP,PR,819
S0004,ARM4,OVRLRESP,PR,882
S0004,ARM4,OVRLRESP,PR,945
S0004,ARM4,OVRLRESP,PR,1008
S0004,ARM4,BOR,PR,63
S0007,ARM4,OVRLRESP,PD,63
S0007,ARM4,BOR,PD,63
S0011,ARM4,OVRLRESP,SD,63
S0011,ARM4,OVRLRESP,PD,126
S0011,ARM4,BOR,SD,63
S0015,ARM4,OVRLRESP,PR,63
S0015,ARM4,OVRLRESP,CR,126
S0015,ARM4,OVRLRESP,PR,189
S0015,ARM4,OVRLRESP,PR,252
S0015,ARM4,OVRLRESP,PR,315
S0015,ARM4,OVRLRESP,PR,378
S0015,ARM4,OVRLRESP,PR,441
S0015,ARM4,OVRLRESP,PR,504
S0015,ARM4,OVRLRESP,PR,567
S0015,ARM4,OVRLRESP,PR,630
S0015,ARM4,OVRLRESP,PR,693
S0015,ARM4,BOR,CR,126
S0016,ARM4,OVRLRESP,PD,63
S0016,ARM4,BOR,PD,63
S0017,ARM4,OVRLRESP,PR,63
S0017,ARM4,OVRLRESP,PD,126
S0017,ARM4,BOR,PR,63
S0018,ARM4,OVRLRESP,PD,63
S0018,ARM4,BOR,PD,63
S0031,ARM4,OVRLRESP,SD,63
S0031,ARM4,OVRLRESP,PD,126
S0031,ARM4,BOR,SD,63
S0032,ARM4,OVRLRESP,SD,63
S0032,ARM4,OVRLRESP,SD,126
S0032,ARM4,BOR,SD,63
