,ARM1 Once-weekly (N=222),ARM2 Twice-weekly (N=238),Risk difference % (95% CI) vs ARM2
Female,95 (42.8),115 (48.3),"-5.5 (-14.6, 3.6)"
Male,127 (57.2),123 (51.7),"5.5 (-3.6, 14.6)"
Age < 65 years,135 (60.8),142 (59.7),"1.1 (-7.8, 10.1)"
Age 65-74 years,68 (30.6),74 (31.1),"-0.5 (-8.9, 8.0)"
Age >= 75 years,19 (8.6),22 (9.2),"-0.7 (-5.9, 4.5)"
Race: american_indian_or_alaska_native,2 (0.9),2 (0.8),"0.1 (-1.6, 1.8)"
Race: asian,18 (8.1),20 (8.4),"-0.3 (-5.3, 4.7)"
Race: black_or_african_american,23 (10.4),30 (12.6),"-2.2 (-8.1, 3.6)"
Race: more_than_one_race,1 (0.5),3 (1.3),"-0.8 (-2.5, 0.9)"
Race: unknown_or_not_reported,14 (6.3),5 (2.1),"4.2 (0.5, 7.9)"
Race: white,164 (73.9),178 (74.8),"-0.9 (-8.9, 7.1)"
"Age, mean (SD)",61.7 (10.3),62.0 (10.0),
