input_id,status,quantity,tracer,value,source,publication_date,before_trial_start_2024_12_04,before_trial_results,population,acquisition,role,note
F1,ALLOWED,bladder SUVmean median (IQR),18F-flotufolastat (index),12.5 (7.0-19.3),"Kuo et al. Quantitative and qualitative assessment of urinary activity of 18F-flotufolastat-PET/CT: post hoc analysis of LIGHTHOUSE and SPOTLIGHT. Mol Imaging Biol (PMID 37932609; doi 10.1007/s11307-023-01867-w)",2023-11 (online),yes,yes,"718 scans; newly diagnosed (LIGHTHOUSE) and recurrent (SPOTLIGHT) prostate cancer","~60 min p.i.; no diuretic stated",index level (truth and comparator models),"lognormal mu=ln(12.5), sigma=0.7518 from the IQR; population broader than low-PSA BCR after prostatectomy"
P1,ALLOWED,bladder SUVmean median (range),18F-piflufolastat (comparator),25.7 (7.9-87.6),"Bladder activity of different PSMA PET radioligands and impact of furosemide. Research Square preprint rs-6537072 (PMC12083678)",2025-05-08 (online),no,yes,"n=50 prostate cancer patients (Emory University; cohort June-December 2023); independent of NCT06604442","~60 min p.i.; no furosemide",PRIMARY comparator truth level,"lognormal mu=ln(25.7), sigma=0.5362 from the range with n=50 (expected maximum of 50 normals 2.2433); implied IQR 17.9-36.9"
P2,ALLOWED,bladder SUVmax median (IQR width),18F-piflufolastat (comparator),61.7 (IQR width 83.1),"Donswijk et al. Effects of furosemide and tracer selection on urinary activity and peri-bladder artefacts in PSMA PET/CT. EJNMMI Res 2022;12:42 (PMC9329505)",2022-07-27,yes,yes,"F- cohort: n=51, 18F-DCFPyL without furosemide","~60 min p.i.; no furosemide",STRICT PRE-START sensitivity (after conversion),"SUVmax only; converted to SUVmean with ratio 0.731 = 12.5/17.1 (flotufolastat SUVmean/SUVmax, F1) -> median 45.1, sigma=0.9352 (IQR 24.0-84.8); the conversion is an assumption"
D1,ALLOWED,design paired difference,both,10 (SD of differences 25),"NCT06604442 protocol, Section 15 (sample size): 25.4 (68Ga-PSMA-11, Kuten 2020) minus 12.5 (flotufolastat, Kuo 2024)",protocol (pre-start),yes,yes,protocol design,protocol,DESIGN ASSUMPTION sensitivity only,"must not be presented as independent truth: it is the design's own hypothesis (68Ga-PSMA-11 stand-in for piflufolastat)"
A29,ASSUMPTION,within-patient correlation of the two bladder SUVmean values (log scale),both,0.5 (sensitivity 0.3 and 0.7),assumption (no pre-result source reports it),,,,,,truth and comparator models,"varied in sensitivity analyses"
X1,FORBIDDEN,any outcome of NCT06604442,both,,"An intra-patient contemporaneous comparison of 18F-piflufolastat and 18F-flotufolastat urinary radioactivity ... (PMC13121232; doi 10.1007/s00259-025-07732-y; PubMed 41729277)",,,,,,validation target only (step 12),"never an input to generation or comparator models"
X2,FORBIDDEN,any outcome of NCT06604442,both,,"JCO 2026;44(7_suppl):32 abstract (ASCO GU 2026)",,,,,,validation target only (step 12),never an input
X3,FORBIDDEN,registry results of NCT06604442,both,,"ClinicalTrials.gov results (first posted 2026-05-12)",,,,,,validation target only (step 12),never an input
X4,FORBIDDEN,published aggregates supplied for validation,both,"55 evaluable; median SUVmean 29.0 (18.9-40.8) piflufolastat and 10.9 (6.0-18.5) flotufolastat; median paired difference 15.1 (8.5-27.0); lower with flotufolastat 53/55",user-supplied plan (from the trial's publication),,,,,,validation target only (step 12),"held out; to be verified against the publication before step 12"
