USUBJID,DSDECOD,DSSTDY,DSCAT
S0001,completed planned treatment,21,END OF TREATMENT
S0002,completed planned treatment,21,END OF TREATMENT
S0003,adverse event (registry discontinuation rate),9,END OF TREATMENT
S0004,adverse event (registry discontinuation rate),9,END OF TREATMENT
S0005,completed planned treatment,21,END OF TREATMENT
S0006,completed planned treatment,21,END OF TREATMENT
S0007,completed planned treatment,21,END OF TREATMENT
S0008,adverse event (registry discontinuation rate),15,END OF TREATMENT
S0009,disease progression,9,END OF TREATMENT
S0010,completed planned treatment,21,END OF TREATMENT
S0011,completed planned treatment,21,END OF TREATMENT
S0012,disease progression,2,END OF TREATMENT
S0013,completed planned treatment,21,END OF TREATMENT
S0014,disease progression,17,END OF TREATMENT
S0015,completed planned treatment,21,END OF TREATMENT
S0016,completed planned treatment,21,END OF TREATMENT
S0017,completed planned treatment,21,END OF TREATMENT
