USUBJID,PATIENT_ID,ARM,ARM_LABEL,STRATUM,AGE,SEX,RACE,ETHNIC,ENROLLMENT_DAY,UNCHECKED_CRITERIA
S0001,P006544,ARM2,Twice-weekly,ST1,68.78,male,white,not_hispanic_or_latino,11.32805328950589,0
S0002,P002438,ARM2,Twice-weekly,ST3,72.85,male,black_or_african_american,not_hispanic_or_latino,13.698638838926879,0
S0003,P007203,ARM1,Once-weekly,ST1,70.0,male,white,not_hispanic_or_latino,20.30552884891084,0
S0004,P001500,ARM2,Twice-weekly,ST2,58.47,female,white,not_hispanic_or_latino,25.691736886273915,0
S0005,P008615,ARM1,Once-weekly,ST1,62.26,female,white,not_hispanic_or_latino,30.528917163607794,0
S0006,P000834,ARM1,Once-weekly,ST4,68.65,female,white,not_hispanic_or_latino,32.53019695451599,0
S0007,P004573,ARM1,Once-weekly,ST4,47.55,female,asian,not_hispanic_or_latino,34.334715934376696,0
S0008,P004128,ARM1,Once-weekly,ST1,89.26,male,white,not_hispanic_or_latino,55.20875513358405,0
S0009,P004957,ARM2,Twice-weekly,ST2,63.78,female,white,not_hispanic_or_latino,57.1612942815415,0
S0010,P006637,ARM2,Twice-weekly,ST3,50.89,female,white,not_hispanic_or_latino,60.45399603517041,0
S0011,P000665,ARM2,Twice-weekly,ST4,67.77,male,white,not_hispanic_or_latino,64.75341247006037,0
S0012,P005650,ARM1,Once-weekly,ST2,61.42,male,white,not_hispanic_or_latino,68.56131220140104,0
S0013,P000218,ARM1,Once-weekly,ST1,61.09,male,white,not_hispanic_or_latino,74.73973517514187,0
S0014,P008162,ARM1,Once-weekly,ST2,67.52,female,white,not_hispanic_or_latino,75.82140701369097,0
S0015,P006202,ARM1,Once-weekly,ST2,79.23,female,white,not_hispanic_or_latino,80.65941590156821,0
S0016,P007849,ARM1,Once-weekly,ST3,56.33,male,white,not_hispanic_or_latino,91.88310703711329,0
S0017,P009374,ARM2,Twice-weekly,ST1,71.86,male,black_or_african_american,not_hispanic_or_latino,96.43077655777283,0
S0018,P009681,ARM1,Once-weekly,ST2,59.21,male,white,not_hispanic_or_latino,98.18982222493547,0
S0019,P008692,ARM1,Once-weekly,ST2,55.84,male,white,not_hispanic_or_latino,98.44085529241137,0
S0020,P001630,ARM2,Twice-weekly,ST1,65.12,female,white,not_hispanic_or_latino,100.42324361182706,0
S0021,P002097,ARM2,Twice-weekly,ST4,69.41,male,white,not_hispanic_or_latino,100.51907917250503,0
S0022,P000011,ARM2,Twice-weekly,ST4,57.6,male,white,not_hispanic_or_latino,101.97771928290197,0
S0023,P007265,ARM1,Once-weekly,ST1,68.04,female,white,not_hispanic_or_latino,103.6681386461939,0
S0024,P003725,ARM2,Twice-weekly,ST1,37.98,female,white,not_hispanic_or_latino,110.76286538753095,0
S0025,P000114,ARM2,Twice-weekly,ST3,75.67,male,white,not_hispanic_or_latino,124.95975684921672,0
S0026,P006840,ARM2,Twice-weekly,ST2,44.48,female,white,not_hispanic_or_latino,125.82206465350836,0
S0027,P001569,ARM1,Once-weekly,ST4,59.24,female,asian,not_hispanic_or_latino,131.40800424921403,0
S0028,P005498,ARM1,Once-weekly,ST2,72.1,male,american_indian_or_alaska_native,hispanic_or_latino,149.15574794316927,0
S0029,P001679,ARM1,Once-weekly,ST3,59.93,male,white,not_hispanic_or_latino,159.95767011424923,0
S0030,P000983,ARM1,Once-weekly,ST2,59.3,female,white,not_hispanic_or_latino,163.25113826018224,0
S0031,P002528,ARM2,Twice-weekly,ST1,69.42,male,white,not_hispanic_or_latino,171.63467900258854,0
S0032,P001884,ARM2,Twice-weekly,ST1,68.36,female,white,not_hispanic_or_latino,178.93783535453355,0
S0033,P009915,ARM2,Twice-weekly,ST3,36.88,female,asian,not_hispanic_or_latino,181.54798014027037,0
S0034,P005505,ARM1,Once-weekly,ST3,44.73,male,white,not_hispanic_or_latino,182.2779193793501,0
S0035,P000258,ARM2,Twice-weekly,ST4,56.02,male,white,not_hispanic_or_latino,182.58864156539795,0
S0036,P002071,ARM2,Twice-weekly,ST1,63.88,male,black_or_african_american,not_hispanic_or_latino,184.28717312886593,0
S0037,P008660,ARM2,Twice-weekly,ST3,50.44,female,white,hispanic_or_latino,190.43708464422735,0
S0038,P004711,ARM1,Once-weekly,ST1,49.32,female,white,not_hispanic_or_latino,206.01880267949235,0
S0039,P000959,ARM1,Once-weekly,ST1,64.76,female,white,not_hispanic_or_latino,216.04625951634773,0
S0040,P001620,ARM2,Twice-weekly,ST3,60.11,male,white,not_hispanic_or_latino,217.13078474315975,0
S0041,P006977,ARM1,Once-weekly,ST2,75.33,male,white,not_hispanic_or_latino,224.1328436498547,0
S0042,P007665,ARM2,Twice-weekly,ST1,69.35,male,black_or_african_american,not_hispanic_or_latino,227.1773257429156,0
S0043,P004927,ARM2,Twice-weekly,ST4,63.31,male,white,not_hispanic_or_latino,234.15744575665553,0
S0044,P002311,ARM1,Once-weekly,ST2,68.22,male,black_or_african_american,not_hispanic_or_latino,239.49658681783137,0
S0045,P006549,ARM2,Twice-weekly,ST2,60.84,female,black_or_african_american,not_hispanic_or_latino,264.85084286271535,0
S0046,P008709,ARM2,Twice-weekly,ST3,75.46,male,white,not_hispanic_or_latino,269.7409203924099,0
S0047,P005502,ARM1,Once-weekly,ST3,56.92,male,black_or_african_american,not_hispanic_or_latino,276.3254405301516,0
S0048,P008106,ARM1,Once-weekly,ST3,82.61,male,white,not_hispanic_or_latino,283.7571903819579,0
S0049,P007175,ARM1,Once-weekly,ST3,43.78,male,white,not_hispanic_or_latino,286.68910778572064,0
S0050,P000844,ARM1,Once-weekly,ST2,77.12,female,black_or_african_american,not_hispanic_or_latino,287.91485518219827,0
S0051,P009068,ARM2,Twice-weekly,ST4,76.57,male,asian,not_hispanic_or_latino,297.893515606359,0
S0052,P007089,ARM2,Twice-weekly,ST2,77.71,male,white,hispanic_or_latino,304.2124229331862,0
S0053,P004895,ARM1,Once-weekly,ST3,52.81,female,white,hispanic_or_latino,308.62421445918085,0
S0054,P008884,ARM2,Twice-weekly,ST2,48.13,male,black_or_african_american,not_hispanic_or_latino,316.1321612603663,0
S0055,P003863,ARM2,Twice-weekly,ST4,30.58,male,white,not_hispanic_or_latino,319.43652051328615,0
S0056,P000458,ARM1,Once-weekly,ST4,47.75,male,white,not_hispanic_or_latino,320.11935714228514,0
S0057,P007628,ARM2,Twice-weekly,ST4,53.81,male,white,unknown_or_not_reported,320.9484608705875,0
S0058,P008028,ARM1,Once-weekly,ST4,54.48,male,black_or_african_american,not_hispanic_or_latino,325.2225791672722,0
S0059,P002005,ARM2,Twice-weekly,ST2,72.73,female,white,not_hispanic_or_latino,331.7615815445971,0
S0060,P005926,ARM2,Twice-weekly,ST1,72.44,female,white,not_hispanic_or_latino,335.00259842720664,0
S0061,P005002,ARM2,Twice-weekly,ST4,56.03,female,white,not_hispanic_or_latino,338.87016728490977,0
S0062,P001689,ARM2,Twice-weekly,ST1,73.68,female,white,not_hispanic_or_latino,339.9031574654878,0
S0063,P004973,ARM1,Once-weekly,ST4,60.64,male,american_indian_or_alaska_native,not_hispanic_or_latino,340.06831094364355,0
S0064,P001330,ARM1,Once-weekly,ST3,57.62,male,white,not_hispanic_or_latino,340.227674273574,0
S0065,P009599,ARM1,Once-weekly,ST2,73.62,male,white,not_hispanic_or_latino,341.41816592849403,0
S0066,P000206,ARM2,Twice-weekly,ST1,64.18,female,white,not_hispanic_or_latino,347.38997566853067,0
S0067,P001050,ARM2,Twice-weekly,ST4,55.02,female,white,not_hispanic_or_latino,355.33414320312966,0
S0068,P005399,ARM2,Twice-weekly,ST3,58.37,male,white,not_hispanic_or_latino,359.1676212478926,0
S0069,P006625,ARM2,Twice-weekly,ST4,80.54,female,white,not_hispanic_or_latino,361.69227961153456,0
S0070,P000043,ARM2,Twice-weekly,ST2,60.1,female,white,not_hispanic_or_latino,362.24782973300916,0
S0071,P002300,ARM2,Twice-weekly,ST1,61.65,female,white,not_hispanic_or_latino,363.3281451077217,0
S0072,P002417,ARM2,Twice-weekly,ST3,52.88,male,white,not_hispanic_or_latino,374.26037754356315,0
S0073,P008271,ARM1,Once-weekly,ST2,59.13,female,asian,not_hispanic_or_latino,380.58812568149415,0
S0074,P001182,ARM2,Twice-weekly,ST2,65.77,male,white,unknown_or_not_reported,387.7133878206121,0
S0075,P002516,ARM1,Once-weekly,ST2,70.0,female,white,not_hispanic_or_latino,389.45200613895355,0
S0076,P009810,ARM2,Twice-weekly,ST1,48.76,male,white,not_hispanic_or_latino,393.78908181067294,0
S0077,P008742,ARM2,Twice-weekly,ST3,51.07,female,white,not_hispanic_or_latino,402.510736437349,0
S0078,P006723,ARM1,Once-weekly,ST4,51.91,male,white,not_hispanic_or_latino,421.5720958750402,0
S0079,P004394,ARM1,Once-weekly,ST2,68.76,male,white,not_hispanic_or_latino,421.6416928101769,0
S0080,P005598,ARM1,Once-weekly,ST4,67.84,female,unknown_or_not_reported,unknown_or_not_reported,422.18105822709697,0
S0081,P005955,ARM2,Twice-weekly,ST4,48.4,female,american_indian_or_alaska_native,not_hispanic_or_latino,432.0470869326194,0
S0082,P003765,ARM2,Twice-weekly,ST1,75.15,female,white,not_hispanic_or_latino,435.09490248624985,0
S0083,P000927,ARM1,Once-weekly,ST1,61.14,male,more_than_one_race,not_hispanic_or_latino,447.27899706575556,0
S0084,P001237,ARM1,Once-weekly,ST3,47.64,male,black_or_african_american,not_hispanic_or_latino,451.2721507164459,0
S0085,P006360,ARM2,Twice-weekly,ST2,34.06,female,black_or_african_american,not_hispanic_or_latino,454.2569420299835,0
S0086,P006527,ARM1,Once-weekly,ST1,46.07,female,white,not_hispanic_or_latino,455.78243324694637,0
S0087,P004062,ARM2,Twice-weekly,ST1,69.33,female,black_or_african_american,not_hispanic_or_latino,458.93600901610495,0
S0088,P004682,ARM1,Once-weekly,ST2,60.61,male,white,not_hispanic_or_latino,471.79115534758665,0
S0089,P008914,ARM2,Twice-weekly,ST2,59.55,male,white,not_hispanic_or_latino,475.814162766917,0
S0090,P001926,ARM2,Twice-weekly,ST1,72.93,female,black_or_african_american,not_hispanic_or_latino,484.56049310177144,0
S0091,P009889,ARM2,Twice-weekly,ST4,70.23,male,white,not_hispanic_or_latino,488.0133031525056,0
S0092,P009812,ARM1,Once-weekly,ST4,55.25,male,white,unknown_or_not_reported,494.34220445660077,0
S0093,P001526,ARM2,Twice-weekly,ST3,75.62,male,american_indian_or_alaska_native,not_hispanic_or_latino,500.0419233743439,0
S0094,P006571,ARM2,Twice-weekly,ST3,58.14,male,white,not_hispanic_or_latino,507.00892971591304,0
S0095,P003944,ARM2,Twice-weekly,ST4,65.92,female,black_or_african_american,not_hispanic_or_latino,511.4283655538751,0
S0096,P003896,ARM1,Once-weekly,ST4,44.31,male,white,not_hispanic_or_latino,513.9209622317456,0
S0097,P009234,ARM1,Once-weekly,ST3,55.17,female,black_or_african_american,not_hispanic_or_latino,516.6384766298837,0
S0098,P002447,ARM2,Twice-weekly,ST1,60.05,male,white,not_hispanic_or_latino,531.1208320043809,0
S0099,P009967,ARM2,Twice-weekly,ST2,44.8,male,black_or_african_american,not_hispanic_or_latino,534.4635161252957,0
S0100,P005152,ARM1,Once-weekly,ST1,56.77,male,asian,not_hispanic_or_latino,544.4336118542532,0
S0101,P005897,ARM2,Twice-weekly,ST3,57.44,female,white,not_hispanic_or_latino,551.6144845279133,0
S0102,P003966,ARM2,Twice-weekly,ST4,63.03,female,asian,not_hispanic_or_latino,551.8597104529082,0
S0103,P003730,ARM1,Once-weekly,ST4,69.5,female,white,hispanic_or_latino,555.3310476713816,0
S0104,P009071,ARM2,Twice-weekly,ST2,71.51,male,white,not_hispanic_or_latino,576.3165064868649,0
S0105,P000923,ARM1,Once-weekly,ST2,39.52,male,unknown_or_not_reported,not_hispanic_or_latino,593.7708791692202,0
S0106,P005294,ARM2,Twice-weekly,ST4,62.31,female,white,not_hispanic_or_latino,611.2543338401705,0
S0107,P002399,ARM2,Twice-weekly,ST1,59.74,male,unknown_or_not_reported,unknown_or_not_reported,611.9309184982874,0
S0108,P002220,ARM1,Once-weekly,ST3,50.61,male,white,not_hispanic_or_latino,617.9419713380428,0
S0109,P007961,ARM2,Twice-weekly,ST4,73.27,male,white,unknown_or_not_reported,623.2750044581787,0
S0110,P004220,ARM2,Twice-weekly,ST3,66.17,male,white,not_hispanic_or_latino,625.1169711225357,0
S0111,P000858,ARM1,Once-weekly,ST2,55.4,male,white,not_hispanic_or_latino,625.594906774882,0
S0112,P001878,ARM2,Twice-weekly,ST2,47.24,female,white,not_hispanic_or_latino,625.9709244933301,0
S0113,P006432,ARM1,Once-weekly,ST3,55.9,female,white,not_hispanic_or_latino,628.6150923685083,0
S0114,P003989,ARM2,Twice-weekly,ST1,70.52,female,asian,not_hispanic_or_latino,628.7577107869444,0
S0115,P002922,ARM1,Once-weekly,ST1,52.67,male,white,not_hispanic_or_latino,629.4555920832163,0
S0116,P000576,ARM1,Once-weekly,ST1,69.92,female,black_or_african_american,not_hispanic_or_latino,629.9153740470728,0
S0117,P007011,ARM1,Once-weekly,ST4,66.5,female,white,not_hispanic_or_latino,636.4184417934028,0
S0118,P000754,ARM2,Twice-weekly,ST2,51.35,male,white,not_hispanic_or_latino,641.7894938658301,0
S0119,P007258,ARM2,Twice-weekly,ST1,75.75,female,white,not_hispanic_or_latino,643.5930144020793,0
S0120,P000675,ARM1,Once-weekly,ST4,46.04,male,unknown_or_not_reported,not_hispanic_or_latino,656.9627996194246,0
S0121,P001429,ARM1,Once-weekly,ST2,55.04,female,white,not_hispanic_or_latino,660.4684003027188,0
S0122,P006042,ARM2,Twice-weekly,ST1,73.62,male,white,not_hispanic_or_latino,672.3276139755873,0
S0123,P000270,ARM1,Once-weekly,ST2,57.32,female,white,not_hispanic_or_latino,673.2010772652776,0
S0124,P008977,ARM1,Once-weekly,ST1,64.13,female,white,hispanic_or_latino,680.5242549357627,0
S0125,P008520,ARM2,Twice-weekly,ST2,55.88,female,white,not_hispanic_or_latino,682.1211548628539,0
S0126,P009406,ARM1,Once-weekly,ST4,63.11,male,unknown_or_not_reported,not_hispanic_or_latino,685.5588568392959,0
S0127,P006603,ARM1,Once-weekly,ST2,69.25,female,white,unknown_or_not_reported,697.9817673801535,0
S0128,P003044,ARM1,Once-weekly,ST4,49.26,female,white,not_hispanic_or_latino,700.1546833685386,0
S0129,P003493,ARM1,Once-weekly,ST1,74.5,male,white,not_hispanic_or_latino,712.7707690509151,0
S0130,P003557,ARM2,Twice-weekly,ST1,57.28,male,black_or_african_american,not_hispanic_or_latino,724.9889857861984,0
S0131,P002254,ARM1,Once-weekly,ST3,62.97,male,white,not_hispanic_or_latino,730.5638240884934,0
S0132,P000399,ARM2,Twice-weekly,ST2,62.18,male,white,not_hispanic_or_latino,733.454941408988,0
S0133,P004720,ARM1,Once-weekly,ST2,49.98,male,white,not_hispanic_or_latino,747.5457457060662,0
S0134,P000794,ARM1,Once-weekly,ST2,58.14,male,white,not_hispanic_or_latino,751.6929907404897,0
S0135,P009637,ARM2,Twice-weekly,ST1,57.26,male,white,hispanic_or_latino,754.7766542744332,0
S0136,P003843,ARM1,Once-weekly,ST4,59.83,female,white,not_hispanic_or_latino,766.3825235317385,0
S0137,P000432,ARM1,Once-weekly,ST4,72.19,male,white,not_hispanic_or_latino,767.2724228010275,0
S0138,P003994,ARM1,Once-weekly,ST2,71.07,male,white,not_hispanic_or_latino,779.714258003049,0
S0139,P001072,ARM2,Twice-weekly,ST2,60.65,female,white,not_hispanic_or_latino,780.2170200353096,0
S0140,P001145,ARM2,Twice-weekly,ST4,59.33,female,white,not_hispanic_or_latino,783.1230227383757,0
S0141,P001844,ARM1,Once-weekly,ST3,63.82,male,asian,not_hispanic_or_latino,786.4999031891177,0
S0142,P004259,ARM2,Twice-weekly,ST4,65.57,male,white,not_hispanic_or_latino,788.905911542295,0
S0143,P006427,ARM1,Once-weekly,ST4,52.93,male,asian,not_hispanic_or_latino,796.7307946007446,0
S0144,P007861,ARM1,Once-weekly,ST3,40.67,male,white,not_hispanic_or_latino,797.3932572924476,0
S0145,P004063,ARM2,Twice-weekly,ST1,44.77,male,white,not_hispanic_or_latino,799.1546205158045,0
S0146,P009307,ARM2,Twice-weekly,ST3,75.06,male,white,not_hispanic_or_latino,799.507984474505,0
S0147,P006294,ARM2,Twice-weekly,ST3,53.47,male,white,not_hispanic_or_latino,800.720678037586,0
S0148,P009683,ARM2,Twice-weekly,ST1,54.52,female,black_or_african_american,not_hispanic_or_latino,802.3530539469351,0
S0149,P009125,ARM1,Once-weekly,ST3,51.23,male,white,not_hispanic_or_latino,806.0996402918762,0
S0150,P005204,ARM2,Twice-weekly,ST1,54.26,male,black_or_african_american,not_hispanic_or_latino,811.9268338780942,0
S0151,P003029,ARM1,Once-weekly,ST2,63.35,female,white,not_hispanic_or_latino,818.2726367453596,0
S0152,P003963,ARM1,Once-weekly,ST4,68.31,male,white,not_hispanic_or_latino,818.8941848677872,0
S0153,P003857,ARM1,Once-weekly,ST2,77.22,male,white,not_hispanic_or_latino,820.6316620431836,0
S0154,P003754,ARM2,Twice-weekly,ST1,63.76,female,white,not_hispanic_or_latino,822.660700381004,0
S0155,P002493,ARM2,Twice-weekly,ST2,65.6,female,white,not_hispanic_or_latino,832.6747361132033,0
S0156,P002155,ARM1,Once-weekly,ST3,55.63,female,white,not_hispanic_or_latino,843.2537731362086,0
S0157,P003898,ARM1,Once-weekly,ST4,58.09,female,white,not_hispanic_or_latino,855.0777463816967,0
S0158,P003247,ARM1,Once-weekly,ST3,61.46,female,white,not_hispanic_or_latino,870.4396013801469,0
S0159,P009769,ARM1,Once-weekly,ST4,54.19,male,white,not_hispanic_or_latino,871.9102050847251,0
S0160,P005775,ARM2,Twice-weekly,ST3,67.82,male,white,not_hispanic_or_latino,872.1094780243111,0
S0161,P005039,ARM2,Twice-weekly,ST1,36.69,male,white,not_hispanic_or_latino,873.4828609303855,0
S0162,P008058,ARM1,Once-weekly,ST2,75.21,male,white,not_hispanic_or_latino,880.5773706670403,0
S0163,P000393,ARM1,Once-weekly,ST3,58.69,male,white,not_hispanic_or_latino,881.2761832604639,0
S0164,P007746,ARM2,Twice-weekly,ST4,64.65,female,white,not_hispanic_or_latino,885.1660596319753,0
S0165,P007193,ARM2,Twice-weekly,ST3,57.58,female,black_or_african_american,not_hispanic_or_latino,891.6806211545554,0
S0166,P000191,ARM1,Once-weekly,ST1,62.37,male,white,not_hispanic_or_latino,892.2434228975328,0
S0167,P008730,ARM2,Twice-weekly,ST4,68.02,female,black_or_african_american,not_hispanic_or_latino,892.940859830387,0
S0168,P007602,ARM1,Once-weekly,ST1,46.54,female,white,not_hispanic_or_latino,896.4265388371595,0
S0169,P008505,ARM1,Once-weekly,ST1,62.53,male,white,not_hispanic_or_latino,905.7732575903923,0
S0170,P008654,ARM1,Once-weekly,ST2,55.33,male,white,not_hispanic_or_latino,906.2381187600721,0
S0171,P009379,ARM2,Twice-weekly,ST4,81.92,female,black_or_african_american,not_hispanic_or_latino,908.0417398336688,0
S0172,P001454,ARM1,Once-weekly,ST4,81.91,female,white,not_hispanic_or_latino,908.9072386744198,0
S0173,P005286,ARM1,Once-weekly,ST1,49.11,female,white,not_hispanic_or_latino,924.6376515885256,0
S0174,P000788,ARM1,Once-weekly,ST3,73.31,female,white,not_hispanic_or_latino,937.0655273617555,0
S0175,P005098,ARM1,Once-weekly,ST2,76.95,male,white,not_hispanic_or_latino,946.840127107456,0
S0176,P006632,ARM2,Twice-weekly,ST4,77.09,female,white,not_hispanic_or_latino,987.8968179380305,0
S0177,P004544,ARM2,Twice-weekly,ST2,69.57,female,white,not_hispanic_or_latino,989.1178608434669,0
S0178,P006669,ARM2,Twice-weekly,ST3,55.37,female,black_or_african_american,not_hispanic_or_latino,992.3947937423236,0
S0179,P006091,ARM1,Once-weekly,ST3,61.81,male,asian,not_hispanic_or_latino,997.2603708749617,0
S0180,P008263,ARM1,Once-weekly,ST2,64.1,male,white,not_hispanic_or_latino,1003.9528821158497,0
S0181,P008643,ARM1,Once-weekly,ST4,48.25,male,white,not_hispanic_or_latino,1007.701024890622,0
S0182,P000768,ARM2,Twice-weekly,ST3,59.69,male,white,not_hispanic_or_latino,1013.1452148825789,0
S0183,P000724,ARM2,Twice-weekly,ST4,79.13,male,more_than_one_race,not_hispanic_or_latino,1016.8315808141615,0
S0184,P004564,ARM2,Twice-weekly,ST1,51.77,female,white,not_hispanic_or_latino,1025.216234528004,0
S0185,P005013,ARM1,Once-weekly,ST4,59.2,female,white,not_hispanic_or_latino,1026.96861502346,0
S0186,P001191,ARM2,Twice-weekly,ST1,72.13,male,white,not_hispanic_or_latino,1028.1806467729023,0
S0187,P000884,ARM2,Twice-weekly,ST2,52.9,female,black_or_african_american,not_hispanic_or_latino,1029.9740785898587,0
S0188,P002963,ARM2,Twice-weekly,ST1,71.83,male,asian,not_hispanic_or_latino,1056.281394519344,0
S0189,P007928,ARM2,Twice-weekly,ST3,64.88,male,white,not_hispanic_or_latino,1075.8926834135561,0
S0190,P002442,ARM2,Twice-weekly,ST3,59.29,female,white,not_hispanic_or_latino,1079.104656645943,0
S0191,P004340,ARM2,Twice-weekly,ST1,65.75,male,asian,not_hispanic_or_latino,1079.6826647048226,0
S0192,P007956,ARM2,Twice-weekly,ST4,57.5,male,white,not_hispanic_or_latino,1080.0931717706517,0
S0193,P000932,ARM1,Once-weekly,ST1,65.16,female,white,not_hispanic_or_latino,1089.1342076035844,0
S0194,P002536,ARM1,Once-weekly,ST3,65.16,female,black_or_african_american,not_hispanic_or_latino,1092.9628496750167,0
S0195,P003417,ARM2,Twice-weekly,ST4,64.96,male,black_or_african_american,not_hispanic_or_latino,1100.4550683767782,0
S0196,P000179,ARM2,Twice-weekly,ST1,73.13,male,white,not_hispanic_or_latino,1100.9341656144597,0
S0197,P005315,ARM2,Twice-weekly,ST1,63.92,female,asian,not_hispanic_or_latino,1101.1778730078784,0
S0198,P003314,ARM2,Twice-weekly,ST3,65.06,female,white,not_hispanic_or_latino,1104.5471923912469,0
S0199,P007208,ARM1,Once-weekly,ST4,34.46,male,white,not_hispanic_or_latino,1117.2120278656253,0
S0200,P003447,ARM2,Twice-weekly,ST1,59.03,male,white,not_hispanic_or_latino,1119.9538724077306,0
S0201,P002557,ARM1,Once-weekly,ST1,36.8,female,black_or_african_american,not_hispanic_or_latino,1123.5006126129558,0
S0202,P009726,ARM1,Once-weekly,ST4,67.16,female,white,not_hispanic_or_latino,1127.3681211600228,0
S0203,P005301,ARM2,Twice-weekly,ST4,59.19,male,white,not_hispanic_or_latino,1131.5752264698667,0
S0204,P006122,ARM2,Twice-weekly,ST4,58.14,male,white,not_hispanic_or_latino,1134.331213559401,0
S0205,P003780,ARM2,Twice-weekly,ST3,66.62,male,white,not_hispanic_or_latino,1135.0553729651378,0
S0206,P001634,ARM2,Twice-weekly,ST3,68.0,female,white,not_hispanic_or_latino,1141.5807887822955,0
S0207,P008020,ARM2,Twice-weekly,ST1,42.98,male,white,not_hispanic_or_latino,1152.1774921792587,0
S0208,P008893,ARM1,Once-weekly,ST1,59.69,female,white,not_hispanic_or_latino,1154.0794080627645,0
S0209,P003592,ARM1,Once-weekly,ST2,80.77,female,white,not_hispanic_or_latino,1162.0548925097503,0
S0210,P009880,ARM1,Once-weekly,ST1,79.19,female,white,not_hispanic_or_latino,1165.4202956170739,0
S0211,P009801,ARM1,Once-weekly,ST1,59.58,female,white,not_hispanic_or_latino,1171.7620245909766,0
S0212,P001285,ARM1,Once-weekly,ST2,68.55,male,white,not_hispanic_or_latino,1172.3368485163605,0
S0213,P005432,ARM2,Twice-weekly,ST2,59.65,female,white,not_hispanic_or_latino,1174.3516033799583,0
S0214,P002746,ARM2,Twice-weekly,ST2,72.53,female,white,not_hispanic_or_latino,1182.4236831067128,0
S0215,P003581,ARM2,Twice-weekly,ST2,65.04,male,more_than_one_race,not_hispanic_or_latino,1186.9082767560685,0
S0216,P007753,ARM1,Once-weekly,ST4,72.74,female,black_or_african_american,not_hispanic_or_latino,1191.1483858841812,0
S0217,P005177,ARM1,Once-weekly,ST2,77.54,male,asian,not_hispanic_or_latino,1191.9971017986968,0
S0218,P002770,ARM2,Twice-weekly,ST2,67.36,female,asian,not_hispanic_or_latino,1206.3323335407692,0
S0219,P003980,ARM1,Once-weekly,ST2,61.89,female,white,not_hispanic_or_latino,1206.5517467051832,0
S0220,P002582,ARM1,Once-weekly,ST1,54.5,female,white,not_hispanic_or_latino,1211.9011696788307,0
S0221,P000614,ARM1,Once-weekly,ST4,59.86,female,white,not_hispanic_or_latino,1216.297173077235,0
S0222,P002532,ARM2,Twice-weekly,ST2,77.11,male,white,not_hispanic_or_latino,1218.0748961999743,0
S0223,P000409,ARM2,Twice-weekly,ST1,78.74,female,white,not_hispanic_or_latino,1219.5372613353939,0
S0224,P006613,ARM2,Twice-weekly,ST4,68.69,female,white,not_hispanic_or_latino,1219.870729418719,0
S0225,P005767,ARM1,Once-weekly,ST1,66.01,female,white,not_hispanic_or_latino,1220.3820386481934,0
S0226,P004745,ARM2,Twice-weekly,ST1,71.76,male,white,not_hispanic_or_latino,1223.3102392209698,0
S0227,P006597,ARM1,Once-weekly,ST1,67.22,female,asian,not_hispanic_or_latino,1224.899985106749,0
S0228,P001342,ARM1,Once-weekly,ST1,50.37,female,white,not_hispanic_or_latino,1231.5501731645593,0
S0229,P000301,ARM1,Once-weekly,ST1,43.65,male,white,not_hispanic_or_latino,1235.8826913088214,0
S0230,P001504,ARM2,Twice-weekly,ST1,66.15,male,white,not_hispanic_or_latino,1246.3628378563853,0
S0231,P002857,ARM2,Twice-weekly,ST3,60.99,female,white,not_hispanic_or_latino,1257.9592160484053,0
S0232,P009733,ARM2,Twice-weekly,ST4,47.92,male,black_or_african_american,not_hispanic_or_latino,1258.9207833642513,0
S0233,P007908,ARM2,Twice-weekly,ST4,67.74,male,asian,not_hispanic_or_latino,1261.4476876766535,0
S0234,P007356,ARM2,Twice-weekly,ST3,81.45,female,white,not_hispanic_or_latino,1264.1270941851633,0
S0235,P000252,ARM2,Twice-weekly,ST2,58.52,female,white,not_hispanic_or_latino,1268.583483100259,0
S0236,P009080,ARM2,Twice-weekly,ST2,65.8,male,unknown_or_not_reported,not_hispanic_or_latino,1281.0581799987149,0
S0237,P000775,ARM2,Twice-weekly,ST3,62.2,male,white,not_hispanic_or_latino,1281.466695493196,0
S0238,P000575,ARM2,Twice-weekly,ST3,54.87,male,white,not_hispanic_or_latino,1295.4013075372281,0
S0239,P002263,ARM1,Once-weekly,ST2,66.66,female,asian,not_hispanic_or_latino,1296.7507709015763,0
S0240,P004732,ARM1,Once-weekly,ST2,70.3,male,white,not_hispanic_or_latino,1297.650846526412,0
S0241,P006270,ARM1,Once-weekly,ST2,82.03,male,white,not_hispanic_or_latino,1302.7014626555847,0
S0242,P002216,ARM1,Once-weekly,ST4,58.22,male,black_or_african_american,not_hispanic_or_latino,1308.0175010722348,0
S0243,P004540,ARM2,Twice-weekly,ST4,63.17,female,white,not_hispanic_or_latino,1310.5184602678987,0
S0244,P004039,ARM2,Twice-weekly,ST4,46.52,male,white,not_hispanic_or_latino,1330.9403323792421,0
S0245,P009723,ARM2,Twice-weekly,ST2,48.75,female,unknown_or_not_reported,hispanic_or_latino,1333.8090857040615,0
S0246,P001507,ARM2,Twice-weekly,ST2,64.62,male,white,not_hispanic_or_latino,1336.3970622748243,0
S0247,P003479,ARM1,Once-weekly,ST1,75.51,male,black_or_african_american,not_hispanic_or_latino,1343.6511808337252,0
S0248,P008876,ARM2,Twice-weekly,ST1,60.79,female,white,not_hispanic_or_latino,1348.85027440804,0
S0249,P004118,ARM2,Twice-weekly,ST1,44.81,female,unknown_or_not_reported,not_hispanic_or_latino,1349.4400338196588,0
S0250,P004562,ARM2,Twice-weekly,ST4,65.77,male,white,not_hispanic_or_latino,1358.6576584111651,0
S0251,P002933,ARM1,Once-weekly,ST1,51.71,male,white,not_hispanic_or_latino,1358.7574678274627,0
S0252,P002154,ARM1,Once-weekly,ST1,57.1,female,white,not_hispanic_or_latino,1361.4219154230695,0
S0253,P006367,ARM2,Twice-weekly,ST3,60.77,male,white,not_hispanic_or_latino,1365.6680731390734,0
S0254,P008330,ARM1,Once-weekly,ST2,72.82,male,white,not_hispanic_or_latino,1367.8658520604024,0
S0255,P008825,ARM2,Twice-weekly,ST2,72.04,female,white,not_hispanic_or_latino,1368.6900162903712,0
S0256,P009799,ARM2,Twice-weekly,ST2,64.99,male,white,not_hispanic_or_latino,1382.7860923006924,0
S0257,P002600,ARM2,Twice-weekly,ST1,65.26,female,white,not_hispanic_or_latino,1389.2632041742909,0
S0258,P003290,ARM2,Twice-weekly,ST1,59.25,female,white,not_hispanic_or_latino,1399.63539518756,0
S0259,P009343,ARM2,Twice-weekly,ST2,56.73,male,white,not_hispanic_or_latino,1400.1513674296125,0
S0260,P000151,ARM1,Once-weekly,ST3,55.38,male,white,not_hispanic_or_latino,1400.4613026122329,0
S0261,P002046,ARM2,Twice-weekly,ST3,50.32,female,white,unknown_or_not_reported,1402.5072017772834,0
S0262,P004884,ARM1,Once-weekly,ST1,56.03,male,white,not_hispanic_or_latino,1405.5158527158949,0
S0263,P004578,ARM1,Once-weekly,ST1,38.69,female,white,not_hispanic_or_latino,1407.316557080082,0
S0264,P008098,ARM1,Once-weekly,ST2,56.72,male,unknown_or_not_reported,not_hispanic_or_latino,1435.3054221161285,0
S0265,P006244,ARM1,Once-weekly,ST2,53.15,female,asian,not_hispanic_or_latino,1436.7174797340817,0
S0266,P002156,ARM1,Once-weekly,ST4,72.99,female,unknown_or_not_reported,not_hispanic_or_latino,1437.9105368968667,0
S0267,P000781,ARM2,Twice-weekly,ST4,70.15,male,asian,hispanic_or_latino,1449.03999746009,0
S0268,P000526,ARM1,Once-weekly,ST4,71.32,female,black_or_african_american,not_hispanic_or_latino,1452.4946323514416,0
S0269,P004666,ARM2,Twice-weekly,ST2,65.63,female,black_or_african_american,not_hispanic_or_latino,1457.8253552983451,0
S0270,P000460,ARM2,Twice-weekly,ST1,62.37,male,white,not_hispanic_or_latino,1461.5147310732586,0
S0271,P006645,ARM1,Once-weekly,ST4,62.37,male,white,not_hispanic_or_latino,1469.4016350662955,0
S0272,P006229,ARM2,Twice-weekly,ST2,60.94,male,white,not_hispanic_or_latino,1477.7367693928506,0
S0273,P001518,ARM1,Once-weekly,ST4,73.01,male,white,not_hispanic_or_latino,1481.1785499626894,0
S0274,P000563,ARM2,Twice-weekly,ST3,54.82,male,white,not_hispanic_or_latino,1485.8855115500426,0
S0275,P001570,ARM2,Twice-weekly,ST4,62.71,female,white,not_hispanic_or_latino,1486.2346508092633,0
S0276,P002589,ARM2,Twice-weekly,ST2,61.64,male,white,not_hispanic_or_latino,1491.0995253104954,0
S0277,P007233,ARM2,Twice-weekly,ST3,70.51,female,white,not_hispanic_or_latino,1492.1222719746677,0
S0278,P008587,ARM2,Twice-weekly,ST3,47.39,male,white,not_hispanic_or_latino,1492.6514095403259,0
S0279,P009259,ARM2,Twice-weekly,ST3,58.0,female,white,hispanic_or_latino,1492.94990202513,0
S0280,P008646,ARM2,Twice-weekly,ST4,67.83,female,asian,hispanic_or_latino,1495.1703359503063,0
S0281,P004572,ARM2,Twice-weekly,ST1,61.48,male,white,not_hispanic_or_latino,1507.397507159829,0
S0282,P008159,ARM2,Twice-weekly,ST4,69.85,female,white,not_hispanic_or_latino,1509.4855141732894,0
S0283,P006562,ARM1,Once-weekly,ST4,53.53,male,black_or_african_american,not_hispanic_or_latino,1512.0712303411797,0
S0284,P008483,ARM2,Twice-weekly,ST3,63.51,female,unknown_or_not_reported,not_hispanic_or_latino,1523.5066182843625,0
S0285,P008262,ARM2,Twice-weekly,ST2,70.08,female,white,not_hispanic_or_latino,1531.936674781119,0
S0286,P007380,ARM1,Once-weekly,ST4,74.79,male,white,not_hispanic_or_latino,1535.1593728056869,0
S0287,P000215,ARM2,Twice-weekly,ST2,58.22,female,white,not_hispanic_or_latino,1539.4867548896916,0
S0288,P009644,ARM1,Once-weekly,ST2,65.25,male,white,not_hispanic_or_latino,1543.3696043819637,0
S0289,P000142,ARM1,Once-weekly,ST3,67.5,female,white,not_hispanic_or_latino,1552.9546513195378,0
S0290,P009265,ARM1,Once-weekly,ST4,69.46,male,white,not_hispanic_or_latino,1559.797990936547,0
S0291,P005253,ARM1,Once-weekly,ST4,67.76,female,white,not_hispanic_or_latino,1566.2771734274393,0
S0292,P007998,ARM1,Once-weekly,ST1,73.65,male,white,not_hispanic_or_latino,1571.9359008062481,0
S0293,P005991,ARM1,Once-weekly,ST4,69.75,male,white,hispanic_or_latino,1573.1813940524842,0
S0294,P007988,ARM2,Twice-weekly,ST1,70.62,male,white,hispanic_or_latino,1574.646929757196,0
S0295,P003275,ARM2,Twice-weekly,ST4,49.21,female,white,not_hispanic_or_latino,1579.8713583275712,0
S0296,P004590,ARM2,Twice-weekly,ST2,45.02,male,white,not_hispanic_or_latino,1581.5214257137638,0
S0297,P002492,ARM1,Once-weekly,ST1,69.53,male,white,not_hispanic_or_latino,1582.299395876839,0
S0298,P007341,ARM2,Twice-weekly,ST1,63.66,female,asian,unknown_or_not_reported,1586.800506401222,0
S0299,P002107,ARM2,Twice-weekly,ST3,57.23,female,white,not_hispanic_or_latino,1591.239023751129,0
S0300,P006509,ARM2,Twice-weekly,ST1,63.29,female,white,not_hispanic_or_latino,1591.6981044532758,0
S0301,P005101,ARM2,Twice-weekly,ST3,64.33,male,white,not_hispanic_or_latino,1597.0366741371622,0
S0302,P005066,ARM2,Twice-weekly,ST1,49.05,female,white,not_hispanic_or_latino,1598.5076307444515,0
S0303,P000760,ARM1,Once-weekly,ST4,47.23,female,white,not_hispanic_or_latino,1600.9323644227725,0
S0304,P003497,ARM1,Once-weekly,ST4,60.74,male,white,not_hispanic_or_latino,1601.3096465260671,0
S0305,P002903,ARM2,Twice-weekly,ST1,54.98,male,white,not_hispanic_or_latino,1602.4260785343927,0
S0306,P002352,ARM1,Once-weekly,ST4,54.43,female,white,not_hispanic_or_latino,1604.285797102372,0
S0307,P007595,ARM2,Twice-weekly,ST4,66.14,female,white,not_hispanic_or_latino,1606.009187855037,0
S0308,P004428,ARM2,Twice-weekly,ST2,66.54,female,asian,not_hispanic_or_latino,1613.5858347216963,0
S0309,P008663,ARM2,Twice-weekly,ST3,52.9,female,asian,not_hispanic_or_latino,1614.8387790745812,0
S0310,P001422,ARM1,Once-weekly,ST3,62.3,male,white,not_hispanic_or_latino,1614.877730084995,0
S0311,P009651,ARM1,Once-weekly,ST1,45.7,male,white,not_hispanic_or_latino,1619.6479275560068,0
S0312,P004254,ARM1,Once-weekly,ST1,69.34,male,asian,not_hispanic_or_latino,1622.6779250701095,0
S0313,P007257,ARM1,Once-weekly,ST4,37.96,male,white,not_hispanic_or_latino,1626.2744163518128,0
S0314,P009602,ARM2,Twice-weekly,ST4,59.87,female,white,not_hispanic_or_latino,1633.6860593718748,0
S0315,P008025,ARM1,Once-weekly,ST4,73.87,female,white,not_hispanic_or_latino,1643.7032104002037,0
S0316,P004660,ARM1,Once-weekly,ST4,61.2,female,white,not_hispanic_or_latino,1646.635374223832,0
S0317,P004574,ARM2,Twice-weekly,ST2,52.0,male,white,not_hispanic_or_latino,1656.4796043498445,0
S0318,P007690,ARM1,Once-weekly,ST3,73.46,male,white,not_hispanic_or_latino,1669.401627841532,0
S0319,P009640,ARM1,Once-weekly,ST2,44.42,male,white,not_hispanic_or_latino,1675.1894124559262,0
S0320,P001153,ARM2,Twice-weekly,ST2,73.57,female,white,not_hispanic_or_latino,1678.3621151349153,0
S0321,P003080,ARM2,Twice-weekly,ST3,84.21,male,white,not_hispanic_or_latino,1688.082188578064,0
S0322,P007447,ARM2,Twice-weekly,ST4,69.47,female,white,not_hispanic_or_latino,1702.9129925603222,0
S0323,P003648,ARM1,Once-weekly,ST3,72.3,female,white,not_hispanic_or_latino,1705.9526174666469,0
S0324,P007877,ARM1,Once-weekly,ST4,50.99,female,white,not_hispanic_or_latino,1706.3756157522068,0
S0325,P002622,ARM2,Twice-weekly,ST4,68.75,male,white,not_hispanic_or_latino,1713.5746300960857,0
S0326,P006776,ARM2,Twice-weekly,ST1,64.01,female,white,not_hispanic_or_latino,1724.2574133919725,0
S0327,P008588,ARM1,Once-weekly,ST2,59.79,male,black_or_african_american,not_hispanic_or_latino,1728.1116615185795,0
S0328,P002112,ARM1,Once-weekly,ST2,51.32,male,black_or_african_american,not_hispanic_or_latino,1728.9606400849768,0
S0329,P005247,ARM2,Twice-weekly,ST3,61.42,female,black_or_african_american,not_hispanic_or_latino,1739.503051713566,0
S0330,P005516,ARM2,Twice-weekly,ST3,65.98,female,white,not_hispanic_or_latino,1739.9962305132985,0
S0331,P002870,ARM2,Twice-weekly,ST3,61.73,male,white,not_hispanic_or_latino,1757.5075201708078,0
S0332,P006413,ARM2,Twice-weekly,ST3,65.92,female,white,not_hispanic_or_latino,1764.8403968471391,0
S0333,P007948,ARM2,Twice-weekly,ST1,53.57,female,asian,not_hispanic_or_latino,1774.4726587418522,0
S0334,P009994,ARM1,Once-weekly,ST4,67.65,male,white,not_hispanic_or_latino,1774.6802415424872,0
S0335,P002676,ARM1,Once-weekly,ST4,65.59,female,black_or_african_american,not_hispanic_or_latino,1775.090946282616,0
S0336,P002376,ARM1,Once-weekly,ST4,71.22,male,white,not_hispanic_or_latino,1776.2686396868905,0
S0337,P000253,ARM1,Once-weekly,ST3,61.82,male,black_or_african_american,not_hispanic_or_latino,1813.827328504833,0
S0338,P002237,ARM2,Twice-weekly,ST2,76.81,male,white,not_hispanic_or_latino,1822.0713208298118,0
S0339,P000896,ARM1,Once-weekly,ST2,60.97,male,white,not_hispanic_or_latino,1828.8484559250091,0
S0340,P008464,ARM2,Twice-weekly,ST1,71.27,male,white,not_hispanic_or_latino,1840.8783158095182,0
S0341,P002143,ARM2,Twice-weekly,ST2,53.6,male,white,not_hispanic_or_latino,1841.0656419467534,0
S0342,P008135,ARM1,Once-weekly,ST4,42.12,male,asian,not_hispanic_or_latino,1844.6820182488013,0
S0343,P001216,ARM2,Twice-weekly,ST4,61.07,male,white,not_hispanic_or_latino,1847.5740160301536,0
S0344,P003722,ARM2,Twice-weekly,ST1,65.02,male,white,not_hispanic_or_latino,1849.980049590481,0
S0345,P005718,ARM1,Once-weekly,ST4,64.0,male,unknown_or_not_reported,not_hispanic_or_latino,1856.8669797831778,0
S0346,P004240,ARM1,Once-weekly,ST2,89.0,female,white,not_hispanic_or_latino,1859.5601364370839,0
S0347,P000413,ARM2,Twice-weekly,ST4,66.85,female,black_or_african_american,not_hispanic_or_latino,1861.8941449862878,0
S0348,P006648,ARM1,Once-weekly,ST4,81.78,female,black_or_african_american,not_hispanic_or_latino,1865.5122431968928,0
S0349,P004216,ARM2,Twice-weekly,ST2,75.12,male,asian,not_hispanic_or_latino,1868.098432590437,0
S0350,P005239,ARM1,Once-weekly,ST4,66.38,female,unknown_or_not_reported,not_hispanic_or_latino,1870.7180631653623,0
S0351,P006784,ARM1,Once-weekly,ST2,66.65,male,white,not_hispanic_or_latino,1873.7803488316495,0
S0352,P007326,ARM2,Twice-weekly,ST1,72.42,male,black_or_african_american,not_hispanic_or_latino,1878.5372352245013,0
S0353,P007117,ARM1,Once-weekly,ST2,60.41,female,white,not_hispanic_or_latino,1882.2604043014417,0
S0354,P005114,ARM2,Twice-weekly,ST3,68.58,male,white,not_hispanic_or_latino,1889.136318034838,0
S0355,P003515,ARM1,Once-weekly,ST1,63.85,female,white,not_hispanic_or_latino,1899.0722035625529,0
S0356,P004507,ARM2,Twice-weekly,ST1,59.09,male,white,not_hispanic_or_latino,1903.4012853450895,0
S0357,P002610,ARM2,Twice-weekly,ST4,57.82,female,white,not_hispanic_or_latino,1906.644066265987,0
S0358,P008354,ARM1,Once-weekly,ST1,46.87,male,white,not_hispanic_or_latino,1913.8376894073863,0
S0359,P006643,ARM2,Twice-weekly,ST4,65.78,female,white,not_hispanic_or_latino,1919.79546630604,0
S0360,P001747,ARM1,Once-weekly,ST2,47.77,male,white,not_hispanic_or_latino,1945.0944855446864,0
S0361,P008501,ARM1,Once-weekly,ST4,65.07,male,white,not_hispanic_or_latino,1945.3024470967603,0
S0362,P005923,ARM2,Twice-weekly,ST2,64.28,male,asian,not_hispanic_or_latino,1956.5505984704282,0
S0363,P004052,ARM1,Once-weekly,ST1,72.31,female,white,not_hispanic_or_latino,1956.8255293265213,0
S0364,P004247,ARM2,Twice-weekly,ST4,66.31,male,white,not_hispanic_or_latino,1962.3856509091868,0
S0365,P000600,ARM1,Once-weekly,ST3,59.94,male,unknown_or_not_reported,not_hispanic_or_latino,1963.8116139559725,0
S0366,P004592,ARM1,Once-weekly,ST3,65.36,female,white,not_hispanic_or_latino,1963.8374637143052,0
S0367,P006494,ARM2,Twice-weekly,ST2,54.07,female,white,not_hispanic_or_latino,1967.168504485076,0
S0368,P001619,ARM2,Twice-weekly,ST2,41.3,male,white,not_hispanic_or_latino,1976.233459237541,0
S0369,P002211,ARM1,Once-weekly,ST2,58.26,male,white,not_hispanic_or_latino,1979.7557005498397,0
S0370,P006863,ARM1,Once-weekly,ST4,65.95,male,white,not_hispanic_or_latino,1986.971901984867,0
S0371,P004141,ARM2,Twice-weekly,ST4,52.69,female,asian,hispanic_or_latino,1992.5020316312682,0
S0372,P008936,ARM1,Once-weekly,ST4,60.47,male,white,not_hispanic_or_latino,2002.609651206176,0
S0373,P001396,ARM1,Once-weekly,ST2,48.81,male,white,unknown_or_not_reported,2006.1766584684565,0
S0374,P000392,ARM1,Once-weekly,ST2,50.65,male,white,not_hispanic_or_latino,2009.1878641612284,0
S0375,P004997,ARM2,Twice-weekly,ST3,63.93,female,white,not_hispanic_or_latino,2009.3176107101515,0
S0376,P008072,ARM2,Twice-weekly,ST4,64.6,female,white,unknown_or_not_reported,2020.7325998689232,0
S0377,P001236,ARM1,Once-weekly,ST3,59.99,male,unknown_or_not_reported,not_hispanic_or_latino,2027.4870626503132,0
S0378,P002003,ARM2,Twice-weekly,ST4,41.58,female,white,not_hispanic_or_latino,2028.0891194807177,0
S0379,P009339,ARM1,Once-weekly,ST2,72.98,female,white,not_hispanic_or_latino,2029.0707300175268,0
S0380,P009820,ARM1,Once-weekly,ST4,73.55,female,white,not_hispanic_or_latino,2029.5354180367183,0
S0381,P001868,ARM2,Twice-weekly,ST2,45.95,female,asian,not_hispanic_or_latino,2035.6955152532296,0
S0382,P005296,ARM1,Once-weekly,ST1,63.96,female,white,not_hispanic_or_latino,2042.874738666561,0
S0383,P005283,ARM2,Twice-weekly,ST3,67.78,male,white,not_hispanic_or_latino,2054.135838989867,0
S0384,P001367,ARM1,Once-weekly,ST2,67.64,male,white,not_hispanic_or_latino,2054.7812455695994,0
S0385,P007413,ARM1,Once-weekly,ST4,61.61,male,asian,not_hispanic_or_latino,2056.2614070301274,0
S0386,P002637,ARM1,Once-weekly,ST4,70.04,female,unknown_or_not_reported,hispanic_or_latino,2057.413031025782,0
S0387,P009122,ARM2,Twice-weekly,ST2,46.37,female,white,not_hispanic_or_latino,2058.2894547513033,0
S0388,P009776,ARM1,Once-weekly,ST3,68.45,male,white,not_hispanic_or_latino,2063.4311746565245,0
S0389,P002815,ARM2,Twice-weekly,ST1,55.61,male,black_or_african_american,not_hispanic_or_latino,2064.9698286795146,0
S0390,P004680,ARM2,Twice-weekly,ST2,54.54,male,white,not_hispanic_or_latino,2067.3572494123428,0
S0391,P002957,ARM2,Twice-weekly,ST1,81.64,female,white,not_hispanic_or_latino,2082.7829388875343,0
S0392,P000098,ARM1,Once-weekly,ST3,63.61,female,white,not_hispanic_or_latino,2084.7572330617995,0
S0393,P003523,ARM1,Once-weekly,ST3,58.64,female,black_or_african_american,not_hispanic_or_latino,2096.4263132921974,0
S0394,P003554,ARM1,Once-weekly,ST1,64.6,male,white,not_hispanic_or_latino,2105.4172352719597,0
S0395,P009652,ARM1,Once-weekly,ST1,64.3,male,white,not_hispanic_or_latino,2120.915203234814,0
S0396,P003661,ARM2,Twice-weekly,ST3,63.22,male,white,not_hispanic_or_latino,2122.450374107913,0
S0397,P008589,ARM2,Twice-weekly,ST2,55.59,female,white,not_hispanic_or_latino,2131.8952199888745,0
S0398,P007965,ARM1,Once-weekly,ST3,64.54,male,unknown_or_not_reported,hispanic_or_latino,2156.4089270840004,0
S0399,P006176,ARM2,Twice-weekly,ST3,61.72,female,white,not_hispanic_or_latino,2157.1889619727426,0
S0400,P001534,ARM1,Once-weekly,ST4,39.66,male,black_or_african_american,not_hispanic_or_latino,2164.8925955338095,0
S0401,P009601,ARM1,Once-weekly,ST3,50.34,female,white,not_hispanic_or_latino,2169.0278104679396,0
S0402,P001166,ARM2,Twice-weekly,ST1,54.81,male,white,not_hispanic_or_latino,2176.0571215271857,0
S0403,P000773,ARM2,Twice-weekly,ST3,71.91,male,white,not_hispanic_or_latino,2178.9288466071025,0
S0404,P007490,ARM2,Twice-weekly,ST1,57.58,male,white,not_hispanic_or_latino,2179.5730569526236,0
S0405,P009007,ARM1,Once-weekly,ST4,47.41,male,asian,not_hispanic_or_latino,2184.1254716773174,0
S0406,P008226,ARM1,Once-weekly,ST4,54.1,female,white,not_hispanic_or_latino,2190.2036944224296,0
S0407,P004049,ARM2,Twice-weekly,ST3,45.57,male,white,not_hispanic_or_latino,2191.0595829672384,0
S0408,P006134,ARM1,Once-weekly,ST3,68.76,male,white,not_hispanic_or_latino,2199.9728871880466,0
S0409,P000975,ARM2,Twice-weekly,ST1,62.78,male,white,not_hispanic_or_latino,2201.5098854477606,0
S0410,P000411,ARM1,Once-weekly,ST4,62.54,female,asian,not_hispanic_or_latino,2205.6984745765644,0
S0411,P000508,ARM1,Once-weekly,ST4,59.71,male,white,not_hispanic_or_latino,2205.848022796744,0
S0412,P009772,ARM1,Once-weekly,ST3,59.32,female,black_or_african_american,not_hispanic_or_latino,2208.0681795310893,0
S0413,P007976,ARM2,Twice-weekly,ST4,52.11,male,asian,not_hispanic_or_latino,2208.5411294519736,0
S0414,P007716,ARM2,Twice-weekly,ST3,64.76,female,white,not_hispanic_or_latino,2210.295021072819,0
S0415,P006781,ARM2,Twice-weekly,ST1,60.43,male,white,not_hispanic_or_latino,2214.9334281787096,0
S0416,P003454,ARM2,Twice-weekly,ST4,67.88,male,white,not_hispanic_or_latino,2217.7422749439556,0
S0417,P002687,ARM1,Once-weekly,ST3,57.52,female,white,not_hispanic_or_latino,2218.5563808639404,0
S0418,P003751,ARM2,Twice-weekly,ST2,70.76,female,white,not_hispanic_or_latino,2225.703446318012,0
S0419,P002640,ARM1,Once-weekly,ST3,65.11,male,white,not_hispanic_or_latino,2226.8128337132507,0
S0420,P004269,ARM1,Once-weekly,ST4,77.19,male,white,not_hispanic_or_latino,2227.271346889408,0
S0421,P006369,ARM1,Once-weekly,ST4,49.79,female,white,not_hispanic_or_latino,2241.2386533091526,0
S0422,P000782,ARM1,Once-weekly,ST1,53.66,male,white,hispanic_or_latino,2243.611269201726,0
S0423,P002902,ARM2,Twice-weekly,ST1,38.52,male,black_or_african_american,not_hispanic_or_latino,2259.517898431361,0
S0424,P003796,ARM2,Twice-weekly,ST4,97.44,male,white,not_hispanic_or_latino,2262.99132856078,0
S0425,P007530,ARM1,Once-weekly,ST2,56.3,male,white,not_hispanic_or_latino,2275.0183516312004,0
S0426,P002464,ARM1,Once-weekly,ST4,55.54,male,white,not_hispanic_or_latino,2285.129676104574,0
S0427,P008522,ARM1,Once-weekly,ST3,81.11,female,white,not_hispanic_or_latino,2298.7237728773566,0
S0428,P005320,ARM2,Twice-weekly,ST1,52.41,male,more_than_one_race,not_hispanic_or_latino,2310.772002108774,0
S0429,P004774,ARM1,Once-weekly,ST4,76.47,male,unknown_or_not_reported,not_hispanic_or_latino,2312.777846264586,0
S0430,P002901,ARM2,Twice-weekly,ST2,75.62,female,white,not_hispanic_or_latino,2319.214698993617,0
S0431,P004067,ARM2,Twice-weekly,ST2,42.36,female,white,not_hispanic_or_latino,2320.233708977537,0
S0432,P003556,ARM2,Twice-weekly,ST1,61.75,male,white,not_hispanic_or_latino,2320.872948773322,0
S0433,P000086,ARM2,Twice-weekly,ST1,64.38,male,white,not_hispanic_or_latino,2327.804148792149,0
S0434,P004432,ARM1,Once-weekly,ST3,69.63,female,white,not_hispanic_or_latino,2335.8692384988217,0
S0435,P001019,ARM1,Once-weekly,ST4,61.76,male,white,not_hispanic_or_latino,2339.4044009587487,0
S0436,P005199,ARM2,Twice-weekly,ST3,56.75,female,white,not_hispanic_or_latino,2346.5077569031237,0
S0437,P002570,ARM2,Twice-weekly,ST3,71.68,female,white,not_hispanic_or_latino,2351.196003887568,0
S0438,P005788,ARM2,Twice-weekly,ST4,61.56,male,black_or_african_american,not_hispanic_or_latino,2362.436956613234,0
S0439,P002788,ARM2,Twice-weekly,ST3,74.14,male,black_or_african_american,not_hispanic_or_latino,2373.7085153987173,0
S0440,P003584,ARM1,Once-weekly,ST4,59.83,female,asian,not_hispanic_or_latino,2374.6687825769654,0
S0441,P005609,ARM1,Once-weekly,ST3,52.69,female,white,not_hispanic_or_latino,2382.288776008831,0
S0442,P007929,ARM2,Twice-weekly,ST2,63.69,female,white,not_hispanic_or_latino,2387.3627916861665,0
S0443,P006678,ARM2,Twice-weekly,ST4,51.8,female,white,not_hispanic_or_latino,2388.8071381323657,0
S0444,P004333,ARM1,Once-weekly,ST2,65.11,female,black_or_african_american,not_hispanic_or_latino,2389.6937050230554,0
S0445,P001022,ARM1,Once-weekly,ST1,64.08,female,white,not_hispanic_or_latino,2390.9179392069664,0
S0446,P008902,ARM2,Twice-weekly,ST3,76.27,male,white,not_hispanic_or_latino,2392.102800283382,0
S0447,P009031,ARM1,Once-weekly,ST3,69.37,male,white,not_hispanic_or_latino,2394.109111937981,0
S0448,P002276,ARM2,Twice-weekly,ST4,67.64,female,black_or_african_american,not_hispanic_or_latino,2406.2725978911076,0
S0449,P008942,ARM1,Once-weekly,ST4,74.9,female,unknown_or_not_reported,hispanic_or_latino,2406.4091333355937,0
S0450,P006775,ARM1,Once-weekly,ST3,57.37,female,white,hispanic_or_latino,2409.8404615066697,0
S0451,P009698,ARM1,Once-weekly,ST1,67.81,female,asian,not_hispanic_or_latino,2411.0423418222326,0
S0452,P000740,ARM1,Once-weekly,ST2,66.47,male,white,not_hispanic_or_latino,2411.3426673459526,0
S0453,P006483,ARM1,Once-weekly,ST2,60.52,male,white,not_hispanic_or_latino,2430.9871910019665,0
S0454,P009207,ARM1,Once-weekly,ST2,72.85,female,white,not_hispanic_or_latino,2432.995574949077,0
S0455,P001049,ARM1,Once-weekly,ST2,74.61,male,white,not_hispanic_or_latino,2436.326372247731,0
S0456,P003464,ARM2,Twice-weekly,ST1,57.68,male,white,not_hispanic_or_latino,2437.9978036805214,0
S0457,P008486,ARM1,Once-weekly,ST2,41.74,male,white,not_hispanic_or_latino,2439.1153583222276,0
S0458,P003466,ARM2,Twice-weekly,ST1,54.19,male,white,not_hispanic_or_latino,2443.1393039146296,0
S0459,P000073,ARM2,Twice-weekly,ST2,67.81,female,white,not_hispanic_or_latino,2443.285904181142,0
S0460,P006102,ARM1,Once-weekly,ST3,62.25,male,white,not_hispanic_or_latino,2452.160289667608,0
