USUBJID,TULNKID,TUTESTCD,TUORRES,TUDY
S0003,T01,TUMIDENT,TARGET,0
S0003,NT01,TUMIDENT,NON-TARGET,0
S0005,T01,TUMIDENT,TARGET,0
S0005,T02,TUMIDENT,TARGET,0
S0006,T01,TUMIDENT,TARGET,0
S0006,T02,TUMIDENT,TARGET,0
S0006,T03,TUMIDENT,TARGET,0
S0006,NT01,TUMIDENT,NON-TARGET,0
S0007,T01,TUMIDENT,TARGET,0
S0007,NT01,TUMIDENT,NON-TARGET,0
S0008,T01,TUMIDENT,TARGET,0
S0008,T02,TUMIDENT,TARGET,0
S0008,T03,TUMIDENT,TARGET,0
S0012,T01,TUMIDENT,TARGET,0
S0012,T02,TUMIDENT,TARGET,0
S0012,T03,TUMIDENT,TARGET,0
S0013,T01,TUMIDENT,TARGET,0
S0013,T02,TUMIDENT,TARGET,0
S0013,T03,TUMIDENT,TARGET,0
S0013,NT01,TUMIDENT,NON-TARGET,0
S0014,T01,TUMIDENT,TARGET,0
S0014,T02,TUMIDENT,TARGET,0
S0014,T03,TUMIDENT,TARGET,0
S0014,T04,TUMIDENT,TARGET,0
S0014,T05,TUMIDENT,TARGET,0
S0015,T01,TUMIDENT,TARGET,0
S0015,T02,TUMIDENT,TARGET,0
S0015,T03,TUMIDENT,TARGET,0
S0015,NT01,TUMIDENT,NON-TARGET,0
S0016,T01,TUMIDENT,TARGET,0
S0016,T02,TUMIDENT,TARGET,0
S0016,T03,TUMIDENT,TARGET,0
S0016,NT01,TUMIDENT,NON-TARGET,0
S0016,NT02,TUMIDENT,NON-TARGET,0
S0018,T01,TUMIDENT,TARGET,0
S0018,T02,TUMIDENT,TARGET,0
S0018,T03,TUMIDENT,TARGET,0
S0018,T04,TUMIDENT,TARGET,0
S0018,NT01,TUMIDENT,NON-TARGET,0
S0019,T01,TUMIDENT,TARGET,0
S0023,T01,TUMIDENT,TARGET,0
S0023,T02,TUMIDENT,TARGET,0
S0023,T03,TUMIDENT,TARGET,0
S0023,NT01,TUMIDENT,NON-TARGET,0
S0023,NT02,TUMIDENT,NON-TARGET,0
S0027,T01,TUMIDENT,TARGET,0
S0027,T02,TUMIDENT,TARGET,0
S0027,T03,TUMIDENT,TARGET,0
S0027,NT01,TUMIDENT,NON-TARGET,0
S0027,NT02,TUMIDENT,NON-TARGET,0
S0027,NT03,TUMIDENT,NON-TARGET,0
S0028,T01,TUMIDENT,TARGET,0
S0028,T02,TUMIDENT,TARGET,0
S0028,T03,TUMIDENT,TARGET,0
S0028,T04,TUMIDENT,TARGET,0
S0028,NT01,TUMIDENT,NON-TARGET,0
S0028,NT02,TUMIDENT,NON-TARGET,0
S0029,T01,TUMIDENT,TARGET,0
S0029,T02,TUMIDENT,TARGET,0
S0029,T03,TUMIDENT,TARGET,0
S0029,T04,TUMIDENT,TARGET,0
S0030,T01,TUMIDENT,TARGET,0
S0030,T02,TUMIDENT,TARGET,0
S0030,T03,TUMIDENT,TARGET,0
S0030,T04,TUMIDENT,TARGET,0
S0030,T05,TUMIDENT,TARGET,0
S0034,T01,TUMIDENT,TARGET,0
S0034,T02,TUMIDENT,TARGET,0
S0034,T03,TUMIDENT,TARGET,0
S0034,T04,TUMIDENT,TARGET,0
S0038,T01,TUMIDENT,TARGET,0
S0038,T02,TUMIDENT,TARGET,0
S0038,T03,TUMIDENT,TARGET,0
S0038,T04,TUMIDENT,TARGET,0
S0038,T05,TUMIDENT,TARGET,0
S0038,NT01,TUMIDENT,NON-TARGET,0
S0039,T01,TUMIDENT,TARGET,0
S0039,T02,TUMIDENT,TARGET,0
S0039,NT01,TUMIDENT,NON-TARGET,0
S0039,NT02,TUMIDENT,NON-TARGET,0
S0039,NT03,TUMIDENT,NON-TARGET,0
S0041,T01,TUMIDENT,TARGET,0
S0044,T01,TUMIDENT,TARGET,0
S0044,T02,TUMIDENT,TARGET,0
S0044,T03,TUMIDENT,TARGET,0
S0044,T04,TUMIDENT,TARGET,0
S0044,T05,TUMIDENT,TARGET,0
S0044,NT01,TUMIDENT,NON-TARGET,0
S0047,T01,TUMIDENT,TARGET,0
S0047,T02,TUMIDENT,TARGET,0
S0047,NT01,TUMIDENT,NON-TARGET,0
S0047,NT02,TUMIDENT,NON-TARGET,0
S0047,NT03,TUMIDENT,NON-TARGET,0
S0048,T01,TUMIDENT,TARGET,0
S0048,T02,TUMIDENT,TARGET,0
S0048,T03,TUMIDENT,TARGET,0
S0048,NT01,TUMIDENT,NON-TARGET,0
S0048,NT02,TUMIDENT,NON-TARGET,0
S0049,T01,TUMIDENT,TARGET,0
S0049,T02,TUMIDENT,TARGET,0
S0049,T03,TUMIDENT,TARGET,0
S0049,T04,TUMIDENT,TARGET,0
S0049,T05,TUMIDENT,TARGET,0
S0049,NT01,TUMIDENT,NON-TARGET,0
S0050,T01,TUMIDENT,TARGET,0
S0050,T02,TUMIDENT,TARGET,0
S0050,NT01,TUMIDENT,NON-TARGET,0
S0050,NT02,TUMIDENT,NON-TARGET,0
S0050,NT03,TUMIDENT,NON-TARGET,0
S0053,T01,TUMIDENT,TARGET,0
S0056,T01,TUMIDENT,TARGET,0
S0056,T02,TUMIDENT,TARGET,0
S0058,T01,TUMIDENT,TARGET,0
S0058,T02,TUMIDENT,TARGET,0
S0058,NT01,TUMIDENT,NON-TARGET,0
S0058,NT02,TUMIDENT,NON-TARGET,0
S0063,T01,TUMIDENT,TARGET,0
S0063,NT01,TUMIDENT,NON-TARGET,0
S0063,NT02,TUMIDENT,NON-TARGET,0
S0064,T01,TUMIDENT,TARGET,0
S0064,T02,TUMIDENT,TARGET,0
S0064,T03,TUMIDENT,TARGET,0
S0064,T04,TUMIDENT,TARGET,0
S0064,NT01,TUMIDENT,NON-TARGET,0
S0064,NT02,TUMIDENT,NON-TARGET,0
S0064,NT03,TUMIDENT,NON-TARGET,0
S0065,T01,TUMIDENT,TARGET,0
S0065,NT01,TUMIDENT,NON-TARGET,0
S0065,NT02,TUMIDENT,NON-TARGET,0
S0073,T01,TUMIDENT,TARGET,0
S0073,T02,TUMIDENT,TARGET,0
S0073,T03,TUMIDENT,TARGET,0
S0073,T04,TUMIDENT,TARGET,0
S0073,T05,TUMIDENT,TARGET,0
S0073,NT01,TUMIDENT,NON-TARGET,0
S0075,T01,TUMIDENT,TARGET,0
S0075,T02,TUMIDENT,TARGET,0
S0075,T03,TUMIDENT,TARGET,0
S0075,T04,TUMIDENT,TARGET,0
S0075,T05,TUMIDENT,TARGET,0
S0075,NT01,TUMIDENT,NON-TARGET,0
S0075,NT02,TUMIDENT,NON-TARGET,0
S0075,NT03,TUMIDENT,NON-TARGET,0
S0078,T01,TUMIDENT,TARGET,0
S0078,T02,TUMIDENT,TARGET,0
S0078,T03,TUMIDENT,TARGET,0
S0078,NT01,TUMIDENT,NON-TARGET,0
S0078,NT02,TUMIDENT,NON-TARGET,0
S0078,NT03,TUMIDENT,NON-TARGET,0
S0079,T01,TUMIDENT,TARGET,0
S0079,T02,TUMIDENT,TARGET,0
S0079,T03,TUMIDENT,TARGET,0
S0079,T04,TUMIDENT,TARGET,0
S0080,T01,TUMIDENT,TARGET,0
S0080,T02,TUMIDENT,TARGET,0
S0080,T03,TUMIDENT,TARGET,0
S0080,NT01,TUMIDENT,NON-TARGET,0
S0083,T01,TUMIDENT,TARGET,0
S0083,T02,TUMIDENT,TARGET,0
S0083,T03,TUMIDENT,TARGET,0
S0083,NT01,TUMIDENT,NON-TARGET,0
S0083,NT02,TUMIDENT,NON-TARGET,0
S0084,T01,TUMIDENT,TARGET,0
S0084,T02,TUMIDENT,TARGET,0
S0084,T03,TUMIDENT,TARGET,0
S0084,T04,TUMIDENT,TARGET,0
S0084,NT01,TUMIDENT,NON-TARGET,0
S0084,NT02,TUMIDENT,NON-TARGET,0
S0084,NT03,TUMIDENT,NON-TARGET,0
S0086,T01,TUMIDENT,TARGET,0
S0086,T02,TUMIDENT,TARGET,0
S0086,T03,TUMIDENT,TARGET,0
S0086,T04,TUMIDENT,TARGET,0
S0086,T05,TUMIDENT,TARGET,0
S0086,NT01,TUMIDENT,NON-TARGET,0
S0086,NT02,TUMIDENT,NON-TARGET,0
S0086,NT03,TUMIDENT,NON-TARGET,0
S0088,T01,TUMIDENT,TARGET,0
S0088,T02,TUMIDENT,TARGET,0
S0088,NT01,TUMIDENT,NON-TARGET,0
S0088,NT02,TUMIDENT,NON-TARGET,0
S0088,NT03,TUMIDENT,NON-TARGET,0
S0092,T01,TUMIDENT,TARGET,0
S0092,T02,TUMIDENT,TARGET,0
S0092,T03,TUMIDENT,TARGET,0
S0092,T04,TUMIDENT,TARGET,0
S0092,T05,TUMIDENT,TARGET,0
S0092,NT01,TUMIDENT,NON-TARGET,0
S0092,NT02,TUMIDENT,NON-TARGET,0
S0092,NT03,TUMIDENT,NON-TARGET,0
S0096,T01,TUMIDENT,TARGET,0
S0096,T02,TUMIDENT,TARGET,0
S0096,T03,TUMIDENT,TARGET,0
S0096,T04,TUMIDENT,TARGET,0
S0096,T05,TUMIDENT,TARGET,0
S0096,NT01,TUMIDENT,NON-TARGET,0
S0097,T01,TUMIDENT,TARGET,0
S0097,T02,TUMIDENT,TARGET,0
S0097,NT01,TUMIDENT,NON-TARGET,0
S0097,NT02,TUMIDENT,NON-TARGET,0
S0097,NT03,TUMIDENT,NON-TARGET,0
S0100,T01,TUMIDENT,TARGET,0
S0100,T02,TUMIDENT,TARGET,0
S0100,T03,TUMIDENT,TARGET,0
S0100,NT01,TUMIDENT,NON-TARGET,0
S0100,NT02,TUMIDENT,NON-TARGET,0
S0100,NT03,TUMIDENT,NON-TARGET,0
S0103,T01,TUMIDENT,TARGET,0
S0103,T02,TUMIDENT,TARGET,0
S0103,T03,TUMIDENT,TARGET,0
S0103,T04,TUMIDENT,TARGET,0
S0103,T05,TUMIDENT,TARGET,0
S0105,T01,TUMIDENT,TARGET,0
S0105,T02,TUMIDENT,TARGET,0
S0105,T03,TUMIDENT,TARGET,0
S0105,NT01,TUMIDENT,NON-TARGET,0
S0108,T01,TUMIDENT,TARGET,0
S0108,T02,TUMIDENT,TARGET,0
S0108,T03,TUMIDENT,TARGET,0
S0108,T04,TUMIDENT,TARGET,0
S0108,NT01,TUMIDENT,NON-TARGET,0
S0111,T01,TUMIDENT,TARGET,0
S0111,T02,TUMIDENT,TARGET,0
S0111,T03,TUMIDENT,TARGET,0
S0111,T04,TUMIDENT,TARGET,0
S0111,T05,TUMIDENT,TARGET,0
S0113,T01,TUMIDENT,TARGET,0
S0113,T02,TUMIDENT,TARGET,0
S0113,T03,TUMIDENT,TARGET,0
S0113,T04,TUMIDENT,TARGET,0
S0113,T05,TUMIDENT,TARGET,0
S0115,T01,TUMIDENT,TARGET,0
S0115,T02,TUMIDENT,TARGET,0
S0115,T03,TUMIDENT,TARGET,0
S0115,T04,TUMIDENT,TARGET,0
S0115,T05,TUMIDENT,TARGET,0
S0115,NT01,TUMIDENT,NON-TARGET,0
S0115,NT02,TUMIDENT,NON-TARGET,0
S0116,T01,TUMIDENT,TARGET,0
S0116,T02,TUMIDENT,TARGET,0
S0116,T03,TUMIDENT,TARGET,0
S0116,NT01,TUMIDENT,NON-TARGET,0
S0117,T01,TUMIDENT,TARGET,0
S0117,T02,TUMIDENT,TARGET,0
S0117,T03,TUMIDENT,TARGET,0
S0117,NT01,TUMIDENT,NON-TARGET,0
S0117,NT02,TUMIDENT,NON-TARGET,0
S0120,T01,TUMIDENT,TARGET,0
S0120,T02,TUMIDENT,TARGET,0
S0120,T03,TUMIDENT,TARGET,0
S0120,T04,TUMIDENT,TARGET,0
S0120,T05,TUMIDENT,TARGET,0
S0120,NT01,TUMIDENT,NON-TARGET,0
S0120,NT02,TUMIDENT,NON-TARGET,0
S0121,T01,TUMIDENT,TARGET,0
S0121,T02,TUMIDENT,TARGET,0
S0121,T03,TUMIDENT,TARGET,0
S0123,T01,TUMIDENT,TARGET,0
S0123,T02,TUMIDENT,TARGET,0
S0124,T01,TUMIDENT,TARGET,0
S0124,T02,TUMIDENT,TARGET,0
S0124,T03,TUMIDENT,TARGET,0
S0124,T04,TUMIDENT,TARGET,0
S0124,NT01,TUMIDENT,NON-TARGET,0
S0124,NT02,TUMIDENT,NON-TARGET,0
S0126,T01,TUMIDENT,TARGET,0
S0126,T02,TUMIDENT,TARGET,0
S0126,T03,TUMIDENT,TARGET,0
S0126,NT01,TUMIDENT,NON-TARGET,0
S0126,NT02,TUMIDENT,NON-TARGET,0
S0126,NT03,TUMIDENT,NON-TARGET,0
S0127,T01,TUMIDENT,TARGET,0
S0127,T02,TUMIDENT,TARGET,0
S0127,T03,TUMIDENT,TARGET,0
S0127,T04,TUMIDENT,TARGET,0
S0127,NT01,TUMIDENT,NON-TARGET,0
S0127,NT02,TUMIDENT,NON-TARGET,0
S0127,NT03,TUMIDENT,NON-TARGET,0
S0128,T01,TUMIDENT,TARGET,0
S0128,T02,TUMIDENT,TARGET,0
S0128,T03,TUMIDENT,TARGET,0
S0128,NT01,TUMIDENT,NON-TARGET,0
S0128,NT02,TUMIDENT,NON-TARGET,0
S0128,NT03,TUMIDENT,NON-TARGET,0
S0129,T01,TUMIDENT,TARGET,0
S0129,T02,TUMIDENT,TARGET,0
S0129,T03,TUMIDENT,TARGET,0
S0129,T04,TUMIDENT,TARGET,0
S0129,T05,TUMIDENT,TARGET,0
S0131,T01,TUMIDENT,TARGET,0
S0131,NT01,TUMIDENT,NON-TARGET,0
S0131,NT02,TUMIDENT,NON-TARGET,0
S0133,T01,TUMIDENT,TARGET,0
S0133,T02,TUMIDENT,TARGET,0
S0133,T03,TUMIDENT,TARGET,0
S0133,T04,TUMIDENT,TARGET,0
S0133,NT01,TUMIDENT,NON-TARGET,0
S0134,T01,TUMIDENT,TARGET,0
S0134,T02,TUMIDENT,TARGET,0
S0134,T03,TUMIDENT,TARGET,0
S0134,T04,TUMIDENT,TARGET,0
S0134,NT01,TUMIDENT,NON-TARGET,0
S0134,NT02,TUMIDENT,NON-TARGET,0
S0134,NT03,TUMIDENT,NON-TARGET,0
S0136,T01,TUMIDENT,TARGET,0
S0136,T02,TUMIDENT,TARGET,0
S0136,T03,TUMIDENT,TARGET,0
S0136,T04,TUMIDENT,TARGET,0
S0137,T01,TUMIDENT,TARGET,0
S0137,T02,TUMIDENT,TARGET,0
S0137,T03,TUMIDENT,TARGET,0
S0138,T01,TUMIDENT,TARGET,0
S0138,T02,TUMIDENT,TARGET,0
S0138,T03,TUMIDENT,TARGET,0
S0138,T04,TUMIDENT,TARGET,0
S0138,NT01,TUMIDENT,NON-TARGET,0
S0141,T01,TUMIDENT,TARGET,0
S0141,T02,TUMIDENT,TARGET,0
S0141,T03,TUMIDENT,TARGET,0
S0141,T04,TUMIDENT,TARGET,0
S0143,T01,TUMIDENT,TARGET,0
S0143,T02,TUMIDENT,TARGET,0
S0143,T03,TUMIDENT,TARGET,0
S0143,NT01,TUMIDENT,NON-TARGET,0
S0143,NT02,TUMIDENT,NON-TARGET,0
S0144,T01,TUMIDENT,TARGET,0
S0144,T02,TUMIDENT,TARGET,0
S0144,NT01,TUMIDENT,NON-TARGET,0
S0149,T01,TUMIDENT,TARGET,0
S0149,T02,TUMIDENT,TARGET,0
S0151,T01,TUMIDENT,TARGET,0
S0151,T02,TUMIDENT,TARGET,0
S0151,T03,TUMIDENT,TARGET,0
S0151,NT01,TUMIDENT,NON-TARGET,0
S0152,T01,TUMIDENT,TARGET,0
S0152,T02,TUMIDENT,TARGET,0
S0152,NT01,TUMIDENT,NON-TARGET,0
S0153,T01,TUMIDENT,TARGET,0
S0153,T02,TUMIDENT,TARGET,0
S0153,T03,TUMIDENT,TARGET,0
S0153,T04,TUMIDENT,TARGET,0
S0153,T05,TUMIDENT,TARGET,0
S0153,NT01,TUMIDENT,NON-TARGET,0
S0156,T01,TUMIDENT,TARGET,0
S0156,T02,TUMIDENT,TARGET,0
S0156,T03,TUMIDENT,TARGET,0
S0156,NT01,TUMIDENT,NON-TARGET,0
S0156,NT02,TUMIDENT,NON-TARGET,0
S0157,T01,TUMIDENT,TARGET,0
S0158,T01,TUMIDENT,TARGET,0
S0159,T01,TUMIDENT,TARGET,0
S0159,T02,TUMIDENT,TARGET,0
S0159,T03,TUMIDENT,TARGET,0
S0159,T04,TUMIDENT,TARGET,0
S0159,NT01,TUMIDENT,NON-TARGET,0
S0162,T01,TUMIDENT,TARGET,0
S0162,T02,TUMIDENT,TARGET,0
S0162,T03,TUMIDENT,TARGET,0
S0162,NT01,TUMIDENT,NON-TARGET,0
S0162,NT02,TUMIDENT,NON-TARGET,0
S0162,NT03,TUMIDENT,NON-TARGET,0
S0163,T01,TUMIDENT,TARGET,0
S0163,T02,TUMIDENT,TARGET,0
S0163,T03,TUMIDENT,TARGET,0
S0163,NT01,TUMIDENT,NON-TARGET,0
S0166,T01,TUMIDENT,TARGET,0
S0166,NT01,TUMIDENT,NON-TARGET,0
S0168,T01,TUMIDENT,TARGET,0
S0168,NT01,TUMIDENT,NON-TARGET,0
S0168,NT02,TUMIDENT,NON-TARGET,0
S0169,T01,TUMIDENT,TARGET,0
S0169,T02,TUMIDENT,TARGET,0
S0169,NT01,TUMIDENT,NON-TARGET,0
S0169,NT02,TUMIDENT,NON-TARGET,0
S0170,T01,TUMIDENT,TARGET,0
S0170,T02,TUMIDENT,TARGET,0
S0170,T03,TUMIDENT,TARGET,0
S0170,T04,TUMIDENT,TARGET,0
S0170,T05,TUMIDENT,TARGET,0
S0170,NT01,TUMIDENT,NON-TARGET,0
S0170,NT02,TUMIDENT,NON-TARGET,0
S0172,T01,TUMIDENT,TARGET,0
S0172,T02,TUMIDENT,TARGET,0
S0172,NT01,TUMIDENT,NON-TARGET,0
S0172,NT02,TUMIDENT,NON-TARGET,0
S0173,T01,TUMIDENT,TARGET,0
S0173,T02,TUMIDENT,TARGET,0
S0173,T03,TUMIDENT,TARGET,0
S0173,NT01,TUMIDENT,NON-TARGET,0
S0173,NT02,TUMIDENT,NON-TARGET,0
S0174,T01,TUMIDENT,TARGET,0
S0174,T02,TUMIDENT,TARGET,0
S0174,T03,TUMIDENT,TARGET,0
S0174,T04,TUMIDENT,TARGET,0
S0174,T05,TUMIDENT,TARGET,0
S0174,NT01,TUMIDENT,NON-TARGET,0
S0174,NT02,TUMIDENT,NON-TARGET,0
S0174,NT03,TUMIDENT,NON-TARGET,0
S0175,T01,TUMIDENT,TARGET,0
S0175,T02,TUMIDENT,TARGET,0
S0175,T03,TUMIDENT,TARGET,0
S0175,T04,TUMIDENT,TARGET,0
S0175,NT01,TUMIDENT,NON-TARGET,0
S0175,NT02,TUMIDENT,NON-TARGET,0
S0175,NT03,TUMIDENT,NON-TARGET,0
S0179,T01,TUMIDENT,TARGET,0
S0179,T02,TUMIDENT,TARGET,0
S0179,NT01,TUMIDENT,NON-TARGET,0
S0180,T01,TUMIDENT,TARGET,0
S0180,T02,TUMIDENT,TARGET,0
S0180,T03,TUMIDENT,TARGET,0
S0180,T04,TUMIDENT,TARGET,0
S0180,T05,TUMIDENT,TARGET,0
S0180,NT01,TUMIDENT,NON-TARGET,0
S0180,NT02,TUMIDENT,NON-TARGET,0
S0181,T01,TUMIDENT,TARGET,0
S0181,NT01,TUMIDENT,NON-TARGET,0
S0185,T01,TUMIDENT,TARGET,0
S0185,T02,TUMIDENT,TARGET,0
S0185,T03,TUMIDENT,TARGET,0
S0185,T04,TUMIDENT,TARGET,0
S0193,T01,TUMIDENT,TARGET,0
S0193,T02,TUMIDENT,TARGET,0
S0193,T03,TUMIDENT,TARGET,0
S0193,NT01,TUMIDENT,NON-TARGET,0
S0194,T01,TUMIDENT,TARGET,0
S0194,NT01,TUMIDENT,NON-TARGET,0
S0194,NT02,TUMIDENT,NON-TARGET,0
S0194,NT03,TUMIDENT,NON-TARGET,0
S0199,T01,TUMIDENT,TARGET,0
S0201,T01,TUMIDENT,TARGET,0
S0201,T02,TUMIDENT,TARGET,0
S0201,T03,TUMIDENT,TARGET,0
S0201,T04,TUMIDENT,TARGET,0
S0201,T05,TUMIDENT,TARGET,0
S0202,T01,TUMIDENT,TARGET,0
S0202,NT01,TUMIDENT,NON-TARGET,0
S0202,NT02,TUMIDENT,NON-TARGET,0
S0208,T01,TUMIDENT,TARGET,0
S0208,T02,TUMIDENT,TARGET,0
S0208,T03,TUMIDENT,TARGET,0
S0208,T04,TUMIDENT,TARGET,0
S0208,T05,TUMIDENT,TARGET,0
S0208,NT01,TUMIDENT,NON-TARGET,0
S0208,NT02,TUMIDENT,NON-TARGET,0
S0209,T01,TUMIDENT,TARGET,0
S0209,T02,TUMIDENT,TARGET,0
S0209,T03,TUMIDENT,TARGET,0
S0209,T04,TUMIDENT,TARGET,0
S0209,T05,TUMIDENT,TARGET,0
S0210,T01,TUMIDENT,TARGET,0
S0210,T02,TUMIDENT,TARGET,0
S0210,T03,TUMIDENT,TARGET,0
S0210,NT01,TUMIDENT,NON-TARGET,0
S0210,NT02,TUMIDENT,NON-TARGET,0
S0211,T01,TUMIDENT,TARGET,0
S0211,T02,TUMIDENT,TARGET,0
S0211,NT01,TUMIDENT,NON-TARGET,0
S0211,NT02,TUMIDENT,NON-TARGET,0
S0212,T01,TUMIDENT,TARGET,0
S0212,T02,TUMIDENT,TARGET,0
S0216,T01,TUMIDENT,TARGET,0
S0216,NT01,TUMIDENT,NON-TARGET,0
S0216,NT02,TUMIDENT,NON-TARGET,0
S0217,T01,TUMIDENT,TARGET,0
S0219,T01,TUMIDENT,TARGET,0
S0219,T02,TUMIDENT,TARGET,0
S0219,T03,TUMIDENT,TARGET,0
S0219,T04,TUMIDENT,TARGET,0
S0219,T05,TUMIDENT,TARGET,0
S0219,NT01,TUMIDENT,NON-TARGET,0
S0219,NT02,TUMIDENT,NON-TARGET,0
S0220,T01,TUMIDENT,TARGET,0
S0220,T02,TUMIDENT,TARGET,0
S0220,T03,TUMIDENT,TARGET,0
S0220,NT01,TUMIDENT,NON-TARGET,0
S0220,NT02,TUMIDENT,NON-TARGET,0
S0220,NT03,TUMIDENT,NON-TARGET,0
S0221,T01,TUMIDENT,TARGET,0
S0221,T02,TUMIDENT,TARGET,0
S0221,T03,TUMIDENT,TARGET,0
S0221,NT01,TUMIDENT,NON-TARGET,0
S0221,NT02,TUMIDENT,NON-TARGET,0
S0225,T01,TUMIDENT,TARGET,0
S0225,T02,TUMIDENT,TARGET,0
S0225,T03,TUMIDENT,TARGET,0
S0225,T04,TUMIDENT,TARGET,0
S0225,NT01,TUMIDENT,NON-TARGET,0
S0225,NT02,TUMIDENT,NON-TARGET,0
S0225,NT03,TUMIDENT,NON-TARGET,0
S0227,T01,TUMIDENT,TARGET,0
S0227,T02,TUMIDENT,TARGET,0
S0227,NT01,TUMIDENT,NON-TARGET,0
S0227,NT02,TUMIDENT,NON-TARGET,0
S0228,T01,TUMIDENT,TARGET,0
S0228,NT01,TUMIDENT,NON-TARGET,0
S0228,NT02,TUMIDENT,NON-TARGET,0
S0228,NT03,TUMIDENT,NON-TARGET,0
S0229,T01,TUMIDENT,TARGET,0
S0229,NT01,TUMIDENT,NON-TARGET,0
S0239,T01,TUMIDENT,TARGET,0
S0239,NT01,TUMIDENT,NON-TARGET,0
S0239,NT02,TUMIDENT,NON-TARGET,0
S0239,NT03,TUMIDENT,NON-TARGET,0
S0240,T01,TUMIDENT,TARGET,0
S0240,T02,TUMIDENT,TARGET,0
S0240,T03,TUMIDENT,TARGET,0
S0240,T04,TUMIDENT,TARGET,0
S0241,T01,TUMIDENT,TARGET,0
S0241,T02,TUMIDENT,TARGET,0
S0241,T03,TUMIDENT,TARGET,0
S0241,T04,TUMIDENT,TARGET,0
S0242,T01,TUMIDENT,TARGET,0
S0242,T02,TUMIDENT,TARGET,0
S0242,T03,TUMIDENT,TARGET,0
S0242,T04,TUMIDENT,TARGET,0
S0242,NT01,TUMIDENT,NON-TARGET,0
S0247,T01,TUMIDENT,TARGET,0
S0247,T02,TUMIDENT,TARGET,0
S0247,T03,TUMIDENT,TARGET,0
S0247,T04,TUMIDENT,TARGET,0
S0247,T05,TUMIDENT,TARGET,0
S0247,NT01,TUMIDENT,NON-TARGET,0
S0247,NT02,TUMIDENT,NON-TARGET,0
S0247,NT03,TUMIDENT,NON-TARGET,0
S0251,T01,TUMIDENT,TARGET,0
S0251,T02,TUMIDENT,TARGET,0
S0251,T03,TUMIDENT,TARGET,0
S0252,T01,TUMIDENT,TARGET,0
S0254,T01,TUMIDENT,TARGET,0
S0254,T02,TUMIDENT,TARGET,0
S0254,T03,TUMIDENT,TARGET,0
S0254,NT01,TUMIDENT,NON-TARGET,0
S0254,NT02,TUMIDENT,NON-TARGET,0
S0254,NT03,TUMIDENT,NON-TARGET,0
S0260,T01,TUMIDENT,TARGET,0
S0260,NT01,TUMIDENT,NON-TARGET,0
S0260,NT02,TUMIDENT,NON-TARGET,0
S0260,NT03,TUMIDENT,NON-TARGET,0
S0262,T01,TUMIDENT,TARGET,0
S0262,T02,TUMIDENT,TARGET,0
S0262,T03,TUMIDENT,TARGET,0
S0262,T04,TUMIDENT,TARGET,0
S0263,T01,TUMIDENT,TARGET,0
S0263,NT01,TUMIDENT,NON-TARGET,0
S0264,T01,TUMIDENT,TARGET,0
S0264,T02,TUMIDENT,TARGET,0
S0264,T03,TUMIDENT,TARGET,0
S0264,T04,TUMIDENT,TARGET,0
S0265,T01,TUMIDENT,TARGET,0
S0266,T01,TUMIDENT,TARGET,0
S0266,T02,TUMIDENT,TARGET,0
S0266,T03,TUMIDENT,TARGET,0
S0266,T04,TUMIDENT,TARGET,0
S0266,T05,TUMIDENT,TARGET,0
S0268,T01,TUMIDENT,TARGET,0
S0271,T01,TUMIDENT,TARGET,0
S0273,T01,TUMIDENT,TARGET,0
S0273,T02,TUMIDENT,TARGET,0
S0283,T01,TUMIDENT,TARGET,0
S0283,T02,TUMIDENT,TARGET,0
S0283,T03,TUMIDENT,TARGET,0
S0283,NT01,TUMIDENT,NON-TARGET,0
S0286,T01,TUMIDENT,TARGET,0
S0286,T02,TUMIDENT,TARGET,0
S0288,T01,TUMIDENT,TARGET,0
S0288,T02,TUMIDENT,TARGET,0
S0288,T03,TUMIDENT,TARGET,0
S0288,T04,TUMIDENT,TARGET,0
S0288,T05,TUMIDENT,TARGET,0
S0288,NT01,TUMIDENT,NON-TARGET,0
S0288,NT02,TUMIDENT,NON-TARGET,0
S0289,T01,TUMIDENT,TARGET,0
S0289,T02,TUMIDENT,TARGET,0
S0289,T03,TUMIDENT,TARGET,0
S0289,T04,TUMIDENT,TARGET,0
S0290,T01,TUMIDENT,TARGET,0
S0290,T02,TUMIDENT,TARGET,0
S0291,T01,TUMIDENT,TARGET,0
S0291,T02,TUMIDENT,TARGET,0
S0292,T01,TUMIDENT,TARGET,0
S0292,T02,TUMIDENT,TARGET,0
S0292,T03,TUMIDENT,TARGET,0
S0292,T04,TUMIDENT,TARGET,0
S0293,T01,TUMIDENT,TARGET,0
S0293,NT01,TUMIDENT,NON-TARGET,0
S0293,NT02,TUMIDENT,NON-TARGET,0
S0297,T01,TUMIDENT,TARGET,0
S0297,T02,TUMIDENT,TARGET,0
S0297,T03,TUMIDENT,TARGET,0
S0297,NT01,TUMIDENT,NON-TARGET,0
S0297,NT02,TUMIDENT,NON-TARGET,0
S0297,NT03,TUMIDENT,NON-TARGET,0
S0303,T01,TUMIDENT,TARGET,0
S0303,T02,TUMIDENT,TARGET,0
S0304,T01,TUMIDENT,TARGET,0
S0304,T02,TUMIDENT,TARGET,0
S0304,T03,TUMIDENT,TARGET,0
S0304,T04,TUMIDENT,TARGET,0
S0306,T01,TUMIDENT,TARGET,0
S0306,T02,TUMIDENT,TARGET,0
S0306,T03,TUMIDENT,TARGET,0
S0306,T04,TUMIDENT,TARGET,0
S0310,T01,TUMIDENT,TARGET,0
S0310,T02,TUMIDENT,TARGET,0
S0310,T03,TUMIDENT,TARGET,0
S0310,NT01,TUMIDENT,NON-TARGET,0
S0310,NT02,TUMIDENT,NON-TARGET,0
S0311,T01,TUMIDENT,TARGET,0
S0311,T02,TUMIDENT,TARGET,0
S0311,T03,TUMIDENT,TARGET,0
S0311,T04,TUMIDENT,TARGET,0
S0311,T05,TUMIDENT,TARGET,0
S0311,NT01,TUMIDENT,NON-TARGET,0
S0312,T01,TUMIDENT,TARGET,0
S0312,T02,TUMIDENT,TARGET,0
S0312,T03,TUMIDENT,TARGET,0
S0312,NT01,TUMIDENT,NON-TARGET,0
S0312,NT02,TUMIDENT,NON-TARGET,0
S0312,NT03,TUMIDENT,NON-TARGET,0
S0313,T01,TUMIDENT,TARGET,0
S0313,T02,TUMIDENT,TARGET,0
S0313,T03,TUMIDENT,TARGET,0
S0313,T04,TUMIDENT,TARGET,0
S0315,T01,TUMIDENT,TARGET,0
S0315,T02,TUMIDENT,TARGET,0
S0315,T03,TUMIDENT,TARGET,0
S0315,T04,TUMIDENT,TARGET,0
S0315,NT01,TUMIDENT,NON-TARGET,0
S0315,NT02,TUMIDENT,NON-TARGET,0
S0316,T01,TUMIDENT,TARGET,0
S0316,T02,TUMIDENT,TARGET,0
S0316,T03,TUMIDENT,TARGET,0
S0316,T04,TUMIDENT,TARGET,0
S0316,NT01,TUMIDENT,NON-TARGET,0
S0316,NT02,TUMIDENT,NON-TARGET,0
S0318,T01,TUMIDENT,TARGET,0
S0318,T02,TUMIDENT,TARGET,0
S0318,T03,TUMIDENT,TARGET,0
S0318,T04,TUMIDENT,TARGET,0
S0318,T05,TUMIDENT,TARGET,0
S0318,NT01,TUMIDENT,NON-TARGET,0
S0319,T01,TUMIDENT,TARGET,0
S0319,T02,TUMIDENT,TARGET,0
S0319,T03,TUMIDENT,TARGET,0
S0319,T04,TUMIDENT,TARGET,0
S0323,T01,TUMIDENT,TARGET,0
S0324,T01,TUMIDENT,TARGET,0
S0324,NT01,TUMIDENT,NON-TARGET,0
S0324,NT02,TUMIDENT,NON-TARGET,0
S0327,T01,TUMIDENT,TARGET,0
S0327,T02,TUMIDENT,TARGET,0
S0327,T03,TUMIDENT,TARGET,0
S0327,T04,TUMIDENT,TARGET,0
S0327,T05,TUMIDENT,TARGET,0
S0327,NT01,TUMIDENT,NON-TARGET,0
S0327,NT02,TUMIDENT,NON-TARGET,0
S0327,NT03,TUMIDENT,NON-TARGET,0
S0328,T01,TUMIDENT,TARGET,0
S0328,T02,TUMIDENT,TARGET,0
S0328,NT01,TUMIDENT,NON-TARGET,0
S0328,NT02,TUMIDENT,NON-TARGET,0
S0328,NT03,TUMIDENT,NON-TARGET,0
S0334,T01,TUMIDENT,TARGET,0
S0334,T02,TUMIDENT,TARGET,0
S0334,T03,TUMIDENT,TARGET,0
S0334,T04,TUMIDENT,TARGET,0
S0334,NT01,TUMIDENT,NON-TARGET,0
S0334,NT02,TUMIDENT,NON-TARGET,0
S0334,NT03,TUMIDENT,NON-TARGET,0
S0335,T01,TUMIDENT,TARGET,0
S0335,T02,TUMIDENT,TARGET,0
S0335,T03,TUMIDENT,TARGET,0
S0335,T04,TUMIDENT,TARGET,0
S0335,NT01,TUMIDENT,NON-TARGET,0
S0336,T01,TUMIDENT,TARGET,0
S0336,T02,TUMIDENT,TARGET,0
S0336,T03,TUMIDENT,TARGET,0
S0336,T04,TUMIDENT,TARGET,0
S0336,NT01,TUMIDENT,NON-TARGET,0
S0336,NT02,TUMIDENT,NON-TARGET,0
S0337,T01,TUMIDENT,TARGET,0
S0337,T02,TUMIDENT,TARGET,0
S0337,NT01,TUMIDENT,NON-TARGET,0
S0339,T01,TUMIDENT,TARGET,0
S0339,T02,TUMIDENT,TARGET,0
S0339,NT01,TUMIDENT,NON-TARGET,0
S0339,NT02,TUMIDENT,NON-TARGET,0
S0342,T01,TUMIDENT,TARGET,0
S0342,T02,TUMIDENT,TARGET,0
S0342,T03,TUMIDENT,TARGET,0
S0342,NT01,TUMIDENT,NON-TARGET,0
S0342,NT02,TUMIDENT,NON-TARGET,0
S0342,NT03,TUMIDENT,NON-TARGET,0
S0345,T01,TUMIDENT,TARGET,0
S0345,T02,TUMIDENT,TARGET,0
S0345,T03,TUMIDENT,TARGET,0
S0345,T04,TUMIDENT,TARGET,0
S0345,NT01,TUMIDENT,NON-TARGET,0
S0345,NT02,TUMIDENT,NON-TARGET,0
S0345,NT03,TUMIDENT,NON-TARGET,0
S0346,T01,TUMIDENT,TARGET,0
S0346,NT01,TUMIDENT,NON-TARGET,0
S0348,T01,TUMIDENT,TARGET,0
S0348,T02,TUMIDENT,TARGET,0
S0348,T03,TUMIDENT,TARGET,0
S0348,T04,TUMIDENT,TARGET,0
S0348,T05,TUMIDENT,TARGET,0
S0350,T01,TUMIDENT,TARGET,0
S0350,T02,TUMIDENT,TARGET,0
S0350,T03,TUMIDENT,TARGET,0
S0350,NT01,TUMIDENT,NON-TARGET,0
S0350,NT02,TUMIDENT,NON-TARGET,0
S0350,NT03,TUMIDENT,NON-TARGET,0
S0351,T01,TUMIDENT,TARGET,0
S0351,T02,TUMIDENT,TARGET,0
S0351,T03,TUMIDENT,TARGET,0
S0351,T04,TUMIDENT,TARGET,0
S0351,T05,TUMIDENT,TARGET,0
S0351,NT01,TUMIDENT,NON-TARGET,0
S0351,NT02,TUMIDENT,NON-TARGET,0
S0351,NT03,TUMIDENT,NON-TARGET,0
S0353,T01,TUMIDENT,TARGET,0
S0353,T02,TUMIDENT,TARGET,0
S0353,T03,TUMIDENT,TARGET,0
S0353,T04,TUMIDENT,TARGET,0
S0353,T05,TUMIDENT,TARGET,0
S0353,NT01,TUMIDENT,NON-TARGET,0
S0353,NT02,TUMIDENT,NON-TARGET,0
S0355,T01,TUMIDENT,TARGET,0
S0355,T02,TUMIDENT,TARGET,0
S0355,T03,TUMIDENT,TARGET,0
S0355,T04,TUMIDENT,TARGET,0
S0355,NT01,TUMIDENT,NON-TARGET,0
S0355,NT02,TUMIDENT,NON-TARGET,0
S0355,NT03,TUMIDENT,NON-TARGET,0
S0358,T01,TUMIDENT,TARGET,0
S0358,T02,TUMIDENT,TARGET,0
S0358,T03,TUMIDENT,TARGET,0
S0360,T01,TUMIDENT,TARGET,0
S0360,T02,TUMIDENT,TARGET,0
S0360,T03,TUMIDENT,TARGET,0
S0360,T04,TUMIDENT,TARGET,0
S0361,T01,TUMIDENT,TARGET,0
S0361,T02,TUMIDENT,TARGET,0
S0361,NT01,TUMIDENT,NON-TARGET,0
S0361,NT02,TUMIDENT,NON-TARGET,0
S0361,NT03,TUMIDENT,NON-TARGET,0
S0363,T01,TUMIDENT,TARGET,0
S0363,T02,TUMIDENT,TARGET,0
S0363,NT01,TUMIDENT,NON-TARGET,0
S0363,NT02,TUMIDENT,NON-TARGET,0
S0365,T01,TUMIDENT,TARGET,0
S0365,T02,TUMIDENT,TARGET,0
S0365,T03,TUMIDENT,TARGET,0
S0365,T04,TUMIDENT,TARGET,0
S0365,T05,TUMIDENT,TARGET,0
S0366,T01,TUMIDENT,TARGET,0
S0366,T02,TUMIDENT,TARGET,0
S0366,T03,TUMIDENT,TARGET,0
S0366,NT01,TUMIDENT,NON-TARGET,0
S0366,NT02,TUMIDENT,NON-TARGET,0
S0366,NT03,TUMIDENT,NON-TARGET,0
S0369,T01,TUMIDENT,TARGET,0
S0369,T02,TUMIDENT,TARGET,0
S0369,T03,TUMIDENT,TARGET,0
S0369,T04,TUMIDENT,TARGET,0
S0369,NT01,TUMIDENT,NON-TARGET,0
S0370,T01,TUMIDENT,TARGET,0
S0370,T02,TUMIDENT,TARGET,0
S0370,NT01,TUMIDENT,NON-TARGET,0
S0370,NT02,TUMIDENT,NON-TARGET,0
S0372,T01,TUMIDENT,TARGET,0
S0372,T02,TUMIDENT,TARGET,0
S0372,NT01,TUMIDENT,NON-TARGET,0
S0372,NT02,TUMIDENT,NON-TARGET,0
S0372,NT03,TUMIDENT,NON-TARGET,0
S0373,T01,TUMIDENT,TARGET,0
S0373,T02,TUMIDENT,TARGET,0
S0373,T03,TUMIDENT,TARGET,0
S0374,T01,TUMIDENT,TARGET,0
S0374,T02,TUMIDENT,TARGET,0
S0374,T03,TUMIDENT,TARGET,0
S0377,T01,TUMIDENT,TARGET,0
S0377,NT01,TUMIDENT,NON-TARGET,0
S0379,T01,TUMIDENT,TARGET,0
S0379,T02,TUMIDENT,TARGET,0
S0379,T03,TUMIDENT,TARGET,0
S0379,T04,TUMIDENT,TARGET,0
S0379,NT01,TUMIDENT,NON-TARGET,0
S0379,NT02,TUMIDENT,NON-TARGET,0
S0379,NT03,TUMIDENT,NON-TARGET,0
S0380,T01,TUMIDENT,TARGET,0
S0380,T02,TUMIDENT,TARGET,0
S0380,NT01,TUMIDENT,NON-TARGET,0
S0380,NT02,TUMIDENT,NON-TARGET,0
S0380,NT03,TUMIDENT,NON-TARGET,0
S0382,T01,TUMIDENT,TARGET,0
S0382,T02,TUMIDENT,TARGET,0
S0382,NT01,TUMIDENT,NON-TARGET,0
S0384,T01,TUMIDENT,TARGET,0
S0384,T02,TUMIDENT,TARGET,0
S0384,NT01,TUMIDENT,NON-TARGET,0
S0384,NT02,TUMIDENT,NON-TARGET,0
S0384,NT03,TUMIDENT,NON-TARGET,0
S0385,T01,TUMIDENT,TARGET,0
S0385,NT01,TUMIDENT,NON-TARGET,0
S0385,NT02,TUMIDENT,NON-TARGET,0
S0386,T01,TUMIDENT,TARGET,0
S0386,NT01,TUMIDENT,NON-TARGET,0
S0388,T01,TUMIDENT,TARGET,0
S0388,T02,TUMIDENT,TARGET,0
S0388,T03,TUMIDENT,TARGET,0
S0388,NT01,TUMIDENT,NON-TARGET,0
S0388,NT02,TUMIDENT,NON-TARGET,0
S0392,T01,TUMIDENT,TARGET,0
S0392,T02,TUMIDENT,TARGET,0
S0392,T03,TUMIDENT,TARGET,0
S0392,NT01,TUMIDENT,NON-TARGET,0
S0392,NT02,TUMIDENT,NON-TARGET,0
S0392,NT03,TUMIDENT,NON-TARGET,0
S0393,T01,TUMIDENT,TARGET,0
S0393,T02,TUMIDENT,TARGET,0
S0393,T03,TUMIDENT,TARGET,0
S0393,T04,TUMIDENT,TARGET,0
S0394,T01,TUMIDENT,TARGET,0
S0394,T02,TUMIDENT,TARGET,0
S0394,T03,TUMIDENT,TARGET,0
S0394,NT01,TUMIDENT,NON-TARGET,0
S0394,NT02,TUMIDENT,NON-TARGET,0
S0394,NT03,TUMIDENT,NON-TARGET,0
S0395,T01,TUMIDENT,TARGET,0
S0395,T02,TUMIDENT,TARGET,0
S0395,NT01,TUMIDENT,NON-TARGET,0
S0398,T01,TUMIDENT,TARGET,0
S0398,T02,TUMIDENT,TARGET,0
S0398,T03,TUMIDENT,TARGET,0
S0398,T04,TUMIDENT,TARGET,0
S0400,T01,TUMIDENT,TARGET,0
S0400,T02,TUMIDENT,TARGET,0
S0400,T03,TUMIDENT,TARGET,0
S0400,T04,TUMIDENT,TARGET,0
S0400,T05,TUMIDENT,TARGET,0
S0400,NT01,TUMIDENT,NON-TARGET,0
S0400,NT02,TUMIDENT,NON-TARGET,0
S0400,NT03,TUMIDENT,NON-TARGET,0
S0401,T01,TUMIDENT,TARGET,0
S0401,NT01,TUMIDENT,NON-TARGET,0
S0401,NT02,TUMIDENT,NON-TARGET,0
S0401,NT03,TUMIDENT,NON-TARGET,0
S0405,T01,TUMIDENT,TARGET,0
S0405,T02,TUMIDENT,TARGET,0
S0405,T03,TUMIDENT,TARGET,0
S0405,NT01,TUMIDENT,NON-TARGET,0
S0405,NT02,TUMIDENT,NON-TARGET,0
S0405,NT03,TUMIDENT,NON-TARGET,0
S0406,T01,TUMIDENT,TARGET,0
S0406,NT01,TUMIDENT,NON-TARGET,0
S0406,NT02,TUMIDENT,NON-TARGET,0
S0406,NT03,TUMIDENT,NON-TARGET,0
S0408,T01,TUMIDENT,TARGET,0
S0408,T02,TUMIDENT,TARGET,0
S0410,T01,TUMIDENT,TARGET,0
S0410,T02,TUMIDENT,TARGET,0
S0410,T03,TUMIDENT,TARGET,0
S0410,T04,TUMIDENT,TARGET,0
S0410,NT01,TUMIDENT,NON-TARGET,0
S0410,NT02,TUMIDENT,NON-TARGET,0
S0411,T01,TUMIDENT,TARGET,0
S0411,T02,TUMIDENT,TARGET,0
S0411,T03,TUMIDENT,TARGET,0
S0411,NT01,TUMIDENT,NON-TARGET,0
S0411,NT02,TUMIDENT,NON-TARGET,0
S0411,NT03,TUMIDENT,NON-TARGET,0
S0412,T01,TUMIDENT,TARGET,0
S0412,T02,TUMIDENT,TARGET,0
S0412,T03,TUMIDENT,TARGET,0
S0412,NT01,TUMIDENT,NON-TARGET,0
S0412,NT02,TUMIDENT,NON-TARGET,0
S0412,NT03,TUMIDENT,NON-TARGET,0
S0417,T01,TUMIDENT,TARGET,0
S0417,NT01,TUMIDENT,NON-TARGET,0
S0419,T01,TUMIDENT,TARGET,0
S0419,T02,TUMIDENT,TARGET,0
S0419,T03,TUMIDENT,TARGET,0
S0419,T04,TUMIDENT,TARGET,0
S0419,T05,TUMIDENT,TARGET,0
S0419,NT01,TUMIDENT,NON-TARGET,0
S0419,NT02,TUMIDENT,NON-TARGET,0
S0419,NT03,TUMIDENT,NON-TARGET,0
S0420,T01,TUMIDENT,TARGET,0
S0420,T02,TUMIDENT,TARGET,0
S0420,T03,TUMIDENT,TARGET,0
S0420,T04,TUMIDENT,TARGET,0
S0420,NT01,TUMIDENT,NON-TARGET,0
S0420,NT02,TUMIDENT,NON-TARGET,0
S0421,T01,TUMIDENT,TARGET,0
S0421,T02,TUMIDENT,TARGET,0
S0421,T03,TUMIDENT,TARGET,0
S0421,T04,TUMIDENT,TARGET,0
S0421,NT01,TUMIDENT,NON-TARGET,0
S0421,NT02,TUMIDENT,NON-TARGET,0
S0422,T01,TUMIDENT,TARGET,0
S0422,T02,TUMIDENT,TARGET,0
S0422,T03,TUMIDENT,TARGET,0
S0422,T04,TUMIDENT,TARGET,0
S0422,T05,TUMIDENT,TARGET,0
S0422,NT01,TUMIDENT,NON-TARGET,0
S0422,NT02,TUMIDENT,NON-TARGET,0
S0422,NT03,TUMIDENT,NON-TARGET,0
S0425,T01,TUMIDENT,TARGET,0
S0425,T02,TUMIDENT,TARGET,0
S0425,T03,TUMIDENT,TARGET,0
S0425,T04,TUMIDENT,TARGET,0
S0425,T05,TUMIDENT,TARGET,0
S0425,NT01,TUMIDENT,NON-TARGET,0
S0425,NT02,TUMIDENT,NON-TARGET,0
S0425,NT03,TUMIDENT,NON-TARGET,0
S0426,T01,TUMIDENT,TARGET,0
S0426,T02,TUMIDENT,TARGET,0
S0426,T03,TUMIDENT,TARGET,0
S0426,T04,TUMIDENT,TARGET,0
S0426,T05,TUMIDENT,TARGET,0
S0426,NT01,TUMIDENT,NON-TARGET,0
S0426,NT02,TUMIDENT,NON-TARGET,0
S0426,NT03,TUMIDENT,NON-TARGET,0
S0427,T01,TUMIDENT,TARGET,0
S0427,T02,TUMIDENT,TARGET,0
S0427,T03,TUMIDENT,TARGET,0
S0427,T04,TUMIDENT,TARGET,0
S0427,NT01,TUMIDENT,NON-TARGET,0
S0427,NT02,TUMIDENT,NON-TARGET,0
S0427,NT03,TUMIDENT,NON-TARGET,0
S0429,T01,TUMIDENT,TARGET,0
S0429,T02,TUMIDENT,TARGET,0
S0429,T03,TUMIDENT,TARGET,0
S0429,NT01,TUMIDENT,NON-TARGET,0
S0429,NT02,TUMIDENT,NON-TARGET,0
S0429,NT03,TUMIDENT,NON-TARGET,0
S0434,T01,TUMIDENT,TARGET,0
S0434,T02,TUMIDENT,TARGET,0
S0434,T03,TUMIDENT,TARGET,0
S0434,NT01,TUMIDENT,NON-TARGET,0
S0434,NT02,TUMIDENT,NON-TARGET,0
S0434,NT03,TUMIDENT,NON-TARGET,0
S0435,T01,TUMIDENT,TARGET,0
S0435,NT01,TUMIDENT,NON-TARGET,0
S0435,NT02,TUMIDENT,NON-TARGET,0
S0440,T01,TUMIDENT,TARGET,0
S0440,T02,TUMIDENT,TARGET,0
S0440,T03,TUMIDENT,TARGET,0
S0440,T04,TUMIDENT,TARGET,0
S0440,NT01,TUMIDENT,NON-TARGET,0
S0441,T01,TUMIDENT,TARGET,0
S0441,T02,TUMIDENT,TARGET,0
S0444,T01,TUMIDENT,TARGET,0
S0444,T02,TUMIDENT,TARGET,0
S0444,T03,TUMIDENT,TARGET,0
S0444,T04,TUMIDENT,TARGET,0
S0444,T05,TUMIDENT,TARGET,0
S0444,NT01,TUMIDENT,NON-TARGET,0
S0444,NT02,TUMIDENT,NON-TARGET,0
S0444,NT03,TUMIDENT,NON-TARGET,0
S0445,T01,TUMIDENT,TARGET,0
S0445,NT01,TUMIDENT,NON-TARGET,0
S0445,NT02,TUMIDENT,NON-TARGET,0
S0445,NT03,TUMIDENT,NON-TARGET,0
S0447,T01,TUMIDENT,TARGET,0
S0447,T02,TUMIDENT,TARGET,0
S0447,T03,TUMIDENT,TARGET,0
S0447,T04,TUMIDENT,TARGET,0
S0447,T05,TUMIDENT,TARGET,0
S0447,NT01,TUMIDENT,NON-TARGET,0
S0447,NT02,TUMIDENT,NON-TARGET,0
S0449,T01,TUMIDENT,TARGET,0
S0449,T02,TUMIDENT,TARGET,0
S0449,T03,TUMIDENT,TARGET,0
S0449,NT01,TUMIDENT,NON-TARGET,0
S0449,NT02,TUMIDENT,NON-TARGET,0
S0450,T01,TUMIDENT,TARGET,0
S0450,T02,TUMIDENT,TARGET,0
S0450,T03,TUMIDENT,TARGET,0
S0450,NT01,TUMIDENT,NON-TARGET,0
S0451,T01,TUMIDENT,TARGET,0
S0451,T02,TUMIDENT,TARGET,0
S0451,NT01,TUMIDENT,NON-TARGET,0
S0451,NT02,TUMIDENT,NON-TARGET,0
S0451,NT03,TUMIDENT,NON-TARGET,0
S0452,T01,TUMIDENT,TARGET,0
S0452,NT01,TUMIDENT,NON-TARGET,0
S0452,NT02,TUMIDENT,NON-TARGET,0
S0452,NT03,TUMIDENT,NON-TARGET,0
S0453,T01,TUMIDENT,TARGET,0
S0453,T02,TUMIDENT,TARGET,0
S0454,T01,TUMIDENT,TARGET,0
S0454,T02,TUMIDENT,TARGET,0
S0454,T03,TUMIDENT,TARGET,0
S0454,T04,TUMIDENT,TARGET,0
S0454,NT01,TUMIDENT,NON-TARGET,0
S0455,T01,TUMIDENT,TARGET,0
S0455,T02,TUMIDENT,TARGET,0
S0455,T03,TUMIDENT,TARGET,0
S0455,T04,TUMIDENT,TARGET,0
S0455,T05,TUMIDENT,TARGET,0
S0457,T01,TUMIDENT,TARGET,0
S0457,T02,TUMIDENT,TARGET,0
S0457,T03,TUMIDENT,TARGET,0
S0457,T04,TUMIDENT,TARGET,0
S0457,T05,TUMIDENT,TARGET,0
S0457,NT01,TUMIDENT,NON-TARGET,0
S0457,NT02,TUMIDENT,NON-TARGET,0
S0460,T01,TUMIDENT,TARGET,0
S0460,T02,TUMIDENT,TARGET,0
S0460,NT01,TUMIDENT,NON-TARGET,0
S0460,NT02,TUMIDENT,NON-TARGET,0
S0460,NT03,TUMIDENT,NON-TARGET,0
S0001,T01,TUMIDENT,TARGET,0
S0001,T02,TUMIDENT,TARGET,0
S0001,T03,TUMIDENT,TARGET,0
S0001,T04,TUMIDENT,TARGET,0
S0001,NT01,TUMIDENT,NON-TARGET,0
S0001,NT02,TUMIDENT,NON-TARGET,0
S0001,NT03,TUMIDENT,NON-TARGET,0
S0002,T01,TUMIDENT,TARGET,0
S0002,T02,TUMIDENT,TARGET,0
S0002,T03,TUMIDENT,TARGET,0
S0002,NT01,TUMIDENT,NON-TARGET,0
S0002,NT02,TUMIDENT,NON-TARGET,0
S0002,NT03,TUMIDENT,NON-TARGET,0
S0004,T01,TUMIDENT,TARGET,0
S0004,T02,TUMIDENT,TARGET,0
S0004,T03,TUMIDENT,TARGET,0
S0004,T04,TUMIDENT,TARGET,0
S0004,T05,TUMIDENT,TARGET,0
S0009,T01,TUMIDENT,TARGET,0
S0009,T02,TUMIDENT,TARGET,0
S0009,NT01,TUMIDENT,NON-TARGET,0
S0009,NT02,TUMIDENT,NON-TARGET,0
S0009,NT03,TUMIDENT,NON-TARGET,0
S0010,T01,TUMIDENT,TARGET,0
S0010,T02,TUMIDENT,TARGET,0
S0010,T03,TUMIDENT,TARGET,0
S0010,NT01,TUMIDENT,NON-TARGET,0
S0010,NT02,TUMIDENT,NON-TARGET,0
S0011,T01,TUMIDENT,TARGET,0
S0011,T02,TUMIDENT,TARGET,0
S0011,NT01,TUMIDENT,NON-TARGET,0
S0011,NT02,TUMIDENT,NON-TARGET,0
S0011,NT03,TUMIDENT,NON-TARGET,0
S0017,T01,TUMIDENT,TARGET,0
S0017,T02,TUMIDENT,TARGET,0
S0017,T03,TUMIDENT,TARGET,0
S0020,T01,TUMIDENT,TARGET,0
S0020,T02,TUMIDENT,TARGET,0
S0020,T03,TUMIDENT,TARGET,0
S0020,T04,TUMIDENT,TARGET,0
S0020,T05,TUMIDENT,TARGET,0
S0020,NT01,TUMIDENT,NON-TARGET,0
S0020,NT02,TUMIDENT,NON-TARGET,0
S0021,T01,TUMIDENT,TARGET,0
S0021,NT01,TUMIDENT,NON-TARGET,0
S0021,NT02,TUMIDENT,NON-TARGET,0
S0021,NT03,TUMIDENT,NON-TARGET,0
S0022,T01,TUMIDENT,TARGET,0
S0022,NT01,TUMIDENT,NON-TARGET,0
S0024,T01,TUMIDENT,TARGET,0
S0024,T02,TUMIDENT,TARGET,0
S0024,NT01,TUMIDENT,NON-TARGET,0
S0024,NT02,TUMIDENT,NON-TARGET,0
S0025,T01,TUMIDENT,TARGET,0
S0025,T02,TUMIDENT,TARGET,0
S0025,T03,TUMIDENT,TARGET,0
S0025,T04,TUMIDENT,TARGET,0
S0025,T05,TUMIDENT,TARGET,0
S0025,NT01,TUMIDENT,NON-TARGET,0
S0026,T01,TUMIDENT,TARGET,0
S0026,T02,TUMIDENT,TARGET,0
S0026,NT01,TUMIDENT,NON-TARGET,0
S0026,NT02,TUMIDENT,NON-TARGET,0
S0026,NT03,TUMIDENT,NON-TARGET,0
S0031,T01,TUMIDENT,TARGET,0
S0031,T02,TUMIDENT,TARGET,0
S0031,T03,TUMIDENT,TARGET,0
S0031,T04,TUMIDENT,TARGET,0
S0031,T05,TUMIDENT,TARGET,0
S0031,NT01,TUMIDENT,NON-TARGET,0
S0032,T01,TUMIDENT,TARGET,0
S0032,T02,TUMIDENT,TARGET,0
S0032,T03,TUMIDENT,TARGET,0
S0032,T04,TUMIDENT,TARGET,0
S0032,T05,TUMIDENT,TARGET,0
S0032,NT01,TUMIDENT,NON-TARGET,0
S0032,NT02,TUMIDENT,NON-TARGET,0
S0033,T01,TUMIDENT,TARGET,0
S0033,T02,TUMIDENT,TARGET,0
S0033,T03,TUMIDENT,TARGET,0
S0033,T04,TUMIDENT,TARGET,0
S0033,NT01,TUMIDENT,NON-TARGET,0
S0033,NT02,TUMIDENT,NON-TARGET,0
S0035,T01,TUMIDENT,TARGET,0
S0035,T02,TUMIDENT,TARGET,0
S0035,NT01,TUMIDENT,NON-TARGET,0
S0035,NT02,TUMIDENT,NON-TARGET,0
S0035,NT03,TUMIDENT,NON-TARGET,0
S0036,T01,TUMIDENT,TARGET,0
S0036,T02,TUMIDENT,TARGET,0
S0036,T03,TUMIDENT,TARGET,0
S0036,T04,TUMIDENT,TARGET,0
S0036,NT01,TUMIDENT,NON-TARGET,0
S0036,NT02,TUMIDENT,NON-TARGET,0
S0037,T01,TUMIDENT,TARGET,0
S0037,NT01,TUMIDENT,NON-TARGET,0
S0037,NT02,TUMIDENT,NON-TARGET,0
S0037,NT03,TUMIDENT,NON-TARGET,0
S0040,T01,TUMIDENT,TARGET,0
S0040,T02,TUMIDENT,TARGET,0
S0040,T03,TUMIDENT,TARGET,0
S0040,T04,TUMIDENT,TARGET,0
S0040,NT01,TUMIDENT,NON-TARGET,0
S0040,NT02,TUMIDENT,NON-TARGET,0
S0042,T01,TUMIDENT,TARGET,0
S0042,T02,TUMIDENT,TARGET,0
S0043,T01,TUMIDENT,TARGET,0
S0043,T02,TUMIDENT,TARGET,0
S0043,T03,TUMIDENT,TARGET,0
S0043,T04,TUMIDENT,TARGET,0
S0043,T05,TUMIDENT,TARGET,0
S0043,NT01,TUMIDENT,NON-TARGET,0
S0043,NT02,TUMIDENT,NON-TARGET,0
S0045,T01,TUMIDENT,TARGET,0
S0045,T02,TUMIDENT,TARGET,0
S0046,T01,TUMIDENT,TARGET,0
S0046,T02,TUMIDENT,TARGET,0
S0046,T03,TUMIDENT,TARGET,0
S0046,T04,TUMIDENT,TARGET,0
S0046,NT01,TUMIDENT,NON-TARGET,0
S0046,NT02,TUMIDENT,NON-TARGET,0
S0051,T01,TUMIDENT,TARGET,0
S0051,T02,TUMIDENT,TARGET,0
S0051,T03,TUMIDENT,TARGET,0
S0051,NT01,TUMIDENT,NON-TARGET,0
S0051,NT02,TUMIDENT,NON-TARGET,0
S0052,T01,TUMIDENT,TARGET,0
S0052,T02,TUMIDENT,TARGET,0
S0052,T03,TUMIDENT,TARGET,0
S0052,T04,TUMIDENT,TARGET,0
S0052,NT01,TUMIDENT,NON-TARGET,0
S0052,NT02,TUMIDENT,NON-TARGET,0
S0052,NT03,TUMIDENT,NON-TARGET,0
S0054,T01,TUMIDENT,TARGET,0
S0054,T02,TUMIDENT,TARGET,0
S0054,T03,TUMIDENT,TARGET,0
S0054,T04,TUMIDENT,TARGET,0
S0054,T05,TUMIDENT,TARGET,0
S0054,NT01,TUMIDENT,NON-TARGET,0
S0054,NT02,TUMIDENT,NON-TARGET,0
S0055,T01,TUMIDENT,TARGET,0
S0055,NT01,TUMIDENT,NON-TARGET,0
S0055,NT02,TUMIDENT,NON-TARGET,0
S0055,NT03,TUMIDENT,NON-TARGET,0
S0057,T01,TUMIDENT,TARGET,0
S0057,T02,TUMIDENT,TARGET,0
S0057,T03,TUMIDENT,TARGET,0
S0059,T01,TUMIDENT,TARGET,0
S0059,T02,TUMIDENT,TARGET,0
S0059,T03,TUMIDENT,TARGET,0
S0059,NT01,TUMIDENT,NON-TARGET,0
S0059,NT02,TUMIDENT,NON-TARGET,0
S0059,NT03,TUMIDENT,NON-TARGET,0
S0060,T01,TUMIDENT,TARGET,0
S0060,T02,TUMIDENT,TARGET,0
S0060,NT01,TUMIDENT,NON-TARGET,0
S0061,T01,TUMIDENT,TARGET,0
S0061,T02,TUMIDENT,TARGET,0
S0061,T03,TUMIDENT,TARGET,0
S0061,NT01,TUMIDENT,NON-TARGET,0
S0061,NT02,TUMIDENT,NON-TARGET,0
S0062,T01,TUMIDENT,TARGET,0
S0062,T02,TUMIDENT,TARGET,0
S0062,T03,TUMIDENT,TARGET,0
S0062,T04,TUMIDENT,TARGET,0
S0062,T05,TUMIDENT,TARGET,0
S0062,NT01,TUMIDENT,NON-TARGET,0
S0062,NT02,TUMIDENT,NON-TARGET,0
S0062,NT03,TUMIDENT,NON-TARGET,0
S0066,T01,TUMIDENT,TARGET,0
S0066,T02,TUMIDENT,TARGET,0
S0066,T03,TUMIDENT,TARGET,0
S0066,NT01,TUMIDENT,NON-TARGET,0
S0066,NT02,TUMIDENT,NON-TARGET,0
S0066,NT03,TUMIDENT,NON-TARGET,0
S0067,T01,TUMIDENT,TARGET,0
S0067,T02,TUMIDENT,TARGET,0
S0067,T03,TUMIDENT,TARGET,0
S0067,T04,TUMIDENT,TARGET,0
S0067,T05,TUMIDENT,TARGET,0
S0067,NT01,TUMIDENT,NON-TARGET,0
S0068,T01,TUMIDENT,TARGET,0
S0068,T02,TUMIDENT,TARGET,0
S0068,NT01,TUMIDENT,NON-TARGET,0
S0069,T01,TUMIDENT,TARGET,0
S0069,T02,TUMIDENT,TARGET,0
S0069,T03,TUMIDENT,TARGET,0
S0069,NT01,TUMIDENT,NON-TARGET,0
S0069,NT02,TUMIDENT,NON-TARGET,0
S0069,NT03,TUMIDENT,NON-TARGET,0
S0070,T01,TUMIDENT,TARGET,0
S0070,T02,TUMIDENT,TARGET,0
S0070,T03,TUMIDENT,TARGET,0
S0070,NT01,TUMIDENT,NON-TARGET,0
S0071,T01,TUMIDENT,TARGET,0
S0072,T01,TUMIDENT,TARGET,0
S0072,T02,TUMIDENT,TARGET,0
S0072,T03,TUMIDENT,TARGET,0
S0072,T04,TUMIDENT,TARGET,0
S0072,T05,TUMIDENT,TARGET,0
S0072,NT01,TUMIDENT,NON-TARGET,0
S0072,NT02,TUMIDENT,NON-TARGET,0
S0072,NT03,TUMIDENT,NON-TARGET,0
S0074,T01,TUMIDENT,TARGET,0
S0074,T02,TUMIDENT,TARGET,0
S0074,NT01,TUMIDENT,NON-TARGET,0
S0074,NT02,TUMIDENT,NON-TARGET,0
S0074,NT03,TUMIDENT,NON-TARGET,0
S0076,T01,TUMIDENT,TARGET,0
S0077,T01,TUMIDENT,TARGET,0
S0077,T02,TUMIDENT,TARGET,0
S0077,T03,TUMIDENT,TARGET,0
S0077,T04,TUMIDENT,TARGET,0
S0077,NT01,TUMIDENT,NON-TARGET,0
S0081,T01,TUMIDENT,TARGET,0
S0081,T02,TUMIDENT,TARGET,0
S0081,T03,TUMIDENT,TARGET,0
S0081,T04,TUMIDENT,TARGET,0
S0081,T05,TUMIDENT,TARGET,0
S0082,T01,TUMIDENT,TARGET,0
S0082,T02,TUMIDENT,TARGET,0
S0082,T03,TUMIDENT,TARGET,0
S0082,T04,TUMIDENT,TARGET,0
S0082,T05,TUMIDENT,TARGET,0
S0082,NT01,TUMIDENT,NON-TARGET,0
S0085,T01,TUMIDENT,TARGET,0
S0085,T02,TUMIDENT,TARGET,0
S0085,T03,TUMIDENT,TARGET,0
S0085,T04,TUMIDENT,TARGET,0
S0085,T05,TUMIDENT,TARGET,0
S0085,NT01,TUMIDENT,NON-TARGET,0
S0085,NT02,TUMIDENT,NON-TARGET,0
S0087,T01,TUMIDENT,TARGET,0
S0087,T02,TUMIDENT,TARGET,0
S0087,T03,TUMIDENT,TARGET,0
S0087,NT01,TUMIDENT,NON-TARGET,0
S0087,NT02,TUMIDENT,NON-TARGET,0
S0087,NT03,TUMIDENT,NON-TARGET,0
S0089,T01,TUMIDENT,TARGET,0
S0089,T02,TUMIDENT,TARGET,0
S0089,NT01,TUMIDENT,NON-TARGET,0
S0090,T01,TUMIDENT,TARGET,0
S0090,T02,TUMIDENT,TARGET,0
S0090,T03,TUMIDENT,TARGET,0
S0090,T04,TUMIDENT,TARGET,0
S0090,T05,TUMIDENT,TARGET,0
S0091,T01,TUMIDENT,TARGET,0
S0091,T02,TUMIDENT,TARGET,0
S0091,T03,TUMIDENT,TARGET,0
S0091,T04,TUMIDENT,TARGET,0
S0093,T01,TUMIDENT,TARGET,0
S0093,T02,TUMIDENT,TARGET,0
S0093,T03,TUMIDENT,TARGET,0
S0093,NT01,TUMIDENT,NON-TARGET,0
S0094,T01,TUMIDENT,TARGET,0
S0094,T02,TUMIDENT,TARGET,0
S0094,NT01,TUMIDENT,NON-TARGET,0
S0094,NT02,TUMIDENT,NON-TARGET,0
S0095,T01,TUMIDENT,TARGET,0
S0095,NT01,TUMIDENT,NON-TARGET,0
S0095,NT02,TUMIDENT,NON-TARGET,0
S0098,T01,TUMIDENT,TARGET,0
S0098,T02,TUMIDENT,TARGET,0
S0098,T03,TUMIDENT,TARGET,0
S0098,T04,TUMIDENT,TARGET,0
S0098,NT01,TUMIDENT,NON-TARGET,0
S0099,T01,TUMIDENT,TARGET,0
S0099,NT01,TUMIDENT,NON-TARGET,0
S0099,NT02,TUMIDENT,NON-TARGET,0
S0099,NT03,TUMIDENT,NON-TARGET,0
S0101,T01,TUMIDENT,TARGET,0
S0101,NT01,TUMIDENT,NON-TARGET,0
S0102,T01,TUMIDENT,TARGET,0
S0102,T02,TUMIDENT,TARGET,0
S0102,T03,TUMIDENT,TARGET,0
S0102,T04,TUMIDENT,TARGET,0
S0102,NT01,TUMIDENT,NON-TARGET,0
S0102,NT02,TUMIDENT,NON-TARGET,0
S0104,T01,TUMIDENT,TARGET,0
S0104,T02,TUMIDENT,TARGET,0
S0104,NT01,TUMIDENT,NON-TARGET,0
S0106,T01,TUMIDENT,TARGET,0
S0106,NT01,TUMIDENT,NON-TARGET,0
S0107,T01,TUMIDENT,TARGET,0
S0107,T02,TUMIDENT,TARGET,0
S0107,T03,TUMIDENT,TARGET,0
S0109,T01,TUMIDENT,TARGET,0
S0109,T02,TUMIDENT,TARGET,0
S0109,NT01,TUMIDENT,NON-TARGET,0
S0110,T01,TUMIDENT,TARGET,0
S0110,T02,TUMIDENT,TARGET,0
S0110,NT01,TUMIDENT,NON-TARGET,0
S0110,NT02,TUMIDENT,NON-TARGET,0
S0112,T01,TUMIDENT,TARGET,0
S0112,T02,TUMIDENT,TARGET,0
S0112,T03,TUMIDENT,TARGET,0
S0112,T04,TUMIDENT,TARGET,0
S0112,NT01,TUMIDENT,NON-TARGET,0
S0112,NT02,TUMIDENT,NON-TARGET,0
S0112,NT03,TUMIDENT,NON-TARGET,0
S0114,T01,TUMIDENT,TARGET,0
S0114,T02,TUMIDENT,TARGET,0
S0114,T03,TUMIDENT,TARGET,0
S0114,T04,TUMIDENT,TARGET,0
S0114,NT01,TUMIDENT,NON-TARGET,0
S0114,NT02,TUMIDENT,NON-TARGET,0
S0118,T01,TUMIDENT,TARGET,0
S0118,T02,TUMIDENT,TARGET,0
S0118,T03,TUMIDENT,TARGET,0
S0118,T04,TUMIDENT,TARGET,0
S0118,NT01,TUMIDENT,NON-TARGET,0
S0118,NT02,TUMIDENT,NON-TARGET,0
S0118,NT03,TUMIDENT,NON-TARGET,0
S0119,T01,TUMIDENT,TARGET,0
S0119,T02,TUMIDENT,TARGET,0
S0119,T03,TUMIDENT,TARGET,0
S0119,T04,TUMIDENT,TARGET,0
S0119,T05,TUMIDENT,TARGET,0
S0119,NT01,TUMIDENT,NON-TARGET,0
S0119,NT02,TUMIDENT,NON-TARGET,0
S0119,NT03,TUMIDENT,NON-TARGET,0
S0122,T01,TUMIDENT,TARGET,0
S0122,T02,TUMIDENT,TARGET,0
S0122,T03,TUMIDENT,TARGET,0
S0122,T04,TUMIDENT,TARGET,0
S0122,T05,TUMIDENT,TARGET,0
S0122,NT01,TUMIDENT,NON-TARGET,0
S0122,NT02,TUMIDENT,NON-TARGET,0
S0122,NT03,TUMIDENT,NON-TARGET,0
S0125,T01,TUMIDENT,TARGET,0
S0125,NT01,TUMIDENT,NON-TARGET,0
S0130,T01,TUMIDENT,TARGET,0
S0130,T02,TUMIDENT,TARGET,0
S0130,NT01,TUMIDENT,NON-TARGET,0
S0130,NT02,TUMIDENT,NON-TARGET,0
S0130,NT03,TUMIDENT,NON-TARGET,0
S0132,T01,TUMIDENT,TARGET,0
S0132,T02,TUMIDENT,TARGET,0
S0132,T03,TUMIDENT,TARGET,0
S0132,T04,TUMIDENT,TARGET,0
S0132,T05,TUMIDENT,TARGET,0
S0135,T01,TUMIDENT,TARGET,0
S0135,NT01,TUMIDENT,NON-TARGET,0
S0135,NT02,TUMIDENT,NON-TARGET,0
S0139,T01,TUMIDENT,TARGET,0
S0139,T02,TUMIDENT,TARGET,0
S0139,T03,TUMIDENT,TARGET,0
S0139,T04,TUMIDENT,TARGET,0
S0139,NT01,TUMIDENT,NON-TARGET,0
S0139,NT02,TUMIDENT,NON-TARGET,0
S0139,NT03,TUMIDENT,NON-TARGET,0
S0140,T01,TUMIDENT,TARGET,0
S0140,T02,TUMIDENT,TARGET,0
S0140,T03,TUMIDENT,TARGET,0
S0140,T04,TUMIDENT,TARGET,0
S0140,T05,TUMIDENT,TARGET,0
S0142,T01,TUMIDENT,TARGET,0
S0142,NT01,TUMIDENT,NON-TARGET,0
S0145,T01,TUMIDENT,TARGET,0
S0145,T02,TUMIDENT,TARGET,0
S0145,T03,TUMIDENT,TARGET,0
S0145,T04,TUMIDENT,TARGET,0
S0145,T05,TUMIDENT,TARGET,0
S0145,NT01,TUMIDENT,NON-TARGET,0
S0146,T01,TUMIDENT,TARGET,0
S0146,T02,TUMIDENT,TARGET,0
S0146,T03,TUMIDENT,TARGET,0
S0146,T04,TUMIDENT,TARGET,0
S0146,NT01,TUMIDENT,NON-TARGET,0
S0146,NT02,TUMIDENT,NON-TARGET,0
S0146,NT03,TUMIDENT,NON-TARGET,0
S0147,T01,TUMIDENT,TARGET,0
S0147,T02,TUMIDENT,TARGET,0
S0147,NT01,TUMIDENT,NON-TARGET,0
S0148,T01,TUMIDENT,TARGET,0
S0148,T02,TUMIDENT,TARGET,0
S0148,T03,TUMIDENT,TARGET,0
S0148,T04,TUMIDENT,TARGET,0
S0148,T05,TUMIDENT,TARGET,0
S0148,NT01,TUMIDENT,NON-TARGET,0
S0150,T01,TUMIDENT,TARGET,0
S0150,T02,TUMIDENT,TARGET,0
S0150,T03,TUMIDENT,TARGET,0
S0150,NT01,TUMIDENT,NON-TARGET,0
S0154,T01,TUMIDENT,TARGET,0
S0154,T02,TUMIDENT,TARGET,0
S0154,NT01,TUMIDENT,NON-TARGET,0
S0155,T01,TUMIDENT,TARGET,0
S0155,NT01,TUMIDENT,NON-TARGET,0
S0155,NT02,TUMIDENT,NON-TARGET,0
S0160,T01,TUMIDENT,TARGET,0
S0160,T02,TUMIDENT,TARGET,0
S0160,T03,TUMIDENT,TARGET,0
S0160,T04,TUMIDENT,TARGET,0
S0160,NT01,TUMIDENT,NON-TARGET,0
S0160,NT02,TUMIDENT,NON-TARGET,0
S0160,NT03,TUMIDENT,NON-TARGET,0
S0161,T01,TUMIDENT,TARGET,0
S0164,T01,TUMIDENT,TARGET,0
S0164,NT01,TUMIDENT,NON-TARGET,0
S0164,NT02,TUMIDENT,NON-TARGET,0
S0165,T01,TUMIDENT,TARGET,0
S0165,T02,TUMIDENT,TARGET,0
S0165,T03,TUMIDENT,TARGET,0
S0165,T04,TUMIDENT,TARGET,0
S0165,T05,TUMIDENT,TARGET,0
S0167,T01,TUMIDENT,TARGET,0
S0167,NT01,TUMIDENT,NON-TARGET,0
S0167,NT02,TUMIDENT,NON-TARGET,0
S0171,T01,TUMIDENT,TARGET,0
S0171,T02,TUMIDENT,TARGET,0
S0171,T03,TUMIDENT,TARGET,0
S0171,T04,TUMIDENT,TARGET,0
S0171,T05,TUMIDENT,TARGET,0
S0176,T01,TUMIDENT,TARGET,0
S0176,T02,TUMIDENT,TARGET,0
S0176,T03,TUMIDENT,TARGET,0
S0176,T04,TUMIDENT,TARGET,0
S0176,T05,TUMIDENT,TARGET,0
S0176,NT01,TUMIDENT,NON-TARGET,0
S0176,NT02,TUMIDENT,NON-TARGET,0
S0177,T01,TUMIDENT,TARGET,0
S0177,T02,TUMIDENT,TARGET,0
S0177,NT01,TUMIDENT,NON-TARGET,0
S0177,NT02,TUMIDENT,NON-TARGET,0
S0177,NT03,TUMIDENT,NON-TARGET,0
S0178,T01,TUMIDENT,TARGET,0
S0182,T01,TUMIDENT,TARGET,0
S0182,T02,TUMIDENT,TARGET,0
S0182,T03,TUMIDENT,TARGET,0
S0182,T04,TUMIDENT,TARGET,0
S0183,T01,TUMIDENT,TARGET,0
S0183,T02,TUMIDENT,TARGET,0
S0183,T03,TUMIDENT,TARGET,0
S0183,T04,TUMIDENT,TARGET,0
S0183,T05,TUMIDENT,TARGET,0
S0183,NT01,TUMIDENT,NON-TARGET,0
S0183,NT02,TUMIDENT,NON-TARGET,0
S0183,NT03,TUMIDENT,NON-TARGET,0
S0184,T01,TUMIDENT,TARGET,0
S0184,T02,TUMIDENT,TARGET,0
S0184,T03,TUMIDENT,TARGET,0
S0184,NT01,TUMIDENT,NON-TARGET,0
S0184,NT02,TUMIDENT,NON-TARGET,0
S0184,NT03,TUMIDENT,NON-TARGET,0
S0186,T01,TUMIDENT,TARGET,0
S0186,NT01,TUMIDENT,NON-TARGET,0
S0187,T01,TUMIDENT,TARGET,0
S0187,T02,TUMIDENT,TARGET,0
S0187,T03,TUMIDENT,TARGET,0
S0187,T04,TUMIDENT,TARGET,0
S0188,T01,TUMIDENT,TARGET,0
S0188,T02,TUMIDENT,TARGET,0
S0188,T03,TUMIDENT,TARGET,0
S0188,T04,TUMIDENT,TARGET,0
S0188,T05,TUMIDENT,TARGET,0
S0188,NT01,TUMIDENT,NON-TARGET,0
S0188,NT02,TUMIDENT,NON-TARGET,0
S0189,T01,TUMIDENT,TARGET,0
S0189,NT01,TUMIDENT,NON-TARGET,0
S0189,NT02,TUMIDENT,NON-TARGET,0
S0189,NT03,TUMIDENT,NON-TARGET,0
S0190,T01,TUMIDENT,TARGET,0
S0190,NT01,TUMIDENT,NON-TARGET,0
S0190,NT02,TUMIDENT,NON-TARGET,0
S0190,NT03,TUMIDENT,NON-TARGET,0
S0191,T01,TUMIDENT,TARGET,0
S0191,T02,TUMIDENT,TARGET,0
S0192,T01,TUMIDENT,TARGET,0
S0192,T02,TUMIDENT,TARGET,0
S0192,T03,TUMIDENT,TARGET,0
S0192,T04,TUMIDENT,TARGET,0
S0195,T01,TUMIDENT,TARGET,0
S0195,T02,TUMIDENT,TARGET,0
S0196,T01,TUMIDENT,TARGET,0
S0196,T02,TUMIDENT,TARGET,0
S0196,T03,TUMIDENT,TARGET,0
S0197,T01,TUMIDENT,TARGET,0
S0197,T02,TUMIDENT,TARGET,0
S0197,T03,TUMIDENT,TARGET,0
S0197,T04,TUMIDENT,TARGET,0
S0197,NT01,TUMIDENT,NON-TARGET,0
S0197,NT02,TUMIDENT,NON-TARGET,0
S0198,T01,TUMIDENT,TARGET,0
S0198,T02,TUMIDENT,TARGET,0
S0198,NT01,TUMIDENT,NON-TARGET,0
S0200,T01,TUMIDENT,TARGET,0
S0200,T02,TUMIDENT,TARGET,0
S0200,T03,TUMIDENT,TARGET,0
S0200,NT01,TUMIDENT,NON-TARGET,0
S0200,NT02,TUMIDENT,NON-TARGET,0
S0203,T01,TUMIDENT,TARGET,0
S0203,T02,TUMIDENT,TARGET,0
S0203,T03,TUMIDENT,TARGET,0
S0203,T04,TUMIDENT,TARGET,0
S0203,T05,TUMIDENT,TARGET,0
S0203,NT01,TUMIDENT,NON-TARGET,0
S0203,NT02,TUMIDENT,NON-TARGET,0
S0204,T01,TUMIDENT,TARGET,0
S0204,T02,TUMIDENT,TARGET,0
S0204,T03,TUMIDENT,TARGET,0
S0204,T04,TUMIDENT,TARGET,0
S0204,T05,TUMIDENT,TARGET,0
S0204,NT01,TUMIDENT,NON-TARGET,0
S0204,NT02,TUMIDENT,NON-TARGET,0
S0204,NT03,TUMIDENT,NON-TARGET,0
S0205,T01,TUMIDENT,TARGET,0
S0205,T02,TUMIDENT,TARGET,0
S0205,T03,TUMIDENT,TARGET,0
S0206,T01,TUMIDENT,TARGET,0
S0206,NT01,TUMIDENT,NON-TARGET,0
S0206,NT02,TUMIDENT,NON-TARGET,0
S0207,T01,TUMIDENT,TARGET,0
S0207,T02,TUMIDENT,TARGET,0
S0207,T03,TUMIDENT,TARGET,0
S0207,NT01,TUMIDENT,NON-TARGET,0
S0207,NT02,TUMIDENT,NON-TARGET,0
S0207,NT03,TUMIDENT,NON-TARGET,0
S0213,T01,TUMIDENT,TARGET,0
S0213,T02,TUMIDENT,TARGET,0
S0213,NT01,TUMIDENT,NON-TARGET,0
S0213,NT02,TUMIDENT,NON-TARGET,0
S0213,NT03,TUMIDENT,NON-TARGET,0
S0214,T01,TUMIDENT,TARGET,0
S0214,NT01,TUMIDENT,NON-TARGET,0
S0214,NT02,TUMIDENT,NON-TARGET,0
S0215,T01,TUMIDENT,TARGET,0
S0215,T02,TUMIDENT,TARGET,0
S0215,T03,TUMIDENT,TARGET,0
S0215,T04,TUMIDENT,TARGET,0
S0215,T05,TUMIDENT,TARGET,0
S0215,NT01,TUMIDENT,NON-TARGET,0
S0215,NT02,TUMIDENT,NON-TARGET,0
S0215,NT03,TUMIDENT,NON-TARGET,0
S0218,T01,TUMIDENT,TARGET,0
S0218,T02,TUMIDENT,TARGET,0
S0218,NT01,TUMIDENT,NON-TARGET,0
S0218,NT02,TUMIDENT,NON-TARGET,0
S0222,T01,TUMIDENT,TARGET,0
S0222,T02,TUMIDENT,TARGET,0
S0223,T01,TUMIDENT,TARGET,0
S0223,T02,TUMIDENT,TARGET,0
S0223,NT01,TUMIDENT,NON-TARGET,0
S0223,NT02,TUMIDENT,NON-TARGET,0
S0224,T01,TUMIDENT,TARGET,0
S0224,T02,TUMIDENT,TARGET,0
S0224,T03,TUMIDENT,TARGET,0
S0224,T04,TUMIDENT,TARGET,0
S0224,T05,TUMIDENT,TARGET,0
S0224,NT01,TUMIDENT,NON-TARGET,0
S0226,T01,TUMIDENT,TARGET,0
S0226,T02,TUMIDENT,TARGET,0
S0226,NT01,TUMIDENT,NON-TARGET,0
S0230,T01,TUMIDENT,TARGET,0
S0230,NT01,TUMIDENT,NON-TARGET,0
S0230,NT02,TUMIDENT,NON-TARGET,0
S0231,T01,TUMIDENT,TARGET,0
S0231,T02,TUMIDENT,TARGET,0
S0231,T03,TUMIDENT,TARGET,0
S0231,NT01,TUMIDENT,NON-TARGET,0
S0231,NT02,TUMIDENT,NON-TARGET,0
S0231,NT03,TUMIDENT,NON-TARGET,0
S0232,T01,TUMIDENT,TARGET,0
S0232,T02,TUMIDENT,TARGET,0
S0232,T03,TUMIDENT,TARGET,0
S0232,T04,TUMIDENT,TARGET,0
S0232,T05,TUMIDENT,TARGET,0
S0233,T01,TUMIDENT,TARGET,0
S0233,T02,TUMIDENT,TARGET,0
S0233,T03,TUMIDENT,TARGET,0
S0233,NT01,TUMIDENT,NON-TARGET,0
S0233,NT02,TUMIDENT,NON-TARGET,0
S0233,NT03,TUMIDENT,NON-TARGET,0
S0234,T01,TUMIDENT,TARGET,0
S0234,T02,TUMIDENT,TARGET,0
S0234,T03,TUMIDENT,TARGET,0
S0234,NT01,TUMIDENT,NON-TARGET,0
S0235,T01,TUMIDENT,TARGET,0
S0235,T02,TUMIDENT,TARGET,0
S0235,NT01,TUMIDENT,NON-TARGET,0
S0235,NT02,TUMIDENT,NON-TARGET,0
S0235,NT03,TUMIDENT,NON-TARGET,0
S0236,T01,TUMIDENT,TARGET,0
S0236,T02,TUMIDENT,TARGET,0
S0236,T03,TUMIDENT,TARGET,0
S0236,T04,TUMIDENT,TARGET,0
S0236,NT01,TUMIDENT,NON-TARGET,0
S0236,NT02,TUMIDENT,NON-TARGET,0
S0236,NT03,TUMIDENT,NON-TARGET,0
S0237,T01,TUMIDENT,TARGET,0
S0237,T02,TUMIDENT,TARGET,0
S0237,T03,TUMIDENT,TARGET,0
S0237,T04,TUMIDENT,TARGET,0
S0237,NT01,TUMIDENT,NON-TARGET,0
S0238,T01,TUMIDENT,TARGET,0
S0238,T02,TUMIDENT,TARGET,0
S0238,T03,TUMIDENT,TARGET,0
S0238,NT01,TUMIDENT,NON-TARGET,0
S0243,T01,TUMIDENT,TARGET,0
S0243,T02,TUMIDENT,TARGET,0
S0243,T03,TUMIDENT,TARGET,0
S0243,T04,TUMIDENT,TARGET,0
S0243,T05,TUMIDENT,TARGET,0
S0243,NT01,TUMIDENT,NON-TARGET,0
S0244,T01,TUMIDENT,TARGET,0
S0244,T02,TUMIDENT,TARGET,0
S0244,NT01,TUMIDENT,NON-TARGET,0
S0244,NT02,TUMIDENT,NON-TARGET,0
S0244,NT03,TUMIDENT,NON-TARGET,0
S0245,T01,TUMIDENT,TARGET,0
S0245,NT01,TUMIDENT,NON-TARGET,0
S0246,T01,TUMIDENT,TARGET,0
S0246,T02,TUMIDENT,TARGET,0
S0246,T03,TUMIDENT,TARGET,0
S0246,T04,TUMIDENT,TARGET,0
S0246,T05,TUMIDENT,TARGET,0
S0246,NT01,TUMIDENT,NON-TARGET,0
S0248,T01,TUMIDENT,TARGET,0
S0248,T02,TUMIDENT,TARGET,0
S0248,T03,TUMIDENT,TARGET,0
S0248,T04,TUMIDENT,TARGET,0
S0248,T05,TUMIDENT,TARGET,0
S0248,NT01,TUMIDENT,NON-TARGET,0
S0248,NT02,TUMIDENT,NON-TARGET,0
S0249,T01,TUMIDENT,TARGET,0
S0249,T02,TUMIDENT,TARGET,0
S0249,NT01,TUMIDENT,NON-TARGET,0
S0249,NT02,TUMIDENT,NON-TARGET,0
S0250,T01,TUMIDENT,TARGET,0
S0250,T02,TUMIDENT,TARGET,0
S0250,T03,TUMIDENT,TARGET,0
S0250,T04,TUMIDENT,TARGET,0
S0250,NT01,TUMIDENT,NON-TARGET,0
S0250,NT02,TUMIDENT,NON-TARGET,0
S0250,NT03,TUMIDENT,NON-TARGET,0
S0253,T01,TUMIDENT,TARGET,0
S0253,NT01,TUMIDENT,NON-TARGET,0
S0255,T01,TUMIDENT,TARGET,0
S0255,T02,TUMIDENT,TARGET,0
S0255,NT01,TUMIDENT,NON-TARGET,0
S0255,NT02,TUMIDENT,NON-TARGET,0
S0256,T01,TUMIDENT,TARGET,0
S0256,T02,TUMIDENT,TARGET,0
S0256,T03,TUMIDENT,TARGET,0
S0256,NT01,TUMIDENT,NON-TARGET,0
S0256,NT02,TUMIDENT,NON-TARGET,0
S0256,NT03,TUMIDENT,NON-TARGET,0
S0257,T01,TUMIDENT,TARGET,0
S0257,T02,TUMIDENT,TARGET,0
S0257,T03,TUMIDENT,TARGET,0
S0257,NT01,TUMIDENT,NON-TARGET,0
S0257,NT02,TUMIDENT,NON-TARGET,0
S0258,T01,TUMIDENT,TARGET,0
S0259,T01,TUMIDENT,TARGET,0
S0259,T02,TUMIDENT,TARGET,0
S0259,NT01,TUMIDENT,NON-TARGET,0
S0259,NT02,TUMIDENT,NON-TARGET,0
S0259,NT03,TUMIDENT,NON-TARGET,0
S0261,T01,TUMIDENT,TARGET,0
S0261,T02,TUMIDENT,TARGET,0
S0261,NT01,TUMIDENT,NON-TARGET,0
S0261,NT02,TUMIDENT,NON-TARGET,0
S0267,T01,TUMIDENT,TARGET,0
S0267,T02,TUMIDENT,TARGET,0
S0267,T03,TUMIDENT,TARGET,0
S0267,T04,TUMIDENT,TARGET,0
S0267,T05,TUMIDENT,TARGET,0
S0267,NT01,TUMIDENT,NON-TARGET,0
S0267,NT02,TUMIDENT,NON-TARGET,0
S0267,NT03,TUMIDENT,NON-TARGET,0
S0269,T01,TUMIDENT,TARGET,0
S0269,T02,TUMIDENT,TARGET,0
S0269,T03,TUMIDENT,TARGET,0
S0269,T04,TUMIDENT,TARGET,0
S0269,NT01,TUMIDENT,NON-TARGET,0
S0269,NT02,TUMIDENT,NON-TARGET,0
S0270,T01,TUMIDENT,TARGET,0
S0270,T02,TUMIDENT,TARGET,0
S0270,T03,TUMIDENT,TARGET,0
S0270,T04,TUMIDENT,TARGET,0
S0270,T05,TUMIDENT,TARGET,0
S0270,NT01,TUMIDENT,NON-TARGET,0
S0270,NT02,TUMIDENT,NON-TARGET,0
S0270,NT03,TUMIDENT,NON-TARGET,0
S0272,T01,TUMIDENT,TARGET,0
S0272,T02,TUMIDENT,TARGET,0
S0272,T03,TUMIDENT,TARGET,0
S0274,T01,TUMIDENT,TARGET,0
S0274,T02,TUMIDENT,TARGET,0
S0274,T03,TUMIDENT,TARGET,0
S0274,T04,TUMIDENT,TARGET,0
S0274,NT01,TUMIDENT,NON-TARGET,0
S0275,T01,TUMIDENT,TARGET,0
S0275,NT01,TUMIDENT,NON-TARGET,0
S0276,T01,TUMIDENT,TARGET,0
S0276,T02,TUMIDENT,TARGET,0
S0276,T03,TUMIDENT,TARGET,0
S0276,T04,TUMIDENT,TARGET,0
S0276,NT01,TUMIDENT,NON-TARGET,0
S0277,T01,TUMIDENT,TARGET,0
S0277,T02,TUMIDENT,TARGET,0
S0277,T03,TUMIDENT,TARGET,0
S0277,NT01,TUMIDENT,NON-TARGET,0
S0277,NT02,TUMIDENT,NON-TARGET,0
S0277,NT03,TUMIDENT,NON-TARGET,0
S0278,T01,TUMIDENT,TARGET,0
S0278,T02,TUMIDENT,TARGET,0
S0278,T03,TUMIDENT,TARGET,0
S0278,T04,TUMIDENT,TARGET,0
S0278,NT01,TUMIDENT,NON-TARGET,0
S0278,NT02,TUMIDENT,NON-TARGET,0
S0279,T01,TUMIDENT,TARGET,0
S0279,T02,TUMIDENT,TARGET,0
S0279,T03,TUMIDENT,TARGET,0
S0279,NT01,TUMIDENT,NON-TARGET,0
S0279,NT02,TUMIDENT,NON-TARGET,0
S0280,T01,TUMIDENT,TARGET,0
S0281,T01,TUMIDENT,TARGET,0
S0281,T02,TUMIDENT,TARGET,0
S0281,NT01,TUMIDENT,NON-TARGET,0
S0281,NT02,TUMIDENT,NON-TARGET,0
S0282,T01,TUMIDENT,TARGET,0
S0282,T02,TUMIDENT,TARGET,0
S0282,T03,TUMIDENT,TARGET,0
S0282,T04,TUMIDENT,TARGET,0
S0282,NT01,TUMIDENT,NON-TARGET,0
S0282,NT02,TUMIDENT,NON-TARGET,0
S0282,NT03,TUMIDENT,NON-TARGET,0
S0284,T01,TUMIDENT,TARGET,0
S0284,T02,TUMIDENT,TARGET,0
S0284,NT01,TUMIDENT,NON-TARGET,0
S0284,NT02,TUMIDENT,NON-TARGET,0
S0284,NT03,TUMIDENT,NON-TARGET,0
S0285,T01,TUMIDENT,TARGET,0
S0285,T02,TUMIDENT,TARGET,0
S0285,T03,TUMIDENT,TARGET,0
S0285,T04,TUMIDENT,TARGET,0
S0285,T05,TUMIDENT,TARGET,0
S0285,NT01,TUMIDENT,NON-TARGET,0
S0287,T01,TUMIDENT,TARGET,0
S0287,T02,TUMIDENT,TARGET,0
S0287,T03,TUMIDENT,TARGET,0
S0294,T01,TUMIDENT,TARGET,0
S0294,NT01,TUMIDENT,NON-TARGET,0
S0294,NT02,TUMIDENT,NON-TARGET,0
S0294,NT03,TUMIDENT,NON-TARGET,0
S0295,T01,TUMIDENT,TARGET,0
S0295,T02,TUMIDENT,TARGET,0
S0295,T03,TUMIDENT,TARGET,0
S0295,NT01,TUMIDENT,NON-TARGET,0
S0295,NT02,TUMIDENT,NON-TARGET,0
S0295,NT03,TUMIDENT,NON-TARGET,0
S0296,T01,TUMIDENT,TARGET,0
S0296,NT01,TUMIDENT,NON-TARGET,0
S0296,NT02,TUMIDENT,NON-TARGET,0
S0298,T01,TUMIDENT,TARGET,0
S0298,T02,TUMIDENT,TARGET,0
S0298,NT01,TUMIDENT,NON-TARGET,0
S0298,NT02,TUMIDENT,NON-TARGET,0
S0299,T01,TUMIDENT,TARGET,0
S0299,T02,TUMIDENT,TARGET,0
S0299,T03,TUMIDENT,TARGET,0
S0299,T04,TUMIDENT,TARGET,0
S0299,NT01,TUMIDENT,NON-TARGET,0
S0299,NT02,TUMIDENT,NON-TARGET,0
S0299,NT03,TUMIDENT,NON-TARGET,0
S0300,T01,TUMIDENT,TARGET,0
S0300,NT01,TUMIDENT,NON-TARGET,0
S0300,NT02,TUMIDENT,NON-TARGET,0
S0301,T01,TUMIDENT,TARGET,0
S0301,T02,TUMIDENT,TARGET,0
S0301,T03,TUMIDENT,TARGET,0
S0301,T04,TUMIDENT,TARGET,0
S0301,NT01,TUMIDENT,NON-TARGET,0
S0301,NT02,TUMIDENT,NON-TARGET,0
S0301,NT03,TUMIDENT,NON-TARGET,0
S0302,T01,TUMIDENT,TARGET,0
S0302,NT01,TUMIDENT,NON-TARGET,0
S0305,T01,TUMIDENT,TARGET,0
S0305,T02,TUMIDENT,TARGET,0
S0307,T01,TUMIDENT,TARGET,0
S0307,T02,TUMIDENT,TARGET,0
S0307,T03,TUMIDENT,TARGET,0
S0307,NT01,TUMIDENT,NON-TARGET,0
S0307,NT02,TUMIDENT,NON-TARGET,0
S0307,NT03,TUMIDENT,NON-TARGET,0
S0308,T01,TUMIDENT,TARGET,0
S0308,T02,TUMIDENT,TARGET,0
S0308,T03,TUMIDENT,TARGET,0
S0308,T04,TUMIDENT,TARGET,0
S0308,NT01,TUMIDENT,NON-TARGET,0
S0309,T01,TUMIDENT,TARGET,0
S0309,T02,TUMIDENT,TARGET,0
S0309,T03,TUMIDENT,TARGET,0
S0309,NT01,TUMIDENT,NON-TARGET,0
S0314,T01,TUMIDENT,TARGET,0
S0314,T02,TUMIDENT,TARGET,0
S0314,T03,TUMIDENT,TARGET,0
S0314,NT01,TUMIDENT,NON-TARGET,0
S0314,NT02,TUMIDENT,NON-TARGET,0
S0314,NT03,TUMIDENT,NON-TARGET,0
S0317,T01,TUMIDENT,TARGET,0
S0317,T02,TUMIDENT,TARGET,0
S0317,T03,TUMIDENT,TARGET,0
S0317,T04,TUMIDENT,TARGET,0
S0317,T05,TUMIDENT,TARGET,0
S0317,NT01,TUMIDENT,NON-TARGET,0
S0317,NT02,TUMIDENT,NON-TARGET,0
S0320,T01,TUMIDENT,TARGET,0
S0320,T02,TUMIDENT,TARGET,0
S0320,T03,TUMIDENT,TARGET,0
S0320,T04,TUMIDENT,TARGET,0
S0321,T01,TUMIDENT,TARGET,0
S0321,T02,TUMIDENT,TARGET,0
S0321,NT01,TUMIDENT,NON-TARGET,0
S0321,NT02,TUMIDENT,NON-TARGET,0
S0322,T01,TUMIDENT,TARGET,0
S0322,T02,TUMIDENT,TARGET,0
S0322,T03,TUMIDENT,TARGET,0
S0322,NT01,TUMIDENT,NON-TARGET,0
S0325,T01,TUMIDENT,TARGET,0
S0325,NT01,TUMIDENT,NON-TARGET,0
S0325,NT02,TUMIDENT,NON-TARGET,0
S0326,T01,TUMIDENT,TARGET,0
S0326,T02,TUMIDENT,TARGET,0
S0326,T03,TUMIDENT,TARGET,0
S0326,NT01,TUMIDENT,NON-TARGET,0
S0326,NT02,TUMIDENT,NON-TARGET,0
S0329,T01,TUMIDENT,TARGET,0
S0329,T02,TUMIDENT,TARGET,0
S0330,T01,TUMIDENT,TARGET,0
S0330,T02,TUMIDENT,TARGET,0
S0330,NT01,TUMIDENT,NON-TARGET,0
S0330,NT02,TUMIDENT,NON-TARGET,0
S0331,T01,TUMIDENT,TARGET,0
S0331,T02,TUMIDENT,TARGET,0
S0331,T03,TUMIDENT,TARGET,0
S0331,T04,TUMIDENT,TARGET,0
S0331,T05,TUMIDENT,TARGET,0
S0331,NT01,TUMIDENT,NON-TARGET,0
S0332,T01,TUMIDENT,TARGET,0
S0332,T02,TUMIDENT,TARGET,0
S0333,T01,TUMIDENT,TARGET,0
S0333,T02,TUMIDENT,TARGET,0
S0333,T03,TUMIDENT,TARGET,0
S0333,T04,TUMIDENT,TARGET,0
S0333,T05,TUMIDENT,TARGET,0
S0338,T01,TUMIDENT,TARGET,0
S0340,T01,TUMIDENT,TARGET,0
S0340,NT01,TUMIDENT,NON-TARGET,0
S0341,T01,TUMIDENT,TARGET,0
S0341,T02,TUMIDENT,TARGET,0
S0341,T03,TUMIDENT,TARGET,0
S0341,T04,TUMIDENT,TARGET,0
S0341,NT01,TUMIDENT,NON-TARGET,0
S0343,T01,TUMIDENT,TARGET,0
S0344,T01,TUMIDENT,TARGET,0
S0344,T02,TUMIDENT,TARGET,0
S0344,NT01,TUMIDENT,NON-TARGET,0
S0347,T01,TUMIDENT,TARGET,0
S0347,T02,TUMIDENT,TARGET,0
S0347,NT01,TUMIDENT,NON-TARGET,0
S0347,NT02,TUMIDENT,NON-TARGET,0
S0349,T01,TUMIDENT,TARGET,0
S0349,T02,TUMIDENT,TARGET,0
S0349,T03,TUMIDENT,TARGET,0
S0349,T04,TUMIDENT,TARGET,0
S0349,T05,TUMIDENT,TARGET,0
S0349,NT01,TUMIDENT,NON-TARGET,0
S0352,T01,TUMIDENT,TARGET,0
S0352,T02,TUMIDENT,TARGET,0
S0352,T03,TUMIDENT,TARGET,0
S0352,T04,TUMIDENT,TARGET,0
S0352,NT01,TUMIDENT,NON-TARGET,0
S0354,T01,TUMIDENT,TARGET,0
S0354,T02,TUMIDENT,TARGET,0
S0354,T03,TUMIDENT,TARGET,0
S0354,T04,TUMIDENT,TARGET,0
S0354,NT01,TUMIDENT,NON-TARGET,0
S0354,NT02,TUMIDENT,NON-TARGET,0
S0354,NT03,TUMIDENT,NON-TARGET,0
S0356,T01,TUMIDENT,TARGET,0
S0356,T02,TUMIDENT,TARGET,0
S0356,T03,TUMIDENT,TARGET,0
S0356,T04,TUMIDENT,TARGET,0
S0356,T05,TUMIDENT,TARGET,0
S0357,T01,TUMIDENT,TARGET,0
S0357,T02,TUMIDENT,TARGET,0
S0359,T01,TUMIDENT,TARGET,0
S0359,T02,TUMIDENT,TARGET,0
S0359,T03,TUMIDENT,TARGET,0
S0362,T01,TUMIDENT,TARGET,0
S0362,T02,TUMIDENT,TARGET,0
S0362,T03,TUMIDENT,TARGET,0
S0364,T01,TUMIDENT,TARGET,0
S0364,T02,TUMIDENT,TARGET,0
S0364,NT01,TUMIDENT,NON-TARGET,0
S0364,NT02,TUMIDENT,NON-TARGET,0
S0367,T01,TUMIDENT,TARGET,0
S0367,T02,TUMIDENT,TARGET,0
S0367,T03,TUMIDENT,TARGET,0
S0367,T04,TUMIDENT,TARGET,0
S0368,T01,TUMIDENT,TARGET,0
S0368,T02,TUMIDENT,TARGET,0
S0368,T03,TUMIDENT,TARGET,0
S0368,T04,TUMIDENT,TARGET,0
S0368,NT01,TUMIDENT,NON-TARGET,0
S0368,NT02,TUMIDENT,NON-TARGET,0
S0371,T01,TUMIDENT,TARGET,0
S0371,T02,TUMIDENT,TARGET,0
S0371,T03,TUMIDENT,TARGET,0
S0371,T04,TUMIDENT,TARGET,0
S0371,NT01,TUMIDENT,NON-TARGET,0
S0371,NT02,TUMIDENT,NON-TARGET,0
S0371,NT03,TUMIDENT,NON-TARGET,0
S0375,T01,TUMIDENT,TARGET,0
S0375,T02,TUMIDENT,TARGET,0
S0375,NT01,TUMIDENT,NON-TARGET,0
S0375,NT02,TUMIDENT,NON-TARGET,0
S0376,T01,TUMIDENT,TARGET,0
S0376,NT01,TUMIDENT,NON-TARGET,0
S0376,NT02,TUMIDENT,NON-TARGET,0
S0376,NT03,TUMIDENT,NON-TARGET,0
S0378,T01,TUMIDENT,TARGET,0
S0378,T02,TUMIDENT,TARGET,0
S0378,T03,TUMIDENT,TARGET,0
S0378,NT01,TUMIDENT,NON-TARGET,0
S0378,NT02,TUMIDENT,NON-TARGET,0
S0378,NT03,TUMIDENT,NON-TARGET,0
S0381,T01,TUMIDENT,TARGET,0
S0381,T02,TUMIDENT,TARGET,0
S0381,T03,TUMIDENT,TARGET,0
S0381,T04,TUMIDENT,TARGET,0
S0381,NT01,TUMIDENT,NON-TARGET,0
S0381,NT02,TUMIDENT,NON-TARGET,0
S0381,NT03,TUMIDENT,NON-TARGET,0
S0383,T01,TUMIDENT,TARGET,0
S0383,T02,TUMIDENT,TARGET,0
S0383,NT01,TUMIDENT,NON-TARGET,0
S0387,T01,TUMIDENT,TARGET,0
S0387,T02,TUMIDENT,TARGET,0
S0387,T03,TUMIDENT,TARGET,0
S0387,T04,TUMIDENT,TARGET,0
S0387,NT01,TUMIDENT,NON-TARGET,0
S0389,T01,TUMIDENT,TARGET,0
S0389,T02,TUMIDENT,TARGET,0
S0389,T03,TUMIDENT,TARGET,0
S0389,T04,TUMIDENT,TARGET,0
S0389,T05,TUMIDENT,TARGET,0
S0389,NT01,TUMIDENT,NON-TARGET,0
S0389,NT02,TUMIDENT,NON-TARGET,0
S0389,NT03,TUMIDENT,NON-TARGET,0
S0390,T01,TUMIDENT,TARGET,0
S0390,T02,TUMIDENT,TARGET,0
S0390,T03,TUMIDENT,TARGET,0
S0390,T04,TUMIDENT,TARGET,0
S0390,NT01,TUMIDENT,NON-TARGET,0
S0390,NT02,TUMIDENT,NON-TARGET,0
S0391,T01,TUMIDENT,TARGET,0
S0391,NT01,TUMIDENT,NON-TARGET,0
S0396,T01,TUMIDENT,TARGET,0
S0396,T02,TUMIDENT,TARGET,0
S0396,NT01,TUMIDENT,NON-TARGET,0
S0396,NT02,TUMIDENT,NON-TARGET,0
S0397,T01,TUMIDENT,TARGET,0
S0397,T02,TUMIDENT,TARGET,0
S0397,T03,TUMIDENT,TARGET,0
S0397,T04,TUMIDENT,TARGET,0
S0397,NT01,TUMIDENT,NON-TARGET,0
S0397,NT02,TUMIDENT,NON-TARGET,0
S0399,T01,TUMIDENT,TARGET,0
S0399,T02,TUMIDENT,TARGET,0
S0399,T03,TUMIDENT,TARGET,0
S0399,NT01,TUMIDENT,NON-TARGET,0
S0399,NT02,TUMIDENT,NON-TARGET,0
S0402,T01,TUMIDENT,TARGET,0
S0402,T02,TUMIDENT,TARGET,0
S0402,NT01,TUMIDENT,NON-TARGET,0
S0403,T01,TUMIDENT,TARGET,0
S0403,T02,TUMIDENT,TARGET,0
S0403,NT01,TUMIDENT,NON-TARGET,0
S0403,NT02,TUMIDENT,NON-TARGET,0
S0403,NT03,TUMIDENT,NON-TARGET,0
S0404,T01,TUMIDENT,TARGET,0
S0404,NT01,TUMIDENT,NON-TARGET,0
S0404,NT02,TUMIDENT,NON-TARGET,0
S0404,NT03,TUMIDENT,NON-TARGET,0
S0407,T01,TUMIDENT,TARGET,0
S0407,T02,TUMIDENT,TARGET,0
S0407,T03,TUMIDENT,TARGET,0
S0407,NT01,TUMIDENT,NON-TARGET,0
S0407,NT02,TUMIDENT,NON-TARGET,0
S0409,T01,TUMIDENT,TARGET,0
S0409,T02,TUMIDENT,TARGET,0
S0409,T03,TUMIDENT,TARGET,0
S0409,T04,TUMIDENT,TARGET,0
S0409,NT01,TUMIDENT,NON-TARGET,0
S0413,T01,TUMIDENT,TARGET,0
S0413,T02,TUMIDENT,TARGET,0
S0413,NT01,TUMIDENT,NON-TARGET,0
S0413,NT02,TUMIDENT,NON-TARGET,0
S0413,NT03,TUMIDENT,NON-TARGET,0
S0414,T01,TUMIDENT,TARGET,0
S0414,NT01,TUMIDENT,NON-TARGET,0
S0415,T01,TUMIDENT,TARGET,0
S0415,T02,TUMIDENT,TARGET,0
S0416,T01,TUMIDENT,TARGET,0
S0416,T02,TUMIDENT,TARGET,0
S0416,T03,TUMIDENT,TARGET,0
S0418,T01,TUMIDENT,TARGET,0
S0418,T02,TUMIDENT,TARGET,0
S0418,T03,TUMIDENT,TARGET,0
S0418,T04,TUMIDENT,TARGET,0
S0418,NT01,TUMIDENT,NON-TARGET,0
S0418,NT02,TUMIDENT,NON-TARGET,0
S0423,T01,TUMIDENT,TARGET,0
S0423,T02,TUMIDENT,TARGET,0
S0423,T03,TUMIDENT,TARGET,0
S0423,NT01,TUMIDENT,NON-TARGET,0
S0423,NT02,TUMIDENT,NON-TARGET,0
S0424,T01,TUMIDENT,TARGET,0
S0424,T02,TUMIDENT,TARGET,0
S0428,T01,TUMIDENT,TARGET,0
S0430,T01,TUMIDENT,TARGET,0
S0430,T02,TUMIDENT,TARGET,0
S0430,T03,TUMIDENT,TARGET,0
S0430,T04,TUMIDENT,TARGET,0
S0430,NT01,TUMIDENT,NON-TARGET,0
S0430,NT02,TUMIDENT,NON-TARGET,0
S0431,T01,TUMIDENT,TARGET,0
S0431,T02,TUMIDENT,TARGET,0
S0431,T03,TUMIDENT,TARGET,0
S0431,T04,TUMIDENT,TARGET,0
S0431,T05,TUMIDENT,TARGET,0
S0432,T01,TUMIDENT,TARGET,0
S0432,T02,TUMIDENT,TARGET,0
S0432,T03,TUMIDENT,TARGET,0
S0432,T04,TUMIDENT,TARGET,0
S0433,T01,TUMIDENT,TARGET,0
S0433,T02,TUMIDENT,TARGET,0
S0433,T03,TUMIDENT,TARGET,0
S0433,NT01,TUMIDENT,NON-TARGET,0
S0436,T01,TUMIDENT,TARGET,0
S0436,T02,TUMIDENT,TARGET,0
S0436,NT01,TUMIDENT,NON-TARGET,0
S0436,NT02,TUMIDENT,NON-TARGET,0
S0436,NT03,TUMIDENT,NON-TARGET,0
S0437,T01,TUMIDENT,TARGET,0
S0437,T02,TUMIDENT,TARGET,0
S0437,NT01,TUMIDENT,NON-TARGET,0
S0438,T01,TUMIDENT,TARGET,0
S0438,T02,TUMIDENT,TARGET,0
S0438,T03,TUMIDENT,TARGET,0
S0438,T04,TUMIDENT,TARGET,0
S0438,NT01,TUMIDENT,NON-TARGET,0
S0439,T01,TUMIDENT,TARGET,0
S0439,NT01,TUMIDENT,NON-TARGET,0
S0439,NT02,TUMIDENT,NON-TARGET,0
S0442,T01,TUMIDENT,TARGET,0
S0442,T02,TUMIDENT,TARGET,0
S0442,T03,TUMIDENT,TARGET,0
S0442,NT01,TUMIDENT,NON-TARGET,0
S0443,T01,TUMIDENT,TARGET,0
S0443,T02,TUMIDENT,TARGET,0
S0443,T03,TUMIDENT,TARGET,0
S0443,T04,TUMIDENT,TARGET,0
S0443,NT01,TUMIDENT,NON-TARGET,0
S0443,NT02,TUMIDENT,NON-TARGET,0
S0443,NT03,TUMIDENT,NON-TARGET,0
S0446,T01,TUMIDENT,TARGET,0
S0446,T02,TUMIDENT,TARGET,0
S0446,T03,TUMIDENT,TARGET,0
S0446,T04,TUMIDENT,TARGET,0
S0446,NT01,TUMIDENT,NON-TARGET,0
S0446,NT02,TUMIDENT,NON-TARGET,0
S0448,T01,TUMIDENT,TARGET,0
S0448,T02,TUMIDENT,TARGET,0
S0448,T03,TUMIDENT,TARGET,0
S0448,NT01,TUMIDENT,NON-TARGET,0
S0456,T01,TUMIDENT,TARGET,0
S0456,T02,TUMIDENT,TARGET,0
S0456,NT01,TUMIDENT,NON-TARGET,0
S0458,T01,TUMIDENT,TARGET,0
S0458,T02,TUMIDENT,TARGET,0
S0458,T03,TUMIDENT,TARGET,0
S0458,NT01,TUMIDENT,NON-TARGET,0
S0458,NT02,TUMIDENT,NON-TARGET,0
S0459,T01,TUMIDENT,TARGET,0
S0459,T02,TUMIDENT,TARGET,0
S0459,T03,TUMIDENT,TARGET,0
S0459,NT01,TUMIDENT,NON-TARGET,0
