STUDYID,USUBJID,ARMCD,AGE,SEX,RACE,ETHNIC,RFSTDTC_DAY,ENROLLMENT_DAY
X396-CLI-101,S0001,ARM5,57.17,female,unknown_or_not_reported,not_hispanic_or_latino,1,8.8
X396-CLI-101,S0002,ARM8,64.38,male,black_or_african_american,not_hispanic_or_latino,1,100.3
X396-CLI-101,S0003,ARM3,79.5,female,black_or_african_american,not_hispanic_or_latino,1,210.9
X396-CLI-101,S0004,ARM5,60.55,male,white,not_hispanic_or_latino,1,257.3
X396-CLI-101,S0005,ARM4,61.38,male,white,not_hispanic_or_latino,1,336.9
X396-CLI-101,S0006,ARM5,50.99,male,white,not_hispanic_or_latino,1,354.2
X396-CLI-101,S0007,ARM3,58.61,female,white,not_hispanic_or_latino,1,473.5
X396-CLI-101,S0008,ARM5,61.18,male,asian,not_hispanic_or_latino,1,498.4
X396-CLI-101,S0009,ARM4,68.48,female,black_or_african_american,unknown_or_not_reported,1,512.5
X396-CLI-101,S0010,ARM4,46.7,female,asian,not_hispanic_or_latino,1,520.5
X396-CLI-101,S0011,ARM4,78.91,male,white,not_hispanic_or_latino,1,584.8
X396-CLI-101,S0012,ARM3,58.52,male,white,not_hispanic_or_latino,1,635.4
X396-CLI-101,S0013,ARM3,79.75,female,black_or_african_american,not_hispanic_or_latino,1,658.2
X396-CLI-101,S0014,ARM5,71.85,female,white,not_hispanic_or_latino,1,762.7
X396-CLI-101,S0015,ARM5,49.06,female,white,not_hispanic_or_latino,1,790.7
X396-CLI-101,S0016,ARM3,54.95,male,white,not_hispanic_or_latino,1,803.7
X396-CLI-101,S0017,ARM3,58.67,female,unknown_or_not_reported,not_hispanic_or_latino,1,806.3
X396-CLI-101,S0018,ARM4,50.52,female,white,hispanic_or_latino,1,808.6
X396-CLI-101,S0019,ARM8,73.93,female,white,not_hispanic_or_latino,1,860.7
X396-CLI-101,S0020,ARM3,62.76,male,white,not_hispanic_or_latino,1,933.9
X396-CLI-101,S0021,ARM4,62.22,male,asian,not_hispanic_or_latino,1,962.5
X396-CLI-101,S0022,ARM8,48.19,male,white,not_hispanic_or_latino,1,974.9
X396-CLI-101,S0023,ARM5,77.08,male,white,not_hispanic_or_latino,1,980.1
X396-CLI-101,S0024,ARM4,56.82,female,white,not_hispanic_or_latino,1,1027.9
X396-CLI-101,S0025,ARM4,67.29,male,white,not_hispanic_or_latino,1,1053.7
X396-CLI-101,S0026,ARM4,63.3,female,white,not_hispanic_or_latino,1,1167.3
X396-CLI-101,S0027,ARM8,62.19,male,black_or_african_american,hispanic_or_latino,1,1175.1
X396-CLI-101,S0028,ARM8,61.73,male,white,not_hispanic_or_latino,1,1179.6
X396-CLI-101,S0029,ARM5,70.14,female,unknown_or_not_reported,hispanic_or_latino,1,1191.4
X396-CLI-101,S0030,ARM5,70.24,male,white,not_hispanic_or_latino,1,1220.9
X396-CLI-101,S0031,ARM3,54.16,male,white,not_hispanic_or_latino,1,1224.4
X396-CLI-101,S0032,ARM5,75.52,male,white,not_hispanic_or_latino,1,1225.8
X396-CLI-101,S0033,ARM8,66.75,female,asian,not_hispanic_or_latino,1,1294.1
X396-CLI-101,S0034,ARM4,70.88,male,white,not_hispanic_or_latino,1,1343.6
X396-CLI-101,S0035,ARM4,84.51,female,white,not_hispanic_or_latino,1,1384.9
X396-CLI-101,S0036,ARM8,60.64,female,white,not_hispanic_or_latino,1,1481.9
X396-CLI-101,S0037,ARM8,62.55,male,white,not_hispanic_or_latino,1,1487.0
X396-CLI-101,S0038,ARM5,52.29,female,white,not_hispanic_or_latino,1,1526.3
X396-CLI-101,S0039,ARM8,58.27,male,white,not_hispanic_or_latino,1,1534.1
X396-CLI-101,S0040,ARM3,68.03,female,unknown_or_not_reported,not_hispanic_or_latino,1,1547.1
X396-CLI-101,S0041,ARM8,52.16,male,white,not_hispanic_or_latino,1,1598.1
X396-CLI-101,S0042,ARM4,47.26,male,white,not_hispanic_or_latino,1,1615.0
X396-CLI-101,S0043,ARM3,58.1,female,asian,not_hispanic_or_latino,1,1695.8
X396-CLI-101,S0044,ARM3,76.33,female,white,hispanic_or_latino,1,1766.7
X396-CLI-101,S0045,ARM8,60.7,male,white,not_hispanic_or_latino,1,1817.8
X396-CLI-101,S0046,ARM4,60.91,male,white,not_hispanic_or_latino,1,1852.8
X396-CLI-101,S0047,ARM4,56.58,female,white,not_hispanic_or_latino,1,1913.7
X396-CLI-101,S0048,ARM5,51.41,male,white,not_hispanic_or_latino,1,1927.4
X396-CLI-101,S0049,ARM8,51.93,male,asian,not_hispanic_or_latino,1,1958.3
X396-CLI-101,S0050,ARM8,81.4,female,white,not_hispanic_or_latino,1,1969.6
X396-CLI-101,S0051,ARM3,72.03,female,white,not_hispanic_or_latino,1,2037.8
X396-CLI-101,S0052,ARM5,60.33,female,white,not_hispanic_or_latino,1,2043.4
X396-CLI-101,S0053,ARM4,55.98,male,white,not_hispanic_or_latino,1,2099.7
X396-CLI-101,S0054,ARM3,56.7,female,white,not_hispanic_or_latino,1,2129.8
X396-CLI-101,S0055,ARM5,50.39,male,white,not_hispanic_or_latino,1,2144.8
X396-CLI-101,S0056,ARM4,71.68,male,white,not_hispanic_or_latino,1,2159.9
X396-CLI-101,S0057,ARM8,56.32,female,white,not_hispanic_or_latino,1,2171.3
X396-CLI-101,S0058,ARM4,54.81,male,black_or_african_american,not_hispanic_or_latino,1,2237.4
X396-CLI-101,S0059,ARM4,66.09,female,black_or_african_american,not_hispanic_or_latino,1,2460.4
X396-CLI-101,S0060,ARM4,50.51,female,white,not_hispanic_or_latino,1,2592.6
X396-CLI-101,S0061,ARM4,62.09,female,asian,not_hispanic_or_latino,1,2607.5
X396-CLI-101,S0062,ARM4,53.7,female,white,not_hispanic_or_latino,1,2619.9
X396-CLI-101,S0063,ARM4,61.83,female,white,not_hispanic_or_latino,1,2757.3
X396-CLI-101,S0064,ARM5,54.05,male,white,hispanic_or_latino,1,2788.2
X396-CLI-101,S0065,ARM3,47.29,male,white,not_hispanic_or_latino,1,2789.6
X396-CLI-101,S0066,ARM5,51.8,female,white,not_hispanic_or_latino,1,2817.7
X396-CLI-101,S0067,ARM3,56.42,male,white,not_hispanic_or_latino,1,2826.9
X396-CLI-101,S0068,ARM4,74.68,female,white,not_hispanic_or_latino,1,2837.6
X396-CLI-101,S0069,ARM5,67.38,male,white,not_hispanic_or_latino,1,2854.6
X396-CLI-101,S0070,ARM5,73.91,male,unknown_or_not_reported,not_hispanic_or_latino,1,2864.7
X396-CLI-101,S0071,ARM4,73.73,male,white,hispanic_or_latino,1,2911.2
X396-CLI-101,S0072,ARM5,71.16,female,white,not_hispanic_or_latino,1,2911.6
X396-CLI-101,S0073,ARM3,66.26,male,white,not_hispanic_or_latino,1,2958.7
X396-CLI-101,S0074,ARM3,56.57,female,white,not_hispanic_or_latino,1,2999.3
X396-CLI-101,S0075,ARM5,53.51,male,white,not_hispanic_or_latino,1,3009.0
X396-CLI-101,S0076,ARM3,67.29,male,white,not_hispanic_or_latino,1,3056.9
X396-CLI-101,S0077,ARM5,37.93,male,black_or_african_american,not_hispanic_or_latino,1,3152.5
X396-CLI-101,S0078,ARM3,53.77,female,asian,not_hispanic_or_latino,1,3168.6
X396-CLI-101,S0079,ARM8,47.87,female,white,not_hispanic_or_latino,1,3252.1
X396-CLI-101,S0080,ARM5,62.33,male,white,not_hispanic_or_latino,1,3263.5
X396-CLI-101,S0081,ARM8,50.33,male,white,not_hispanic_or_latino,1,3290.3
X396-CLI-101,S0082,ARM3,53.51,male,white,not_hispanic_or_latino,1,3314.2
X396-CLI-101,S0083,ARM4,62.59,male,white,not_hispanic_or_latino,1,3344.0
X396-CLI-101,S0084,ARM5,55.42,female,white,not_hispanic_or_latino,1,3347.3
X396-CLI-101,S0085,ARM5,44.89,male,black_or_african_american,not_hispanic_or_latino,1,3360.1
X396-CLI-101,S0086,ARM4,58.38,male,white,not_hispanic_or_latino,1,3403.3
X396-CLI-101,S0087,ARM3,43.97,male,white,unknown_or_not_reported,1,3447.1
X396-CLI-101,S0088,ARM8,53.65,male,black_or_african_american,not_hispanic_or_latino,1,3465.9
X396-CLI-101,S0089,ARM5,60.36,female,white,not_hispanic_or_latino,1,3683.1
X396-CLI-101,S0090,ARM5,75.17,male,asian,unknown_or_not_reported,1,3758.6
X396-CLI-101,S0091,ARM3,71.8,female,white,not_hispanic_or_latino,1,3864.5
X396-CLI-101,S0092,ARM5,50.3,female,more_than_one_race,not_hispanic_or_latino,1,3889.3
X396-CLI-101,S0093,ARM8,50.02,female,white,not_hispanic_or_latino,1,3934.6
X396-CLI-101,S0094,ARM4,54.8,male,asian,not_hispanic_or_latino,1,3972.4
X396-CLI-101,S0095,ARM8,56.62,male,unknown_or_not_reported,not_hispanic_or_latino,1,3988.1
X396-CLI-101,S0096,ARM3,74.23,female,white,unknown_or_not_reported,1,3989.7
X396-CLI-101,S0097,ARM4,56.33,female,white,not_hispanic_or_latino,1,4004.6
X396-CLI-101,S0098,ARM8,68.66,female,white,unknown_or_not_reported,1,4072.3
X396-CLI-101,S0099,ARM3,71.69,male,white,not_hispanic_or_latino,1,4086.1
X396-CLI-101,S0100,ARM8,57.8,female,white,unknown_or_not_reported,1,4244.3
X396-CLI-101,S0101,ARM4,75.84,male,white,not_hispanic_or_latino,1,4260.1
X396-CLI-101,S0102,ARM8,66.64,male,white,not_hispanic_or_latino,1,4359.7
X396-CLI-101,S0103,ARM3,60.34,male,white,unknown_or_not_reported,1,4388.8
X396-CLI-101,S0104,ARM3,47.45,male,white,not_hispanic_or_latino,1,4456.0
X396-CLI-101,S0105,ARM5,36.91,female,black_or_african_american,not_hispanic_or_latino,1,4512.4
X396-CLI-101,S0106,ARM5,50.09,female,white,not_hispanic_or_latino,1,4552.7
X396-CLI-101,S0107,ARM4,57.87,male,white,not_hispanic_or_latino,1,4632.7
X396-CLI-101,S0108,ARM8,52.89,male,white,not_hispanic_or_latino,1,4654.1
X396-CLI-101,S0109,ARM5,72.07,female,white,not_hispanic_or_latino,1,4683.9
X396-CLI-101,S0110,ARM5,71.42,male,white,not_hispanic_or_latino,1,4743.2
X396-CLI-101,S0111,ARM4,63.71,female,white,not_hispanic_or_latino,1,4817.8
X396-CLI-101,S0112,ARM4,59.71,male,black_or_african_american,not_hispanic_or_latino,1,4872.6
X396-CLI-101,S0113,ARM3,74.03,male,white,hispanic_or_latino,1,4993.0
X396-CLI-101,S0114,ARM8,59.71,female,white,unknown_or_not_reported,1,5052.8
X396-CLI-101,S0115,ARM3,68.57,female,white,not_hispanic_or_latino,1,5060.4
X396-CLI-101,S0116,ARM4,52.43,female,white,not_hispanic_or_latino,1,5071.7
X396-CLI-101,S0117,ARM8,51.99,female,white,hispanic_or_latino,1,5092.8
X396-CLI-101,S0118,ARM3,72.29,male,white,not_hispanic_or_latino,1,5122.9
X396-CLI-101,S0119,ARM5,46.4,male,white,not_hispanic_or_latino,1,5130.4
X396-CLI-101,S0120,ARM5,61.28,male,white,not_hispanic_or_latino,1,5138.8
X396-CLI-101,S0121,ARM4,53.17,female,white,not_hispanic_or_latino,1,5198.6
X396-CLI-101,S0122,ARM4,70.89,female,asian,not_hispanic_or_latino,1,5233.3
X396-CLI-101,S0123,ARM4,63.75,male,white,not_hispanic_or_latino,1,5272.2
X396-CLI-101,S0124,ARM8,38.73,female,native_hawaiian_or_other_pacific_islander,not_hispanic_or_latino,1,5275.8
X396-CLI-101,S0125,ARM5,56.87,female,white,not_hispanic_or_latino,1,5351.5
X396-CLI-101,S0126,ARM4,55.78,female,white,hispanic_or_latino,1,5352.8
X396-CLI-101,S0127,ARM4,60.94,male,white,not_hispanic_or_latino,1,5404.8
X396-CLI-101,S0128,ARM4,59.68,female,black_or_african_american,not_hispanic_or_latino,1,5429.9
X396-CLI-101,S0129,ARM4,65.02,female,asian,not_hispanic_or_latino,1,5432.5
X396-CLI-101,S0130,ARM5,53.98,female,white,hispanic_or_latino,1,5442.2
X396-CLI-101,S0131,ARM3,70.11,male,white,not_hispanic_or_latino,1,5475.8
X396-CLI-101,S0132,ARM4,63.93,male,black_or_african_american,not_hispanic_or_latino,1,5626.6
X396-CLI-101,S0133,ARM3,36.71,male,white,not_hispanic_or_latino,1,5676.5
X396-CLI-101,S0134,ARM3,56.43,female,asian,not_hispanic_or_latino,1,5687.4
X396-CLI-101,S0135,ARM8,70.78,female,white,not_hispanic_or_latino,1,5794.5
X396-CLI-101,S0136,ARM8,46.33,male,asian,not_hispanic_or_latino,1,5856.6
X396-CLI-101,S0137,ARM3,59.78,male,white,not_hispanic_or_latino,1,5879.5
X396-CLI-101,S0138,ARM5,42.02,male,asian,not_hispanic_or_latino,1,5938.1
X396-CLI-101,S0139,ARM4,63.93,male,white,not_hispanic_or_latino,1,6032.0
X396-CLI-101,S0140,ARM4,45.41,female,unknown_or_not_reported,not_hispanic_or_latino,1,6124.0
X396-CLI-101,S0141,ARM3,51.85,female,white,not_hispanic_or_latino,1,6138.2
X396-CLI-101,S0142,ARM4,58.16,female,white,not_hispanic_or_latino,1,6303.4
X396-CLI-101,S0143,ARM4,64.56,female,white,not_hispanic_or_latino,1,6396.3
X396-CLI-101,S0144,ARM3,68.36,female,asian,hispanic_or_latino,1,6400.7
X396-CLI-101,S0145,ARM4,75.48,male,asian,not_hispanic_or_latino,1,6411.2
X396-CLI-101,S0146,ARM8,58.98,male,unknown_or_not_reported,not_hispanic_or_latino,1,6495.6
X396-CLI-101,S0147,ARM3,72.11,female,white,not_hispanic_or_latino,1,6499.0
X396-CLI-101,S0148,ARM5,59.72,male,white,not_hispanic_or_latino,1,6551.0
X396-CLI-101,S0149,ARM4,77.78,female,white,not_hispanic_or_latino,1,6616.4
X396-CLI-101,S0150,ARM5,64.88,male,asian,not_hispanic_or_latino,1,6704.5
X396-CLI-101,S0151,ARM8,68.8,male,white,not_hispanic_or_latino,1,6810.7
X396-CLI-101,S0152,ARM8,59.58,female,asian,not_hispanic_or_latino,1,6820.6
X396-CLI-101,S0153,ARM3,61.39,male,white,not_hispanic_or_latino,1,6829.8
X396-CLI-101,S0154,ARM3,56.26,male,asian,not_hispanic_or_latino,1,6862.4
X396-CLI-101,S0155,ARM5,45.59,male,white,not_hispanic_or_latino,1,6900.5
X396-CLI-101,S0156,ARM5,39.28,male,white,not_hispanic_or_latino,1,6906.8
X396-CLI-101,S0157,ARM5,50.9,female,asian,not_hispanic_or_latino,1,6912.9
X396-CLI-101,S0158,ARM4,64.04,male,white,not_hispanic_or_latino,1,6914.8
X396-CLI-101,S0159,ARM4,53.87,male,white,not_hispanic_or_latino,1,6975.8
X396-CLI-101,S0160,ARM4,57.2,male,white,hispanic_or_latino,1,7059.6
X396-CLI-101,S0161,ARM3,65.07,female,white,not_hispanic_or_latino,1,7104.9
X396-CLI-101,S0162,ARM5,60.46,female,asian,not_hispanic_or_latino,1,7279.8
X396-CLI-101,S0163,ARM3,52.28,male,white,not_hispanic_or_latino,1,7316.9
X396-CLI-101,S0164,ARM5,68.8,female,white,not_hispanic_or_latino,1,7375.6
X396-CLI-101,S0165,ARM4,73.45,female,white,not_hispanic_or_latino,1,7489.4
X396-CLI-101,S0166,ARM3,64.06,female,white,not_hispanic_or_latino,1,7561.6
X396-CLI-101,S0167,ARM5,77.52,female,white,not_hispanic_or_latino,1,7588.7
X396-CLI-101,S0168,ARM4,56.53,female,white,not_hispanic_or_latino,1,7649.9
X396-CLI-101,S0169,ARM5,73.95,female,white,not_hispanic_or_latino,1,7718.9
X396-CLI-101,S0170,ARM5,73.32,female,white,not_hispanic_or_latino,1,7727.0
X396-CLI-101,S0171,ARM4,77.46,male,black_or_african_american,not_hispanic_or_latino,1,7747.6
X396-CLI-101,S0172,ARM8,63.38,female,asian,not_hispanic_or_latino,1,7789.4
X396-CLI-101,S0173,ARM3,50.46,male,white,not_hispanic_or_latino,1,7819.9
X396-CLI-101,S0174,ARM4,40.16,male,white,not_hispanic_or_latino,1,7832.9
X396-CLI-101,S0175,ARM3,70.31,female,white,not_hispanic_or_latino,1,7839.7
X396-CLI-101,S0176,ARM3,62.13,male,white,not_hispanic_or_latino,1,7918.4
X396-CLI-101,S0177,ARM4,41.3,male,white,not_hispanic_or_latino,1,7934.6
X396-CLI-101,S0178,ARM3,48.98,male,white,not_hispanic_or_latino,1,8105.9
X396-CLI-101,S0179,ARM5,57.64,female,white,not_hispanic_or_latino,1,8132.1
X396-CLI-101,S0180,ARM4,54.47,female,white,not_hispanic_or_latino,1,8134.6
X396-CLI-101,S0181,ARM8,63.19,male,white,not_hispanic_or_latino,1,8148.6
X396-CLI-101,S0182,ARM8,40.75,female,white,not_hispanic_or_latino,1,8157.2
X396-CLI-101,S0183,ARM5,48.01,female,white,not_hispanic_or_latino,1,8192.9
X396-CLI-101,S0184,ARM3,53.06,female,asian,not_hispanic_or_latino,1,8288.3
X396-CLI-101,S0185,ARM5,55.2,female,black_or_african_american,not_hispanic_or_latino,1,8301.7
X396-CLI-101,S0186,ARM5,81.09,female,white,not_hispanic_or_latino,1,8324.4
X396-CLI-101,S0187,ARM5,63.62,male,unknown_or_not_reported,not_hispanic_or_latino,1,8388.6
X396-CLI-101,S0188,ARM3,46.29,male,white,not_hispanic_or_latino,1,8403.3
X396-CLI-101,S0189,ARM3,64.75,male,black_or_african_american,not_hispanic_or_latino,1,8423.4
X396-CLI-101,S0190,ARM3,74.69,male,white,not_hispanic_or_latino,1,8507.2
