USUBJID,ARM,AETERM,AESER,SOURCE
S0001,ARM1,decrease_in_appetite,N,safety_v3:RESOLVED
S0001,ARM1,alopecia,N,safety_v3:RESOLVED
S0001,ARM1,anorexia,N,safety_v3:RESOLVED
S0001,ARM1,aspartate_aminotransferase_increased,N,safety_v3:RESOLVED
S0001,ARM1,edema,N,safety_v3:RESOLVED
S0002,ARM1,decrease_in_appetite,N,safety_v3:RESOLVED
S0002,ARM1,constipation,N,safety_v3:RESOLVED
S0002,ARM1,headache,N,safety_v3:RESOLVED
S0002,ARM1,alopecia,N,safety_v3:RESOLVED
S0002,ARM1,anorexia,N,safety_v3:RESOLVED
S0002,ARM1,peripheral_edema,N,safety_v3:RESOLVED
S0002,ARM1,edema,N,safety_v3:RESOLVED
S0003,ARM1,decrease_in_appetite,N,safety_v3:RESOLVED
S0003,ARM1,headache,N,safety_v3:RESOLVED
S0003,ARM1,alopecia,N,safety_v3:RESOLVED
S0003,ARM1,anorexia,N,safety_v3:RESOLVED
S0003,ARM1,aspartate_aminotransferase_increased,N,safety_v3:RESOLVED
S0003,ARM1,febrile_neutropenia,N,safety_v3:RESOLVED
S0003,ARM1,edema,N,safety_v3:RESOLVED
S0004,ARM1,decrease_in_appetite,N,safety_v3:RESOLVED
S0004,ARM1,constipation,N,safety_v3:RESOLVED
S0004,ARM1,alopecia,N,safety_v3:RESOLVED
S0004,ARM1,anorexia,N,safety_v3:RESOLVED
S0004,ARM1,peripheral_edema,N,safety_v3:RESOLVED
S0004,ARM1,aspartate_aminotransferase_increased,N,safety_v3:RESOLVED
S0004,ARM1,edema,N,safety_v3:RESOLVED
S0004,ARM1,leukocytes,N,safety_v3:RESOLVED
S0004,ARM1,hyperglycemia,N,safety_v3:RESOLVED
S0004,ARM1,fever,Y,safety_v3:RESOLVED
S0006,ARM1,decrease_in_appetite,N,safety_v3:RESOLVED
S0006,ARM1,constipation,N,safety_v3:RESOLVED
S0006,ARM1,headache,N,safety_v3:RESOLVED
S0006,ARM1,asthenia,N,safety_v3:RESOLVED
S0006,ARM1,alopecia,N,safety_v3:RESOLVED
S0006,ARM1,anemia,N,safety_v3:RESOLVED
S0006,ARM1,anorexia,N,safety_v3:RESOLVED
S0006,ARM1,aspartate_aminotransferase_increased,N,safety_v3:RESOLVED
S0006,ARM1,alanine_aminotransferase_increased,N,safety_v3:RESOLVED
S0006,ARM1,febrile_neutropenia,N,safety_v3:RESOLVED
S0006,ARM1,edema,N,safety_v3:RESOLVED
S0006,ARM1,dysgeusia,N,safety_v3:RESOLVED
S0006,ARM1,leukocytes,N,safety_v3:RESOLVED
S0006,ARM1,xerostomia,N,safety_v3:RESOLVED
S0006,ARM1,rash_erythematous_macules_or_papules,N,safety_v3:RESOLVED
S0006,ARM1,hyperglycemia,N,safety_v3:RESOLVED
S0006,ARM1,fever,Y,safety_v3:RESOLVED
S0007,ARM1,headache,N,safety_v3:RESOLVED
S0007,ARM1,alopecia,N,safety_v3:RESOLVED
S0007,ARM1,anemia,N,safety_v3:RESOLVED
S0007,ARM1,anorexia,N,safety_v3:RESOLVED
S0007,ARM1,abdominal_pain,N,safety_v3:RESOLVED
S0007,ARM1,decreased_platelet_count,N,safety_v3:RESOLVED
S0007,ARM1,aspartate_aminotransferase_increased,N,safety_v3:RESOLVED
S0007,ARM1,febrile_neutropenia,N,safety_v3:RESOLVED
S0007,ARM1,edema,N,safety_v3:RESOLVED
S0008,ARM1,fatigue,N,safety_v3:RESOLVED
S0008,ARM1,headache,N,safety_v3:RESOLVED
S0008,ARM1,alopecia,N,safety_v3:RESOLVED
S0008,ARM1,anorexia,N,safety_v3:RESOLVED
S0008,ARM1,coughing,N,safety_v3:RESOLVED
S0008,ARM1,aspartate_aminotransferase_increased,N,safety_v3:RESOLVED
S0008,ARM1,edema,N,safety_v3:RESOLVED
S0008,ARM1,pneumonia,Y,safety_v3:RESOLVED
S0009,ARM1,alopecia,N,safety_v3:RESOLVED
S0010,ARM1,alopecia,N,safety_v3:RESOLVED
S0010,ARM1,anorexia,N,safety_v3:RESOLVED
S0010,ARM1,peripheral_edema,N,safety_v3:RESOLVED
S0010,ARM1,aspartate_aminotransferase_increased,N,safety_v3:RESOLVED
S0010,ARM1,febrile_neutropenia,N,safety_v3:RESOLVED
S0010,ARM1,edema,N,safety_v3:RESOLVED
S0011,ARM1,headache,N,safety_v3:RESOLVED
S0011,ARM1,alopecia,N,safety_v3:RESOLVED
S0011,ARM1,anorexia,N,safety_v3:RESOLVED
S0011,ARM1,aspartate_aminotransferase_increased,N,safety_v3:RESOLVED
S0011,ARM1,edema,N,safety_v3:RESOLVED
S0012,ARM1,fatigue,N,safety_v3:RESOLVED
S0012,ARM1,decrease_in_appetite,N,safety_v3:RESOLVED
S0012,ARM1,alopecia,N,safety_v3:RESOLVED
S0012,ARM1,anemia,N,safety_v3:RESOLVED
S0012,ARM1,abdominal_pain,N,safety_v3:RESOLVED
S0012,ARM1,peripheral_edema,N,safety_v3:RESOLVED
S0012,ARM1,edema,N,safety_v3:RESOLVED
S0012,ARM1,pneumonia,Y,safety_v3:RESOLVED
S0013,ARM1,decrease_in_appetite,N,safety_v3:RESOLVED
S0013,ARM1,anorexia,N,safety_v3:RESOLVED
S0013,ARM1,decreased_platelet_count,N,safety_v3:RESOLVED
S0013,ARM1,aspartate_aminotransferase_increased,N,safety_v3:RESOLVED
S0014,ARM1,fatigue,N,safety_v3:RESOLVED
S0014,ARM1,decrease_in_appetite,N,safety_v3:RESOLVED
S0014,ARM1,diarrhea,N,safety_v3:RESOLVED
S0014,ARM1,headache,N,safety_v3:RESOLVED
S0014,ARM1,alopecia,N,safety_v3:RESOLVED
S0014,ARM1,anorexia,N,safety_v3:RESOLVED
S0014,ARM1,aspartate_aminotransferase_increased,N,safety_v3:RESOLVED
S0014,ARM1,febrile_neutropenia,N,safety_v3:RESOLVED
S0014,ARM1,edema,N,safety_v3:RESOLVED
S0014,ARM1,xerostomia,N,safety_v3:RESOLVED
S0014,ARM1,pneumonia,Y,safety_v3:RESOLVED
S0015,ARM1,fatigue,N,safety_v3:RESOLVED
S0015,ARM1,vomiting,N,safety_v3:RESOLVED
S0015,ARM1,decrease_in_appetite,N,safety_v3:RESOLVED
S0015,ARM1,constipation,N,safety_v3:RESOLVED
S0015,ARM1,diarrhea,N,safety_v3:RESOLVED
S0015,ARM1,pain,N,safety_v3:RESOLVED
S0015,ARM1,headache,N,safety_v3:RESOLVED
S0015,ARM1,asthenia,N,safety_v3:RESOLVED
S0015,ARM1,alopecia,N,safety_v3:RESOLVED
S0015,ARM1,fever,N,safety_v3:RESOLVED
S0015,ARM1,anemia,N,safety_v3:RESOLVED
S0015,ARM1,anorexia,N,safety_v3:RESOLVED
S0015,ARM1,arthralgia,N,safety_v3:RESOLVED
S0015,ARM1,abdominal_pain,N,safety_v3:RESOLVED
S0015,ARM1,decreased_platelet_count,N,safety_v3:RESOLVED
S0015,ARM1,peripheral_edema,N,safety_v3:RESOLVED
S0015,ARM1,aspartate_aminotransferase_increased,N,safety_v3:RESOLVED
S0015,ARM1,febrile_neutropenia,N,safety_v3:RESOLVED
S0015,ARM1,dyspnea,N,safety_v3:RESOLVED
S0015,ARM1,edema,N,safety_v3:RESOLVED
S0015,ARM1,dysgeusia,N,safety_v3:RESOLVED
S0015,ARM1,xerostomia,N,safety_v3:RESOLVED
S0015,ARM1,rash_erythematous_macules_or_papules,N,safety_v3:RESOLVED
S0015,ARM1,white_blood_cell_count_decreased,N,safety_v3:RESOLVED
S0015,ARM1,hyperglycemia,N,safety_v3:RESOLVED
S0016,ARM1,fatigue,N,safety_v3:RESOLVED
S0016,ARM1,vomiting,N,safety_v3:RESOLVED
S0016,ARM1,decrease_in_appetite,N,safety_v3:RESOLVED
S0016,ARM1,headache,N,safety_v3:RESOLVED
S0016,ARM1,alopecia,N,safety_v3:RESOLVED
S0016,ARM1,anemia,N,safety_v3:RESOLVED
S0016,ARM1,decreased_platelet_count,N,safety_v3:RESOLVED
S0016,ARM1,aspartate_aminotransferase_increased,N,safety_v3:RESOLVED
S0016,ARM1,edema,N,safety_v3:RESOLVED
S0017,ARM1,decrease_in_appetite,N,safety_v3:RESOLVED
S0017,ARM1,alopecia,N,safety_v3:RESOLVED
S0017,ARM1,anemia,N,safety_v3:RESOLVED
S0017,ARM1,anorexia,N,safety_v3:RESOLVED
S0017,ARM1,aspartate_aminotransferase_increased,N,safety_v3:RESOLVED
S0017,ARM1,febrile_neutropenia,N,safety_v3:RESOLVED
S0017,ARM1,dyspnea,N,safety_v3:RESOLVED
S0017,ARM1,edema,N,safety_v3:RESOLVED
S0017,ARM1,dysgeusia,N,safety_v3:RESOLVED
