USUBJID,RSTEST,RSORRES,RSDY,VISIT
S0014,overall response,progressive disease,88,unscheduled
S0018,overall response,progressive disease,145,unscheduled
S0036,overall response,progressive disease,144,unscheduled
S0039,overall response,progressive disease,87,unscheduled
S0041,overall response,progressive disease,59,unscheduled
S0045,overall response,progressive disease,6,unscheduled
S0051,overall response,progressive disease,21,unscheduled
S0062,overall response,progressive disease,97,unscheduled
S0063,overall response,progressive disease,25,unscheduled
S0068,overall response,progressive disease,41,unscheduled
S0071,overall response,progressive disease,56,unscheduled
S0074,overall response,progressive disease,73,unscheduled
S0088,overall response,progressive disease,143,unscheduled
S0089,overall response,progressive disease,139,unscheduled
S0095,overall response,progressive disease,114,unscheduled
S0098,overall response,progressive disease,59,unscheduled
S0100,overall response,progressive disease,38,unscheduled
S0104,overall response,progressive disease,61,unscheduled
S0105,overall response,progressive disease,81,unscheduled
S0107,overall response,progressive disease,65,unscheduled
S0112,overall response,progressive disease,61,unscheduled
S0115,overall response,progressive disease,61,unscheduled
S0132,overall response,progressive disease,46,unscheduled
S0135,overall response,progressive disease,83,unscheduled
S0137,overall response,progressive disease,20,unscheduled
S0149,overall response,progressive disease,120,unscheduled
S0155,overall response,progressive disease,19,unscheduled
S0158,overall response,progressive disease,163,unscheduled
S0174,overall response,progressive disease,73,unscheduled
S0194,overall response,progressive disease,160,unscheduled
S0198,overall response,progressive disease,152,unscheduled
S0205,overall response,progressive disease,24,unscheduled
S0215,overall response,progressive disease,138,unscheduled
S0216,overall response,progressive disease,104,unscheduled
S0217,overall response,progressive disease,144,unscheduled
S0221,overall response,progressive disease,13,unscheduled
S0228,overall response,progressive disease,48,unscheduled
S0242,overall response,progressive disease,25,unscheduled
S0258,overall response,progressive disease,69,unscheduled
S0259,overall response,progressive disease,20,unscheduled
S0262,overall response,progressive disease,64,unscheduled
S0269,overall response,progressive disease,143,unscheduled
S0272,overall response,progressive disease,151,unscheduled
S0273,overall response,progressive disease,164,unscheduled
S0280,overall response,progressive disease,63,unscheduled
S0284,overall response,progressive disease,64,unscheduled
S0287,overall response,progressive disease,98,unscheduled
S0292,overall response,progressive disease,162,unscheduled
S0299,overall response,progressive disease,14,unscheduled
S0300,overall response,progressive disease,112,unscheduled
S0303,overall response,progressive disease,24,unscheduled
S0305,overall response,progressive disease,12,unscheduled
S0316,overall response,progressive disease,162,unscheduled
S0323,overall response,progressive disease,100,unscheduled
S0324,overall response,progressive disease,92,unscheduled
S0327,overall response,progressive disease,130,unscheduled
S0337,overall response,progressive disease,5,unscheduled
S0346,overall response,progressive disease,111,unscheduled
S0374,overall response,progressive disease,73,unscheduled
S0380,overall response,progressive disease,58,unscheduled
S0383,overall response,progressive disease,41,unscheduled
S0387,overall response,progressive disease,105,unscheduled
