USUBJID,ARM,PARAMCD,EFFECT_ASSUMED,HR_ASSUMED,AVAL_YEARS,CNSR
S0001,ARM1,EFS,no effect,1.0,1.4277,0
S0006,ARM1,EFS,no effect,1.0,0.2665,0
S0010,ARM1,EFS,no effect,1.0,0.5863,0
S0017,ARM1,EFS,no effect,1.0,0.2611,0
S0020,ARM1,EFS,no effect,1.0,0.2094,0
S0022,ARM1,EFS,no effect,1.0,0.021,0
S0024,ARM1,EFS,no effect,1.0,0.7525,0
S0025,ARM1,EFS,no effect,1.0,2.58,0
S0026,ARM1,EFS,no effect,1.0,0.6133,0
S0038,ARM1,EFS,no effect,1.0,0.7812,0
S0039,ARM1,EFS,no effect,1.0,1.1883,0
S0045,ARM1,EFS,no effect,1.0,0.4214,0
S0046,ARM1,EFS,no effect,1.0,0.4094,0
S0050,ARM1,EFS,no effect,1.0,0.3104,0
S0052,ARM1,EFS,no effect,1.0,0.2665,0
S0053,ARM1,EFS,no effect,1.0,0.7352,0
S0060,ARM1,EFS,no effect,1.0,0.352,0
S0072,ARM1,EFS,no effect,1.0,0.7717,0
S0073,ARM1,EFS,no effect,1.0,0.8951,0
S0074,ARM1,EFS,no effect,1.0,0.0602,0
S0081,ARM1,EFS,no effect,1.0,0.1845,0
S0088,ARM1,EFS,no effect,1.0,0.141,0
S0091,ARM1,EFS,no effect,1.0,1.563,0
S0093,ARM1,EFS,no effect,1.0,0.0082,0
S0095,ARM1,EFS,no effect,1.0,0.479,0
S0102,ARM1,EFS,no effect,1.0,0.4836,0
S0106,ARM1,EFS,no effect,1.0,0.0648,0
S0110,ARM1,EFS,no effect,1.0,0.455,0
S0118,ARM1,EFS,no effect,1.0,0.1066,0
S0123,ARM1,EFS,no effect,1.0,0.1668,0
S0129,ARM1,EFS,no effect,1.0,0.3788,0
S0134,ARM1,EFS,no effect,1.0,0.2811,0
S0137,ARM1,EFS,no effect,1.0,0.9374,0
S0140,ARM1,EFS,no effect,1.0,0.8715,0
S0142,ARM1,EFS,no effect,1.0,0.3007,0
S0144,ARM1,EFS,no effect,1.0,0.2469,0
S0145,ARM1,EFS,no effect,1.0,0.6302,0
S0153,ARM1,EFS,no effect,1.0,0.8777,0
S0156,ARM1,EFS,no effect,1.0,0.412,0
S0159,ARM1,EFS,no effect,1.0,0.2632,0
S0162,ARM1,EFS,no effect,1.0,0.4258,0
S0170,ARM1,EFS,no effect,1.0,0.1942,0
S0172,ARM1,EFS,no effect,1.0,0.0278,0
S0175,ARM1,EFS,no effect,1.0,0.0115,0
S0178,ARM1,EFS,no effect,1.0,0.5475,0
S0179,ARM1,EFS,no effect,1.0,0.404,0
S0185,ARM1,EFS,no effect,1.0,0.2926,0
S0190,ARM1,EFS,no effect,1.0,0.2226,0
S0192,ARM1,EFS,no effect,1.0,0.1008,0
S0196,ARM1,EFS,no effect,1.0,1.059,0
S0198,ARM1,EFS,no effect,1.0,0.0834,0
S0199,ARM1,EFS,no effect,1.0,0.3239,0
S0201,ARM1,EFS,no effect,1.0,0.0438,0
S0205,ARM1,EFS,no effect,1.0,0.1516,0
S0206,ARM1,EFS,no effect,1.0,0.516,0
S0209,ARM1,EFS,no effect,1.0,0.0835,0
S0213,ARM1,EFS,no effect,1.0,0.1805,0
S0216,ARM1,EFS,no effect,1.0,0.1287,0
S0217,ARM1,EFS,no effect,1.0,0.873,0
S0220,ARM1,EFS,no effect,1.0,0.082,0
S0222,ARM1,EFS,no effect,1.0,0.8644,0
S0224,ARM1,EFS,no effect,1.0,0.6099,0
S0230,ARM1,EFS,no effect,1.0,0.3655,0
S0237,ARM1,EFS,no effect,1.0,0.2737,0
S0243,ARM1,EFS,no effect,1.0,1.4371,0
S0244,ARM1,EFS,no effect,1.0,0.1673,0
S0251,ARM1,EFS,no effect,1.0,0.0679,0
S0256,ARM1,EFS,no effect,1.0,0.7217,0
S0259,ARM1,EFS,no effect,1.0,1.0639,0
S0261,ARM1,EFS,no effect,1.0,0.0969,0
S0263,ARM1,EFS,no effect,1.0,0.2208,0
S0265,ARM1,EFS,no effect,1.0,0.8993,0
S0273,ARM1,EFS,no effect,1.0,0.1299,0
S0274,ARM1,EFS,no effect,1.0,0.0568,0
S0275,ARM1,EFS,no effect,1.0,0.0212,0
S0279,ARM1,EFS,no effect,1.0,0.1356,0
S0280,ARM1,EFS,no effect,1.0,0.532,0
S0282,ARM1,EFS,no effect,1.0,0.1756,0
S0288,ARM1,EFS,no effect,1.0,0.4427,0
S0289,ARM1,EFS,no effect,1.0,0.2245,0
S0290,ARM1,EFS,no effect,1.0,0.2034,0
S0292,ARM1,EFS,no effect,1.0,0.8004,0
S0294,ARM1,EFS,no effect,1.0,0.3183,0
S0299,ARM1,EFS,no effect,1.0,0.1844,0
S0301,ARM1,EFS,no effect,1.0,0.3623,0
S0304,ARM1,EFS,no effect,1.0,0.2562,0
S0305,ARM1,EFS,no effect,1.0,0.037,0
S0312,ARM1,EFS,no effect,1.0,0.1608,0
S0320,ARM1,EFS,no effect,1.0,0.1626,0
S0322,ARM1,EFS,no effect,1.0,0.3642,0
S0325,ARM1,EFS,no effect,1.0,0.1349,0
S0336,ARM1,EFS,no effect,1.0,0.3971,0
S0338,ARM1,EFS,no effect,1.0,0.0466,0
S0342,ARM1,EFS,no effect,1.0,0.4319,0
S0346,ARM1,EFS,no effect,1.0,0.944,0
S0348,ARM1,EFS,no effect,1.0,0.6534,0
S0350,ARM1,EFS,no effect,1.0,0.0034,0
S0352,ARM1,EFS,no effect,1.0,0.1963,0
S0353,ARM1,EFS,no effect,1.0,0.9133,0
S0361,ARM1,EFS,no effect,1.0,0.0004,0
S0363,ARM1,EFS,no effect,1.0,0.2425,0
S0367,ARM1,EFS,no effect,1.0,0.1343,0
S0370,ARM1,EFS,no effect,1.0,0.4224,0
S0372,ARM1,EFS,no effect,1.0,0.3061,0
S0003,ARM2,EFS,no effect,1.0,0.0329,0
S0016,ARM2,EFS,no effect,1.0,0.1645,0
S0018,ARM2,EFS,no effect,1.0,0.5067,0
S0019,ARM2,EFS,no effect,1.0,0.1464,0
S0027,ARM2,EFS,no effect,1.0,1.0353,0
S0029,ARM2,EFS,no effect,1.0,0.0748,0
S0030,ARM2,EFS,no effect,1.0,0.2066,0
S0036,ARM2,EFS,no effect,1.0,0.9029,0
S0055,ARM2,EFS,no effect,1.0,1.275,0
S0059,ARM2,EFS,no effect,1.0,0.0773,0
S0062,ARM2,EFS,no effect,1.0,0.9933,0
S0065,ARM2,EFS,no effect,1.0,0.1503,0
S0068,ARM2,EFS,no effect,1.0,0.2785,0
S0070,ARM2,EFS,no effect,1.0,0.3624,0
S0071,ARM2,EFS,no effect,1.0,0.1074,0
S0077,ARM2,EFS,no effect,1.0,0.0281,0
S0078,ARM2,EFS,no effect,1.0,1.5427,0
S0082,ARM2,EFS,no effect,1.0,0.0886,0
S0084,ARM2,EFS,no effect,1.0,0.071,0
S0085,ARM2,EFS,no effect,1.0,0.3159,0
S0089,ARM2,EFS,no effect,1.0,0.512,0
S0094,ARM2,EFS,no effect,1.0,0.4324,0
S0098,ARM2,EFS,no effect,1.0,0.0291,0
S0099,ARM2,EFS,no effect,1.0,1.1195,0
S0100,ARM2,EFS,no effect,1.0,0.1358,0
S0104,ARM2,EFS,no effect,1.0,1.1621,0
S0114,ARM2,EFS,no effect,1.0,0.0904,0
S0115,ARM2,EFS,no effect,1.0,0.5718,0
S0117,ARM2,EFS,no effect,1.0,0.9568,0
S0120,ARM2,EFS,no effect,1.0,0.293,0
S0124,ARM2,EFS,no effect,1.0,0.1,0
S0125,ARM2,EFS,no effect,1.0,0.446,0
S0133,ARM2,EFS,no effect,1.0,0.2712,0
S0141,ARM2,EFS,no effect,1.0,0.151,0
S0151,ARM2,EFS,no effect,1.0,0.003,0
S0155,ARM2,EFS,no effect,1.0,0.3044,0
S0160,ARM2,EFS,no effect,1.0,0.5522,0
S0164,ARM2,EFS,no effect,1.0,0.3223,0
S0173,ARM2,EFS,no effect,1.0,0.0664,0
S0176,ARM2,EFS,no effect,1.0,0.1066,0
S0177,ARM2,EFS,no effect,1.0,1.1459,0
S0183,ARM2,EFS,no effect,1.0,0.0078,0
S0184,ARM2,EFS,no effect,1.0,0.8251,0
S0186,ARM2,EFS,no effect,1.0,1.0112,0
S0191,ARM2,EFS,no effect,1.0,0.7559,0
S0193,ARM2,EFS,no effect,1.0,0.1641,0
S0197,ARM2,EFS,no effect,1.0,0.1442,0
S0204,ARM2,EFS,no effect,1.0,0.0207,0
S0208,ARM2,EFS,no effect,1.0,0.5289,0
S0210,ARM2,EFS,no effect,1.0,0.3126,0
S0212,ARM2,EFS,no effect,1.0,0.5153,0
S0215,ARM2,EFS,no effect,1.0,0.4555,0
S0218,ARM2,EFS,no effect,1.0,0.0723,0
S0219,ARM2,EFS,no effect,1.0,0.1845,0
S0221,ARM2,EFS,no effect,1.0,0.0274,0
S0227,ARM2,EFS,no effect,1.0,0.3448,0
S0228,ARM2,EFS,no effect,1.0,0.0905,0
S0231,ARM2,EFS,no effect,1.0,0.1044,0
S0234,ARM2,EFS,no effect,1.0,0.1244,0
S0235,ARM2,EFS,no effect,1.0,0.1074,0
S0241,ARM2,EFS,no effect,1.0,0.0434,0
S0242,ARM2,EFS,no effect,1.0,0.2288,0
S0245,ARM2,EFS,no effect,1.0,0.0738,0
S0248,ARM2,EFS,no effect,1.0,1.2825,0
S0266,ARM2,EFS,no effect,1.0,0.9986,0
S0277,ARM2,EFS,no effect,1.0,0.2101,0
S0285,ARM2,EFS,no effect,1.0,0.1934,0
S0287,ARM2,EFS,no effect,1.0,0.1114,0
S0295,ARM2,EFS,no effect,1.0,0.2953,0
S0311,ARM2,EFS,no effect,1.0,0.4745,0
S0313,ARM2,EFS,no effect,1.0,0.0611,0
S0321,ARM2,EFS,no effect,1.0,0.0326,0
S0324,ARM2,EFS,no effect,1.0,0.7674,0
S0326,ARM2,EFS,no effect,1.0,1.0107,0
S0327,ARM2,EFS,no effect,1.0,0.5851,0
S0328,ARM2,EFS,no effect,1.0,0.0179,0
S0329,ARM2,EFS,no effect,1.0,0.3516,0
S0333,ARM2,EFS,no effect,1.0,0.1999,0
S0334,ARM2,EFS,no effect,1.0,0.1349,0
S0337,ARM2,EFS,no effect,1.0,0.2246,0
S0340,ARM2,EFS,no effect,1.0,0.4998,0
S0354,ARM2,EFS,no effect,1.0,0.1889,0
S0355,ARM2,EFS,no effect,1.0,0.0126,0
S0356,ARM2,EFS,no effect,1.0,0.775,0
S0357,ARM2,EFS,no effect,1.0,0.7027,0
S0359,ARM2,EFS,no effect,1.0,0.0074,0
S0365,ARM2,EFS,no effect,1.0,0.1076,0
S0002,ARM3,EFS,no effect,1.0,0.1337,0
S0004,ARM3,EFS,no effect,1.0,0.7967,0
S0007,ARM3,EFS,no effect,1.0,0.2292,0
S0008,ARM3,EFS,no effect,1.0,0.1081,0
S0021,ARM3,EFS,no effect,1.0,0.1362,0
S0034,ARM3,EFS,no effect,1.0,1.8771,0
S0035,ARM3,EFS,no effect,1.0,0.0018,0
S0047,ARM3,EFS,no effect,1.0,0.6187,0
S0048,ARM3,EFS,no effect,1.0,0.7108,0
S0056,ARM3,EFS,no effect,1.0,0.7533,0
S0058,ARM3,EFS,no effect,1.0,0.1414,0
S0061,ARM3,EFS,no effect,1.0,0.132,0
S0066,ARM3,EFS,no effect,1.0,0.2061,0
S0067,ARM3,EFS,no effect,1.0,0.5639,0
S0069,ARM3,EFS,no effect,1.0,0.6212,0
S0075,ARM3,EFS,no effect,1.0,0.0323,0
S0080,ARM3,EFS,no effect,1.0,0.8361,0
S0087,ARM3,EFS,no effect,1.0,1.0102,0
S0096,ARM3,EFS,no effect,1.0,0.3275,0
S0105,ARM3,EFS,no effect,1.0,0.5481,0
S0108,ARM3,EFS,no effect,1.0,0.1822,0
S0109,ARM3,EFS,no effect,1.0,0.6378,0
S0112,ARM3,EFS,no effect,1.0,0.2105,0
S0119,ARM3,EFS,no effect,1.0,1.2693,0
S0121,ARM3,EFS,no effect,1.0,0.9258,0
S0128,ARM3,EFS,no effect,1.0,0.3985,0
S0136,ARM3,EFS,no effect,1.0,0.2125,0
S0139,ARM3,EFS,no effect,1.0,0.0234,0
S0148,ARM3,EFS,no effect,1.0,0.1887,0
S0152,ARM3,EFS,no effect,1.0,0.2376,0
S0157,ARM3,EFS,no effect,1.0,0.1393,0
S0163,ARM3,EFS,no effect,1.0,0.3087,0
S0168,ARM3,EFS,no effect,1.0,0.2323,0
S0171,ARM3,EFS,no effect,1.0,0.7898,0
S0181,ARM3,EFS,no effect,1.0,0.7624,0
S0182,ARM3,EFS,no effect,1.0,0.1258,0
S0194,ARM3,EFS,no effect,1.0,0.2561,0
S0195,ARM3,EFS,no effect,1.0,0.051,0
S0200,ARM3,EFS,no effect,1.0,0.0116,0
S0202,ARM3,EFS,no effect,1.0,0.3601,0
S0211,ARM3,EFS,no effect,1.0,0.1658,0
S0214,ARM3,EFS,no effect,1.0,0.5707,0
S0225,ARM3,EFS,no effect,1.0,0.8425,0
S0233,ARM3,EFS,no effect,1.0,0.5133,0
S0236,ARM3,EFS,no effect,1.0,0.1257,0
S0239,ARM3,EFS,no effect,1.0,0.1841,0
S0246,ARM3,EFS,no effect,1.0,0.2559,0
S0249,ARM3,EFS,no effect,1.0,0.0197,0
S0254,ARM3,EFS,no effect,1.0,0.3017,0
S0257,ARM3,EFS,no effect,1.0,0.6661,0
S0258,ARM3,EFS,no effect,1.0,0.1528,0
S0260,ARM3,EFS,no effect,1.0,0.2524,0
S0262,ARM3,EFS,no effect,1.0,0.4632,0
S0268,ARM3,EFS,no effect,1.0,0.5592,0
S0269,ARM3,EFS,no effect,1.0,0.1167,0
S0270,ARM3,EFS,no effect,1.0,0.2578,0
S0272,ARM3,EFS,no effect,1.0,0.6167,0
S0276,ARM3,EFS,no effect,1.0,1.0254,0
S0281,ARM3,EFS,no effect,1.0,0.0245,0
S0283,ARM3,EFS,no effect,1.0,0.5761,0
S0286,ARM3,EFS,no effect,1.0,0.7724,0
S0293,ARM3,EFS,no effect,1.0,0.0769,0
S0296,ARM3,EFS,no effect,1.0,0.0316,0
S0297,ARM3,EFS,no effect,1.0,0.0209,0
S0298,ARM3,EFS,no effect,1.0,0.1512,0
S0300,ARM3,EFS,no effect,1.0,0.3925,0
S0302,ARM3,EFS,no effect,1.0,0.3403,0
S0303,ARM3,EFS,no effect,1.0,1.4545,0
S0306,ARM3,EFS,no effect,1.0,0.1113,0
S0307,ARM3,EFS,no effect,1.0,0.3198,0
S0308,ARM3,EFS,no effect,1.0,0.1052,0
S0309,ARM3,EFS,no effect,1.0,0.1632,0
S0310,ARM3,EFS,no effect,1.0,0.0605,0
S0314,ARM3,EFS,no effect,1.0,0.386,0
S0315,ARM3,EFS,no effect,1.0,0.6446,0
S0318,ARM3,EFS,no effect,1.0,0.0233,0
S0319,ARM3,EFS,no effect,1.0,0.0734,0
S0323,ARM3,EFS,no effect,1.0,0.8493,0
S0331,ARM3,EFS,no effect,1.0,0.1429,0
S0335,ARM3,EFS,no effect,1.0,0.5323,0
S0341,ARM3,EFS,no effect,1.0,0.8239,0
S0343,ARM3,EFS,no effect,1.0,0.7833,0
S0344,ARM3,EFS,no effect,1.0,1.2669,0
S0345,ARM3,EFS,no effect,1.0,0.196,0
S0360,ARM3,EFS,no effect,1.0,0.3258,0
S0368,ARM3,EFS,no effect,1.0,0.2476,0
S0371,ARM3,EFS,no effect,1.0,0.8916,0
S0005,ARM4,EFS,no effect,1.0,0.0438,0
S0009,ARM4,EFS,no effect,1.0,0.357,0
S0011,ARM4,EFS,no effect,1.0,0.3505,0
S0012,ARM4,EFS,no effect,1.0,0.014,0
S0013,ARM4,EFS,no effect,1.0,0.41,0
S0014,ARM4,EFS,no effect,1.0,0.0413,0
S0015,ARM4,EFS,no effect,1.0,2.0044,0
S0023,ARM4,EFS,no effect,1.0,0.518,0
S0028,ARM4,EFS,no effect,1.0,0.2136,0
S0031,ARM4,EFS,no effect,1.0,0.213,0
S0032,ARM4,EFS,no effect,1.0,0.092,0
S0033,ARM4,EFS,no effect,1.0,0.7455,0
S0037,ARM4,EFS,no effect,1.0,0.3541,0
S0040,ARM4,EFS,no effect,1.0,0.5772,0
S0041,ARM4,EFS,no effect,1.0,0.5216,0
S0042,ARM4,EFS,no effect,1.0,0.0802,0
S0043,ARM4,EFS,no effect,1.0,0.1387,0
S0044,ARM4,EFS,no effect,1.0,0.9181,0
S0049,ARM4,EFS,no effect,1.0,0.3844,0
S0051,ARM4,EFS,no effect,1.0,0.0455,0
S0054,ARM4,EFS,no effect,1.0,0.5525,0
S0057,ARM4,EFS,no effect,1.0,1.4259,0
S0063,ARM4,EFS,no effect,1.0,0.5657,0
S0064,ARM4,EFS,no effect,1.0,0.0812,0
S0076,ARM4,EFS,no effect,1.0,0.0148,0
S0079,ARM4,EFS,no effect,1.0,0.1407,0
S0083,ARM4,EFS,no effect,1.0,0.5323,0
S0086,ARM4,EFS,no effect,1.0,0.1512,0
S0090,ARM4,EFS,no effect,1.0,0.3272,0
S0092,ARM4,EFS,no effect,1.0,0.0282,0
S0097,ARM4,EFS,no effect,1.0,0.1688,0
S0101,ARM4,EFS,no effect,1.0,0.9799,0
S0103,ARM4,EFS,no effect,1.0,0.076,0
S0107,ARM4,EFS,no effect,1.0,0.1981,0
S0111,ARM4,EFS,no effect,1.0,0.5479,0
S0113,ARM4,EFS,no effect,1.0,0.3782,0
S0116,ARM4,EFS,no effect,1.0,0.185,0
S0122,ARM4,EFS,no effect,1.0,0.1157,0
S0126,ARM4,EFS,no effect,1.0,0.2349,0
S0127,ARM4,EFS,no effect,1.0,2.6115,0
S0130,ARM4,EFS,no effect,1.0,0.4596,0
S0131,ARM4,EFS,no effect,1.0,1.2956,0
S0132,ARM4,EFS,no effect,1.0,0.0669,0
S0135,ARM4,EFS,no effect,1.0,0.1055,0
S0138,ARM4,EFS,no effect,1.0,0.1943,0
S0143,ARM4,EFS,no effect,1.0,0.1319,0
S0146,ARM4,EFS,no effect,1.0,1.0895,0
S0147,ARM4,EFS,no effect,1.0,0.5667,0
S0149,ARM4,EFS,no effect,1.0,0.0265,0
S0150,ARM4,EFS,no effect,1.0,0.6041,0
S0154,ARM4,EFS,no effect,1.0,0.2711,0
S0158,ARM4,EFS,no effect,1.0,0.0322,0
S0161,ARM4,EFS,no effect,1.0,0.4237,0
S0165,ARM4,EFS,no effect,1.0,0.0695,0
S0166,ARM4,EFS,no effect,1.0,0.0607,0
S0167,ARM4,EFS,no effect,1.0,0.0698,0
S0169,ARM4,EFS,no effect,1.0,0.7787,0
S0174,ARM4,EFS,no effect,1.0,0.6724,0
S0180,ARM4,EFS,no effect,1.0,0.4162,0
S0187,ARM4,EFS,no effect,1.0,0.7969,0
S0188,ARM4,EFS,no effect,1.0,0.3057,0
S0189,ARM4,EFS,no effect,1.0,0.1729,0
S0203,ARM4,EFS,no effect,1.0,0.0185,0
S0207,ARM4,EFS,no effect,1.0,1.0116,0
S0223,ARM4,EFS,no effect,1.0,0.1613,0
S0226,ARM4,EFS,no effect,1.0,0.8244,0
S0229,ARM4,EFS,no effect,1.0,0.56,0
S0232,ARM4,EFS,no effect,1.0,0.2619,0
S0238,ARM4,EFS,no effect,1.0,0.0185,0
S0240,ARM4,EFS,no effect,1.0,0.1084,0
S0247,ARM4,EFS,no effect,1.0,0.2482,0
S0250,ARM4,EFS,no effect,1.0,0.5909,0
S0252,ARM4,EFS,no effect,1.0,1.5646,0
S0253,ARM4,EFS,no effect,1.0,1.2371,0
S0255,ARM4,EFS,no effect,1.0,0.2427,0
S0264,ARM4,EFS,no effect,1.0,0.4993,0
S0267,ARM4,EFS,no effect,1.0,0.1661,0
S0271,ARM4,EFS,no effect,1.0,0.0651,0
S0278,ARM4,EFS,no effect,1.0,0.2984,0
S0284,ARM4,EFS,no effect,1.0,0.434,0
S0291,ARM4,EFS,no effect,1.0,0.0634,0
S0316,ARM4,EFS,no effect,1.0,0.4138,0
S0317,ARM4,EFS,no effect,1.0,0.6635,0
S0330,ARM4,EFS,no effect,1.0,0.6821,0
S0332,ARM4,EFS,no effect,1.0,0.1057,0
S0339,ARM4,EFS,no effect,1.0,0.1194,0
S0347,ARM4,EFS,no effect,1.0,0.0291,0
S0349,ARM4,EFS,no effect,1.0,1.1497,0
S0351,ARM4,EFS,no effect,1.0,0.1702,0
S0358,ARM4,EFS,no effect,1.0,0.3543,0
S0362,ARM4,EFS,no effect,1.0,0.0734,0
S0364,ARM4,EFS,no effect,1.0,0.2916,0
S0366,ARM4,EFS,no effect,1.0,0.9353,0
S0369,ARM4,EFS,no effect,1.0,0.2162,0
