source,quantity,n,median,mean,sd,p10,p25,p50,p75,p90
design,generated,100,10000.0,10000.0,0.0,10000.0,10000.0,10000.0,10000.0,10000.0
design,eligible_pct,100,78.71,78.7033,0.013337499349161298,78.69,78.69,78.71,78.71,78.72
design,screened_to_target,100,66.0,66.2,4.037701116109302,61.0,63.0,66.0,69.0,72.0
design,enrol_days_to_target,100,1735.35,1759.7120000000004,244.93949089107662,1487.76,1584.225,1735.35,1862.475,2097.7500000000005
design,participants_enrolled,100,52.0,52.0,0.0,52.0,52.0,52.0,52.0,52.0
design,completed_all_exposures,100,51.0,51.17,0.7920692756152944,50.0,51.0,51.0,52.0,52.0
design,usable_pairs,100,51.0,51.17,0.7920692756152944,50.0,51.0,51.0,52.0,52.0
design,missing_pairs,100,1.0,0.83,0.7920692756152945,0.0,0.0,1.0,1.0,2.0
design,median_difference,100,9.7696,9.793190000000001,3.437290606485629,5.45144,7.614025,9.7696,11.679,14.05184
design,hodges_lehmann,100,8.9392,9.324273,3.1678936354024314,5.94793,7.176550000000001,8.9392,11.05355,13.551580000000007
design,mean_difference,100,9.1556,9.364042000000001,3.1706007485495604,5.667739999999999,7.5166,9.1556,11.051775,13.784020000000003
design,p_value,100,0.014664815016822791,0.05001239055932634,0.10851562111945837,0.00025687624314766987,0.002389428674546672,0.014664815016822791,0.050501079416978324,0.1023156192030428
literature,generated,100,10000.0,10000.0,0.0,10000.0,10000.0,10000.0,10000.0,10000.0
literature,eligible_pct,100,78.71,78.7033,0.013337499349161298,78.69,78.69,78.71,78.71,78.72
literature,screened_to_target,100,66.0,66.2,4.037701116109302,61.0,63.0,66.0,69.0,72.0
literature,enrol_days_to_target,100,1735.35,1759.7120000000004,244.93949089107662,1487.76,1584.225,1735.35,1862.475,2097.7500000000005
literature,participants_enrolled,100,52.0,52.0,0.0,52.0,52.0,52.0,52.0,52.0
literature,completed_all_exposures,100,51.0,51.17,0.7920692756152944,50.0,51.0,51.0,52.0,52.0
literature,usable_pairs,100,51.0,51.17,0.7920692756152944,50.0,51.0,51.0,52.0,52.0
literature,missing_pairs,100,1.0,0.83,0.7920692756152945,0.0,0.0,1.0,1.0,2.0
literature,median_difference,100,11.8537,11.94234,1.9389375957472226,9.736260000000001,10.684650000000001,11.8537,13.2638,14.64824
literature,hodges_lehmann,100,12.85925,12.727524999999998,1.7595526179194734,10.22222,11.683375000000002,12.85925,14.033575,14.53318
literature,mean_difference,100,13.843399999999999,13.528391999999998,2.2830271880000628,10.181379999999999,11.632124999999998,13.843399999999999,14.9959,15.936250000000003
literature,p_value,100,1.533138727236868e-07,1.081642354640256e-05,3.12308836322802e-05,3.5899201863123186e-09,2.8234348801308618e-08,1.533138727236868e-07,1.6385279805505112e-06,3.657479744049318e-05
prestart,generated,100,10000.0,10000.0,0.0,10000.0,10000.0,10000.0,10000.0,10000.0
prestart,eligible_pct,100,78.71,78.7033,0.013337499349161298,78.69,78.69,78.71,78.71,78.72
prestart,screened_to_target,100,66.0,66.2,4.037701116109302,61.0,63.0,66.0,69.0,72.0
prestart,enrol_days_to_target,100,1735.35,1759.7120000000004,244.93949089107662,1487.76,1584.225,1735.35,1862.475,2097.7500000000005
prestart,participants_enrolled,100,52.0,52.0,0.0,52.0,52.0,52.0,52.0,52.0
prestart,completed_all_exposures,100,51.0,51.17,0.7920692756152944,50.0,51.0,51.0,52.0,52.0
prestart,usable_pairs,100,51.0,51.17,0.7920692756152944,50.0,51.0,51.0,52.0,52.0
prestart,missing_pairs,100,1.0,0.83,0.7920692756152945,0.0,0.0,1.0,1.0,2.0
prestart,median_difference,100,32.18585,31.991600000000002,6.9903509746570585,23.12988,27.050275,32.18585,36.359025,40.15265
prestart,hodges_lehmann,100,40.051550000000006,39.867581,7.690518985451823,30.37428,34.3209,40.051550000000006,43.99615,48.436520000000016
prestart,mean_difference,100,55.577,55.99754299999999,11.168944205108161,41.87834,48.7433,55.577,61.858175,69.56109000000001
prestart,p_value,100,1.1114189666971588e-09,5.55147188946883e-09,2.0040933712375354e-08,5.151434834260727e-13,5.101653240739368e-10,1.1114189666971588e-09,2.5358116064712546e-09,8.492587736199392e-09
