USUBJID,EXTRT,CYCLE,EXDOSE,PLANNED_ADMIN,ACTUAL_ADMIN
S0001-P2,flotufolastat_fluorine,1,296 mbq,9,9
S0002-P2,flotufolastat_fluorine,1,296 mbq,9,9
S0003-P2,flotufolastat_fluorine,1,296 mbq,9,9
S0004-P2,flotufolastat_fluorine,1,296 mbq,9,9
S0005-P2,flotufolastat_fluorine,1,296 mbq,9,9
S0006-P2,flotufolastat_fluorine,1,296 mbq,9,9
S0007-P2,flotufolastat_fluorine,1,296 mbq,9,9
S0008-P2,flotufolastat_fluorine,1,296 mbq,9,9
S0009-P2,flotufolastat_fluorine,1,296 mbq,9,9
S0010-P2,flotufolastat_fluorine,1,296 mbq,9,9
S0011-P2,flotufolastat_fluorine,1,296 mbq,9,9
S0012-P2,flotufolastat_fluorine,1,296 mbq,9,9
S0013-P2,flotufolastat_fluorine,1,296 mbq,9,9
S0014-P2,flotufolastat_fluorine,1,296 mbq,9,9
S0015-P2,flotufolastat_fluorine,1,296 mbq,9,9
S0016-P2,flotufolastat_fluorine,1,296 mbq,9,9
S0017-P2,flotufolastat_fluorine,1,296 mbq,9,9
S0018-P2,flotufolastat_fluorine,1,296 mbq,9,9
S0019-P2,flotufolastat_fluorine,1,296 mbq,9,9
S0020-P2,flotufolastat_fluorine,1,296 mbq,9,9
S0021-P2,flotufolastat_fluorine,1,296 mbq,9,9
S0022-P2,flotufolastat_fluorine,1,296 mbq,9,9
S0023-P2,flotufolastat_fluorine,1,296 mbq,5,5
S0024-P2,flotufolastat_fluorine,1,296 mbq,4,4
S0025-P2,flotufolastat_fluorine,1,296 mbq,9,9
S0026-P2,flotufolastat_fluorine,1,296 mbq,9,9
S0027-P2,flotufolastat_fluorine,1,296 mbq,9,9
S0028-P2,flotufolastat_fluorine,1,296 mbq,9,9
S0029-P2,flotufolastat_fluorine,1,296 mbq,9,9
S0030-P2,flotufolastat_fluorine,1,296 mbq,9,9
S0031-P2,flotufolastat_fluorine,1,296 mbq,9,9
S0032-P2,flotufolastat_fluorine,1,296 mbq,9,9
S0033-P2,flotufolastat_fluorine,1,296 mbq,9,9
S0034-P2,flotufolastat_fluorine,1,296 mbq,9,9
S0035-P2,flotufolastat_fluorine,1,296 mbq,9,9
S0036-P2,flotufolastat_fluorine,1,296 mbq,9,9
S0037-P2,flotufolastat_fluorine,1,296 mbq,9,9
S0038-P2,flotufolastat_fluorine,1,296 mbq,9,9
S0039-P2,flotufolastat_fluorine,1,296 mbq,9,9
S0040-P2,flotufolastat_fluorine,1,296 mbq,9,9
S0041-P2,flotufolastat_fluorine,1,296 mbq,9,9
S0042-P2,flotufolastat_fluorine,1,296 mbq,9,9
S0043-P2,flotufolastat_fluorine,1,296 mbq,9,9
S0044-P2,flotufolastat_fluorine,1,296 mbq,5,5
S0045-P2,flotufolastat_fluorine,1,296 mbq,9,9
S0046-P2,flotufolastat_fluorine,1,296 mbq,9,9
S0047-P2,flotufolastat_fluorine,1,296 mbq,9,9
S0048-P2,flotufolastat_fluorine,1,296 mbq,9,9
S0049-P2,flotufolastat_fluorine,1,296 mbq,9,9
S0050-P2,flotufolastat_fluorine,1,296 mbq,9,9
S0051-P2,flotufolastat_fluorine,1,296 mbq,9,9
S0052-P2,flotufolastat_fluorine,1,296 mbq,9,9
